doc_id,sentence,label,participants_count,interventions_count,outcomes_count
10036953,[ Triple therapy regimens involving H2 blockaders for therapy of Helicobacter pylori infections ] .,outcomes,0,2,4
10036953,Comparison of ranitidine and lansoprazole in short-term low-dose triple therapy for Helicobacter pylori infection .,interventions,0,2,1
10036953,"To evaluate the efficacy and safety of two 1-week low-dose triple-therapy drug regimens involving antisecretory drugs for Helicobacter pylori infection , 99 patients with H. pylori infection were treated with either lansoprazole ( LPZ ) or ranitidine ( RNT ) used together with clarithromycin ( CAM ) and metrinidazole ( MTZ ) .",interventions,4,12,3
10036953,"The drug combination and administration periods in the PPI group were LPZ 30 mg , CAM 400 mg , MTZ 500 mg ( LCM group ) .",interventions,0,3,0
10036953,"The ranitidine group received RNT 300 mg , CAM 400 mg , MTZ 500 mg ( RCM group ) .",interventions,0,4,0
10036953,The cure rate of H. pylori infection was 88 % in the LCM group ; 95 % CI 79-97 and 92 % in the RCM group ; 95 % CI 84-99 .,outcomes,0,2,6
10037531,Xylitol for prevention of acute otitis media .,participants,4,1,0
10052279,Pre-operative short-term pulmonary rehabilitation for patients of chronic obstructive pulmonary disease undergoing coronary artery bypass graft surgery .,interventions,0,10,0
10052279,The role of pre-operative short-term pulmonary rehabilitation in patients with chronic obstructive pulmonary disease who undergo coronary artery bypass graft surgery has been assessed for the first time prospectively .,interventions,0,4,0
10052279,Forty-five patients posted for coronary artery bypass graft surgery were randomised to receive either short-term pulmonary rehabilitation ( group I ) or no such programme ( group II ) .,interventions,1,8,0
10052279,"Patients of both the groups were evenly matched with respect to age , sex , body surface area , duration and severity of chronic obstructive pulmonary disease and coronary artery disease .",none,0,0,0
10052279,Normal individuals who evenly matched with the study group were assessed for normal respiratory function parameters .,none,0,0,0
10052279,"Pre-operative and post-operative peak expiratory flow rate , inspiratory capacity , post-operative ventilation time , post-operative pulmonary complication and hospital stay were determined in both the groups .",outcomes,0,0,17
10052279,"Peak expiratory flow rate ( 220.0 +/- 12.9 and 324.3 +/- 84.3 in group I , 218.0 +/- 16.4 and 260.5 +/- 35.2 in group II ) and inspiratory capacity ( 844.0 +/- 147.4 and 1100.0 +/- 158.1 in group I , 830.0 +/- 117.4 and 1090 +/- 137 in group II ) were significantly lower before and after surgery respectively in both groups compared to normal values .",outcomes,0,0,6
10052279,"Even though both groups showed a significant rise in post-operative peak expiratory flow rate and inspiratory capacity after surgery , the post-operative peak expiratory flow rate and inspiratory capacity in group I was significantly higher than in group II .",outcomes,0,0,18
10052279,"In group I , the post-operative ventilation time ( 24.5 +/- 6.00 hours ) , post-operative complications ( n = 4 ) and hospital stay ( 12.4 +/- 3.6 days ) were significantly lower than in group II ( 35.2 +/- 22.3 hours , n = 11 , 18.8 +/- 6.6 days respectively ) .",outcomes,0,0,7
10052279,These data suggest that short-term pulmonary rehabilitation is feasible and effective in improving pulmonary functions before and after surgery and in reducing surgical morbidity and cost of medical care significantly .,outcomes,0,0,8
10071998,Anesthesia for in vitro fertilization : the addition of fentanyl to 1.5 % lidocaine .,participants,4,3,0
10071998,UNLABELLED Ultrasonically guided transvaginal oocyte retrieval is relatively short procedure that is performed on an out-patient basis .,none,0,0,0
10071998,"The optimal anesthetic technique should allow good surgical anesthesia with minimal side effects , a short recovery time , and , if possible , a high rate of successful pregnancy .",none,0,0,0
10071998,"Spinal anesthesia is often used in this institution , as well as many others , for this procedure .",interventions,0,2,0
10071998,The addition of fentanyl may be effective for both intraoperative and postoperative pain relief .,none,0,0,0
10071998,We assessed the effect of adding fentanyl to 1.5 % lidocaine in women undergoing ultrasonically guided oocyte retrieval .,participants,5,0,0
10071998,Seventy-eight women were randomized to receive 45 mg of hyperbaric 1.5 % lidocaine with or without 10 microg of fentanyl .,interventions,2,15,0
10071998,Visual analog scale ( VAS ) pain scores were lower in the operating room ( OR ) ( P < 0.05 ) and postanesthesia care unit ( PACU ) ( P < 0.0005 ) for the group that received fentanyl .,outcomes,0,0,8
10071998,"In addition , the amount of narcotic required in the PACU was less in the fentanyl group ( P < 0.005 ) .",outcomes,0,0,4
10071998,There was no difference in VAS scores the evening of or 24 h after the procedure .,outcomes,0,0,2
10071998,The amount of analgesics and narcotics required after discharge was the same for both groups .,outcomes,0,0,8
10071998,"Timed variables , such as time to urination , ambulation , and discharge , were the same for both groups of women .",outcomes,0,0,13
10071998,The addition of fentanyl to lidocaine for transvaginal oocyte retrieval results in a more comfortable patient in the OR and PACU .,none,0,0,0
10071998,"IMPLICATIONS This study demonstrates that when fentanyl is added to a local anesthetic , lidocaine , with spinal anesthesia for egg retrieval procedures , patients are more comfortable during the procedure compared with those who receive lidocaine alone .",none,0,0,0
10071998,"In addition , the narcotic requirements of patients are less in the postanesthesia care unit .",none,0,0,0
10073522,Fertility outcome after systemic methotrexate and laparoscopic salpingostomy for tubal pregnancy .,interventions,3,4,0
10075386,Effects of insufficient sleep on blood pressure in hypertensive patients : a 24-h study .,participants,3,2,2
10075386,The influence of acute sleep deprivation during the first part of the night on 24-h blood pressure monitoring ( ABPM ) was studied in 36 never-treated mild to moderate hypertensive patients .,participants,8,4,2
10075386,"According to a crossover design , they were randomized to have either sleep deprivation or a full night 's sleep 1 week apart , during which they were monitored with ABPM .",interventions,0,6,0
10075386,Urine samples for analysis of nocturnal urinary excretion of norepinephrine were collected .,outcomes,0,0,3
10075386,"During the sleep-deprivation day , both mean 24-h blood pressure and mean 24-h heart rate were higher in comparison with those recorded during the routine workday , the difference being more pronounced during the nighttime ( P < .01 ) .",outcomes,0,1,2
10075386,Urinary excretion of norepinephrine showed a significant increase at night during sleep deprivation ( P < .05 ) .,outcomes,0,2,4
10075386,Blood pressure and heart rate significantly increased in the morning after a sleep-insufficient night ( P < .05 ) .,outcomes,0,1,4
10075386,"These data suggest that lack of sleep in hypertensive patients may increase sympathetic nervous activity during the night and the following morning , leading to increased blood pressure and heart rate .",outcomes,0,0,7
10075386,This situation might represent an increased risk for both target organ damage and acute cardiovascular diseases .,outcomes,0,0,10
10077140,Switching patients with asthma from chlorofluorocarbon ( CFC ) albuterol to hydrofluoroalkane-134a ( HFA ) albuterol .,interventions,0,6,0
10077140,Chlorofluorocarbon ( CFC ) propellants deplete stratospheric ozone .,none,0,0,0
10077140,"Production and use of CFCs , except for certain critical exemptions , has been prohibited by the Montreal Protocol .",none,0,0,0
10077140,"Use of CFCs as propellants in metered-dose inhalers ( MDIs ) is still allowed , but the U.S. Food and Drug Administration is planning the transition to alternative propellants for use in MDIs .",none,0,0,0
10077140,"Hydrofluoroalkane-134a ( HFA ) , a non-ozone-depleting propellant , has been used to reformulate albuterol ( HFA albuterol ) .",interventions,0,4,0
10077140,This study evaluates whether comparable safety and efficacy continues for 12 weeks after patients with asthma are switched from CFC albuterol to HFA albuterol .,interventions,0,7,0
10077140,Patients with asthma stabilized on CFC albuterol during a 12-week safety and efficacy trial were randomized to either continue receiving CFC albuterol or to be switched to receive HFA albuterol in a yearlong safety and efficacy trial .,interventions,0,19,0
10077140,Safety and efficacy were compared over the first 12 weeks of the yearlong trial between patients who had remained on CFC albuterol and those who had been switched to HFA albuterol .,outcomes,0,0,3
10077140,Bronchodilator efficacy was evaluated by serial spirometry for 6 hr after the patients self-administered the study drug in the clinic .,outcomes,0,0,4
10077140,"Safety was assessed by measuring changes in pulse rate , blood pressure , and electrocardiogram ( ECG ) intervals after dosing with study drug , monitoring adverse events , and performing prestudy and poststudy laboratory testing and physical examinations .",outcomes,0,0,24
10077140,No significant differences in bronchodilator efficacy between the patients continuing to receive CFC albuterol and those switched to HFA albuterol were found in the 12 weeks after the switch .,interventions,0,2,2
10077140,"No differences between the two products were found for changes in pulse rate , blood pressure , and ECG intervals .",outcomes,0,0,10
10077140,"Adverse event profiles were similar for the two products , except the patients remaining on CFC albuterol reported increased asthma symptoms and rhinitis significantly more often than the patients switched to HFA albuterol .",outcomes,0,0,3
10077140,No clinically meaningful changes in laboratory tests or physical examinations were found in either treatment group .,outcomes,0,0,1
10077140,Patients with asthma switched from CFC albuterol to HFA albuterol receive comparable bronchodilation with a similar safety profile as those continuing to receive CFC albuterol .,interventions,0,2,0
10078672,Behavioral and physiological effects of remifentanil and alfentanil in healthy volunteers .,outcomes,1,2,4
10078672,BACKGROUND The subjective and psychomotor effects of remifentanil have not been evaluated .,outcomes,0,1,4
10078672,"Accordingly , the authors used mood inventories and psychomotor tests to characterize the effects of remifentanil in healthy , non-drug-abusing volunteers .",participants,1,1,0
10078672,Alfentanil was used as a comparator drug .,none,0,0,0
10078672,"METHODS Ten healthy volunteers were enrolled in a randomized , double-blinded , placebo-controlled , crossover trial in which they received an infusion of saline , remifentanil , or alfentanil for 120 min .",interventions,1,4,0
10078672,"The age- and weight-adjusted infusions ( determined with STANPUMP , a computer modeling software package ) were given to achieve three predicted constant plasma levels for 40 min each of remifentanil ( 0.75 , 1.5 , and 3 ng/ml ) and alfentanil ( 16 , 32 , and 64 ng/ml ) .",interventions,0,6,0
10078672,"Mood forms and psychomotor tests were completed , and miosis was assessed , during and after the infusions .",none,0,0,0
10078672,"In addition , analgesia was tested at each dose level using a cold-pressor test .",none,0,0,0
10078672,"RESULTS Remifentanil had prototypic micro-like opioid subjective effects , impaired psychomotor performance , and produced analgesia .",outcomes,0,1,13
10078672,"Alfentanil at the dose range tested had more mild effects on these measures , and the analgesia data indicated that a 40:1 potency ratio , rather than the 20:1 ratio we used , may exist between remifentanil and alfentanil .",outcomes,0,0,1
10078672,"A psychomotor test administered 60 min after the remifentanil infusion was discontinued showed that the volunteers were still impaired , although they reported feeling no drug effects .",none,0,0,0
10078672,CONCLUSIONS The notion that the pharmacodynamic effects of remifentanil are extremely short-lived after the drug is no longer administered must be questioned given our findings that psychomotor effects were still apparent 1 h after the infusion was discontinued .,outcomes,0,1,4
10078673,Comparison of three solutions of ropivacaine/fentanyl for postoperative patient-controlled epidural analgesia .,participants,5,1,0
10078673,"BACKGROUND Ropivacaine , 0.2 % , is a new local anesthetic approved for epidural analgesia .",interventions,0,1,0
10078673,The addition of 4 microg/ml fentanyl improves analgesia from epidural ropivacaine .,interventions,0,1,0
10078673,Use of a lower concentration of ropivacaine-fentanyl may further improve analgesia or decrease side effects .,outcomes,0,1,3
10078673,"METHODS Thirty patients undergoing lower abdominal surgery were randomized in a double-blinded manner to receive one of three solutions : 0.2 % ropivacaine-4 microg fentanyl 0.1 % ropivacaine-2 microg fentanyl , or 0.05 % ropivacaine-1 microg fentanyl for patient-controlled epidural analgesia after standardized combined epidural and general anesthesia .",interventions,8,15,0
10078673,Patient-controlled epidural analgesia settings and adjustments for the three solutions were standardized to deliver equivalent drug doses .,none,0,0,0
10078673,"Pain scores ( rest , cough , and ambulation ) , side effects ( nausea , pruritus , sedation , motor block , hypotension , and orthostasis ) , and patient-controlled epidural analgesia consumption were measured for 48 h. RESULTS All three solutions produced equivalent analgesia .",outcomes,0,0,34
10078673,Motor block was significantly more common ( 30 vs. 0 % ) and more intense with the 0.2 % ropivacaine-4 microg fentanyl solution .,outcomes,0,1,2
10078673,Other side effects were equivalent between solutions and mild in severity .,outcomes,0,0,2
10078673,"A significantly smaller volume of 0.2 % ropivacaine-4 microg fentanyl solution was used , whereas the 0.1 % ropivacaine-2 microg fentanyl group used a significantly greater amount of ropivacaine and fentanyl .",interventions,0,4,0
10078673,CONCLUSIONS Lesser concentrations of ropivacaine and fentanyl provide comparable analgesia with less motor block despite the use of similar amounts of ropivacaine and fentanyl .,interventions,0,2,2
10078673,This finding suggests that concentration of local anesthetic solution at low doses is a primary determinant of motor block with patient-controlled epidural analgesia after lower abdominal surgery .,outcomes,0,0,4
10080319,Masticatory performance and chewing experience with implant-retained mandibular overdentures .,participants,4,0,0
10080319,The relationship between masticatory performance and chewing experience has not yet been explored for patients with implant-retained overdentures .,participants,2,2,0
10080319,"Although many relationships have been found between parameters of objective and subjective oral function , the structure of these relationships remain unclear .",none,0,0,0
10080319,"Therefore , we studied in a randomized clinical trial the relationship between the comminution of an artificial test food , i.e .",none,0,0,0
10080319,"masticatory performance , and the subjective chewing experience .",outcomes,0,8,9
10080319,The trial involved a comparison between two groups receiving implant treatment and one group receiving conventional complete dentures ( CD ) .,none,0,0,0
10080319,The implant treatment involved either a mainly implant-supported mandibular overdenture on a transmandibular implant ( TMI ) or an implant-tissue-supported mandibular overdenture on two IMZ implants ( IMZ ) .,interventions,0,8,0
10080319,Masticatory performance as well as chewing experience were substantially better for the implant-retained overdentures compared with the complete denture group .,outcomes,0,0,7
10080319,No significant differences emerged between the TMI and the IMZ group .,none,0,0,0
10080319,A multiple regression analysis did not provide any comprehensibility in the relationship between masticatory performance and the variables of chewing experience .,outcomes,0,0,9
10080319,In the linear structural relation analysis ( LISREL ) no direct relationship was found between masticatory performance and functional complaints mandibular denture .,outcomes,0,0,8
10080319,The results show that an improvement in masticatory performance does not imply the same improvement in chewing experience and vice versa .,none,0,0,0
10084579,"Genotyping of CYP21 , linked chromosome 6p markers , and a sex-specific gene in neonatal screening for congenital adrenal hyperplasia .",participants,4,3,0
10084579,"We investigated the feasibility and diagnostic utility of genotyping 9 CYP21 mutations , linked chromosome 6p markers , and a dimorphic X-Y marker from neonatal screening samples .",interventions,1,3,3
10084579,Blood-impregnated filter papers ( Guthrie cards ) from 603 randomly chosen New Zealand neonates were genotyped blind to 17-hydroxyprogesterone ( 17-OHP ) levels .,interventions,1,4,0
10084579,Another 50 samples from Swiss and North American infants with correlative hormonal data were also genotyped .,participants,3,0,0
10084579,"DNA was extracted , and gene-specific PCR was performed .",none,0,0,0
10084579,"CYP21 PCR products were subjected to ligase detection reaction , simultaneously analyzing 9 CYP21 mutations ; PCR products of other genes were subjected to direct gel analysis .",interventions,0,2,0
10084579,"CYP21 genotyping indicated a heterozygote rate of 2.8 % for classic mutations ( excluding CYP21 deletions ) , and 2.0 % for nonclassic mutations in New Zealanders .",outcomes,0,1,2
10084579,Ten full-term affected neonates showed a wide range of 17-OHP levels ( 15-1400 nmol/L ) .,outcomes,0,0,2
10084579,Sick or preterm infants or infants screened on the first day of life with high 17-OHP proved genetically unaffected .,outcomes,0,0,1
10084579,Genetic linkage disequilibrium was found between two CYP21 mutations and chromosome 6p markers .,outcomes,0,0,3
10084579,"Guthrie cards can be used to accurately genotype CYP21 and other relevant markers , potentially enhancing the specificity and sensitivity of congenital adrenal hyperplasia screening .",outcomes,0,0,3
10084579,CYP21 heterozygote frequency for classic mutations is higher than expected based on genotype compared with that predicted by hormonal newborn screening .,outcomes,1,1,6
10089089,Piperacillin/tazobactam plus tobramycin versus ceftazidime plus tobramycin as empiric therapy for fever in severely neutropenic patients .,interventions,0,5,1
10089089,The objective of this trial was to evaluate the potential advantages of the combination of piperacillin and tazobactam in the control of fever in neutropenic patients .,participants,5,3,1
10089089,"In this single-center study , patients who experienced a total of 247 febrile episodes were prospectively randomized to receive either our standard regimen , ceftazidime 3 g/day ( 1 g t.i.d .",interventions,0,1,0
10089089,) plus tobramycin 3 mg/kg per day ( 1.5 mg/kg b.i.d .,interventions,0,1,0
10089089,") , or piperacillin 12 g/day plus tazobactam 1.5 g/day ( 4 g+0.5 g t.i.d .",interventions,0,2,0
10089089,) plus tobramycin 3 mg/kg per day ( 1.5 mg/kg b.i.d. ) .,interventions,0,1,0
10089089,"Vancomycin was added in all cases of persistent fever in the ceftazidime arm , but only when there was microbiologically documented resistance in the piperacillin/tazobactam arm .",interventions,0,3,0
10089089,"All 247 episodes were evaluable by "" intent-to-treat "" analysis .",none,0,0,0
10089089,"The two populations were well matched in terms of age , gender , underlying disease , chemotherapy received , oral decontamination , clinical and bacterial documentation , and severity and duration of neutropenia .",none,0,0,0
10089089,"Initial antibacterial therapy was successful ( apyrexia at 72 h , without antibiotic change ) more frequently ( P = 0.008 ) with the regimen containing piperacillin/tazobactam ( 54.4 % ) than with the one including ceftazidime ( 37.6 % ) .",interventions,0,4,1
10089089,"Fewer ( P = 0.02 ) major infectious events ( infectious death or delay in treatment of underlying disease due to infection ) were observed during piperacillin/ tazobactam treatment ( 2.6 % ) than with the ceftazidime regimen ( 11.3 % ) , despite a lower frequency of glycopeptide addition when piperacillin/tazobactam was used ( 54.4 % versus 77.4 % ) according to the rules adopted .",outcomes,0,5,14
10089089,This trial confirmed the efficacy of the piperacillin/tazobactam combination for empirical treatment of febrile neutropenic patients .,interventions,0,1,1
10089089,This antibiotic combination permitted a dramatic decrease in empiric glycopeptide antibiotic administration in such patients .,outcomes,0,3,4
10091821,Independent prognostic information provided by sphygmomanometrically determined pulse pressure and mean arterial pressure in patients with left ventricular dysfunction .,interventions,3,8,4
10091821,OBJECTIVES The purpose of this study was to evaluate the relationship of baseline pulse pressure and mean arterial pressure to mortality in patients with left ventricular dysfunction .,none,0,0,0
10091821,"BACKGROUND Increased conduit vessel stiffness increases pulse pressure and pulsatile load , potentially contributing to adverse outcomes in patients with left ventricular dysfunction .",none,0,0,0
10091821,"METHODS Pulse and mean arterial pressure were analyzed for their effect on mortality , adjusting for other modifiers of risk , using Cox proportional hazards regression analysis of data collected from 6,781 patients randomized into the Studies of Left Ventricular Dysfunction trials .",participants,1,0,1
10091821,"RESULTS Pulse and mean arterial pressure were related positively to each other , age , ejection fraction and prevalence of diabetes and hypertension and inversely to prior myocardial infarction and beta-adrenergic blocking agent use .",outcomes,0,0,5
10091821,"Higher pulse pressure was associated with increased prevalence of female gender , greater calcium channel blocking agent , digoxin and diuretic use , lower heart rate and a higher rate of reported smoking history .",interventions,0,7,3
10091821,"Higher mean arterial pressure was associated with higher heart rate , lower calcium channel blocker and digoxin use and lower New York Heart Association functional class .",interventions,0,4,4
10091821,"Over a 61-month follow-up 1,582 deaths ( 1,397 cardiovascular ) occurred .",outcomes,0,0,1
10091821,"In a multivariate analysis adjusting for the above covariates and treatment assignment , higher pulse pressure remained an independent predictor of total and cardiovascular mortality ( total mortality relative risk , 1.05 per 10 mm Hg increment ; 95 % confidence interval , 1.01 to 1.10 ; p = 0.02 ) .",outcomes,0,0,6
10091821,"Mean arterial pressure was inversely related to total and cardiovascular mortality ( total mortality relative risk , 0.89 ; 95 % confidence interval , 0.85 to 0.94 ; p < 0.0001 ) .",outcomes,0,0,7
10091821,CONCLUSIONS One noninvasive blood pressure measurement provides two independent prognostic factors for survival .,interventions,0,4,1
10091821,"Increased conduit vessel stiffness , as assessed by pulse pressure , may contribute to increased mortality in patients with left ventricular dysfunction , independent of mean arterial pressure .",outcomes,0,0,5
10093945,A comparative study of ofloxacin and cefixime for treatment of typhoid fever in children .,participants,3,2,0
10093945,The Dong Nai Pediatric Center Typhoid Study Group .,none,0,0,0
10093945,"BACKGROUND Despite concerns about safety in children , fluoroquinolone antibiotics have become the treatment of choice in patients with multidrug-resistant typhoid fever in Vietnam .",participants,3,2,0
10093945,"However , quinolone-resistant strains of Salmonella typhi have recently been reported from Vietnam ; and if quinolone resistance becomes established , alternative oral treatment options will be needed .",none,0,0,0
10093945,"OBJECTIVE Cefixime , an orally administered third generation cephalosporin , was compared with ofloxacin for the treatment of uncomplicated typhoid fever in children .",interventions,0,3,0
10093945,METHODS In an open trial children with suspected typhoid fever were randomized to receive either ofloxacin ( 10 mg/kg/day in two divided doses ) for 5 days or cefixime ( 20 mg/kg/day in two divided doses ) for 7 days .,participants,3,2,0
10093945,"RESULTS S. typhi was isolated from 82 patients ( 44 in the cefixime group , 38 in the ofloxacin group ) and 70 ( 85 % ) of the isolates were multidrug-resistant .",participants,2,2,0
10093945,"Median ( 95 % confidence interval , range ) fever clearance times were 4.4 ( 4 to 5.2 , 0.2 to 9.9 ) days for ofloxacin recipients and 8.5 ( 4.2 to 9 , 1.8 to 15.2 ) days for cefixime-treated patients ( P < 0.0001 ) .",outcomes,0,2,3
10093945,"There were 11 treatment failures ( 10 acute and one relapse ) in the cefixime group and 1 acute treatment failure in the ofloxacin group ( mean difference , 22 % ; 95 % confidence interval , 9 to 36 % ) .",outcomes,0,2,5
10093945,"CONCLUSION Short course treatment with cefixime may provide a useful alternative treatment in cases of uncomplicated typhoid fever in children , but it is less effective than short course treatment with ofloxacin .",participants,4,2,0
10094243,Epinephrine-induced panic attacks and hyperventilation .,none,0,0,0
10094243,"To assess the effects of epinephrine on ventilation in patients with panic disorder and in social phobics , analyses were performed on pooled data from two previous infusion studies .",participants,4,1,0
10094243,"Throughout the infusion , changes in transcutaneous PCO2 ( tcPCO2 ) , subjective anxiety , heart rate and blood pressure were recorded continuously .",outcomes,0,0,13
10094243,"Twenty-nine patients received epinephrine , ten patients received placebo .",participants,4,3,0
10094243,Thirteen patients ( 45 % ) had a panic attack during epinephrine .,interventions,0,1,0
10094243,The fall in tcPCO2 and the cardiovascular response was greater in panicking patients than patients who did not panic .,outcomes,0,0,6
10094243,"Although the fall in tcPCO2 associated with panic was not substantial and did not indicate clinically significant acute hyperventilation , it appears to be a sensitive index for epinephrine-induced panic .",outcomes,0,0,3
10094243,The fall in tcPCO2 was predicted rather by the frequency of occurrence of anxiety-related somatic symptoms than by the fear of these symptoms .,outcomes,0,0,8
10094243,These findings further reduce a role for fear of bodily sensations in epinephrine-induced panic attacks and favor a biological sensitivity to sympathetic stimulation .,interventions,0,1,0
10097996,The TOM test : a new instrument for assessing theory of mind in normal children and children with pervasive developmental disorders .,participants,3,2,0
10097996,"This article describes a first attempt to investigate the reliability and validity of the TOM test , a new instrument for assessing theory of mind ability in normal children and children with pervasive developmental disorders ( PDDs ) .",participants,7,2,2
10097996,"In Study 1 , TOM test scores of normal children ( n = 70 ) correlated positively with their performance on other theory of mind tasks .",interventions,1,2,0
10097996,"Furthermore , young children only succeeded on TOM items that tap the basic domains of theory of mind ( e.g. , emotion recognition ) , whereas older children also passed items that measure the more mature areas of theory of mind ( e.g. , understanding of humor , understanding of second-order beliefs ) .",participants,4,0,0
10097996,"Taken together , the findings of Study 1 suggest that the TOM test is a valid measure .",interventions,0,2,2
10097996,Study 2 showed for a separate sample of normal children ( n = 12 ) that the TOM test possesses sufficient test-retest stability .,participants,2,2,2
10097996,Study 3 demonstrated for a sample of children with PDDs ( n = 10 ) that the interrater reliability of the TOM test is good .,outcomes,3,2,4
10097996,"Study 4 found that children with PDDs ( n = 20 ) had significantly lower TOM test scores than children with other psychiatric disorders ( e.g. , children with Attention-deficit Hyperactivity Disorder ; n = 32 ) , a finding that underlines the discriminant validity of the TOM test .",participants,11,4,3
10097996,"Furthermore , Study 4 showed that intelligence as indexed by the Wechsler Intelligence Scale for Children was positively associated with TOM test scores .",outcomes,0,2,9
10097996,"Finally , in all studies , the TOM test was found to be reliable in terms of internal consistency .",interventions,0,2,2
10097996,"Altogether , results indicate that the TOM test is a reliable and valid instrument that can be employed to measure various aspects of theory of mind .",interventions,0,2,0
10100592,A comparative study of administration methods of granisetron injection used to treat nausea/vomiting induced by cancer chemotherapy without cisplatin in tumors of hematopoietic organs .,participants,5,2,0
10100592,Keihanshin Study Group of Hematological Malignancies .,none,0,0,0
10100592,PURPOSE The antiemetic effect of granisetron injection at a dose of 40 microg/kg used in the treatment of nausea/vomiting induced by multidrug combined cancer chemotherapy excluding cisplatin in patients with tumors of hematopoietic organs was evaluated by comparing a 30-min infusion and a slow intravenous injection given over 30 s. METHODS A two-group random-allocation comparative study was performed with the cooperation of multiple institutions using a central registration system .,participants,13,8,0
10100592,"RESULTS In the treatment of acute clinical symptoms , appetite was described as "" similar to that during good health "" by 61.1 % of patients ( 55/93 ) in the instillation group and by 47.3 % ( 44/93 ) in the slow injection group , a significant advantage in the infusion group .",outcomes,0,0,1
10100592,"However , no significant differences in the number of episodes of vomiting , the severity of nausea or clinical efficacy were found .",outcomes,0,0,12
10100592,"In the final clinical evaluation and assessment of usefulness based on the subjective judgement of physicians throughout the entire therapeutic period , no differences were discernible .",none,0,0,0
10100592,No side effects were reported for either method and there was no indication of a sex difference concerning efficacy .,none,0,0,0
10100592,"However , the efficacy in patients with an anemic tendency was slightly inferior .",outcomes,0,0,3
10100592,CONCLUSIONS The maintenance of appetite during the administration of anticancer drugs is very important to maintain patients ' daily activities and quality of life .,none,0,0,0
10100592,The present results support the usefulness of infusion of granisetron as an administration method during chemotherapy for malignant hemopathy .,interventions,0,1,0
10148879,Comparison of patient-controlled and nurse-administered analgesia using intravenous fentanyl during labor .,interventions,3,4,0
10148879,"Preliminary observations have shown that fentanyl citrate , a potent narcotic , is helpful during labor without undue side effects .",interventions,0,2,0
10148879,This randomized prospective investigation compared the patient-controlled administration of fentanyl with that of administration by nurses on request .,interventions,0,9,0
10148879,Eighty healthy women beginning active labor ( cervical dilation 4 cm ) at term were assigned to receive fentanyl intravenously by either patient-controlled administration ( n=37 ) or nurse administration on demand ( n=43 ) .,participants,35,7,0
10148879,Pain intensity measurements during early and late labor revealed the degree of analgesia to be the same in both groups .,outcomes,0,0,6
10148879,The delay in setting up the infusion system and the short time between requesting analgesia and vaginal delivery were limitations with self-administration .,outcomes,0,0,7
10148879,Maternal oversedation and vomiting did not occur .,outcomes,0,0,4
10148879,"Neonatal naloxone therapy was used infrequently , umbilical serum levels of fentanyl were the same in both groups , and postnatal neuroadaptive testing revealed comparable results in both groups .",outcomes,0,0,11
10148879,"Despite the usefulness of fentanyl during labor , administration by the patient had no advantages over administration by the nurses in significantly reducing drug use , improving pain relief , or avoiding drowsiness .",interventions,0,8,7
10155556,Treatment of polyarteritis nodosa and Churg-Strauss syndrome : indications of plasma exchanges .,participants,4,0,0
10155556,"To define the most effective treatment for polyarteritis nodosa ( PAN ) and Churg-Strauss syndrome ( CSS ) , we undertook 4 consecutive prospective therapeutic trials including 236 patients and tried to answer several important questions : Should cyclophosphamide ( CYC ) be given as the first-line treatment ?",participants,7,1,0
10155556,What is the place of plasma exchanges ( PE ) in the treatment of systemic vasculitis ?,interventions,0,2,0
10155556,and does hepatitis B virus ( HBV ) related PAN require treatment ?,none,0,0,0
10155556,"Our first randomized trial in 71 patients ( 1981-1983 ) compared the association of CYC with corticosteroids ( CS ) and PE to CS and PE , in order to evaluate the efficacy of CYC given as the first-line treatment to control disease activity and subsequent survival of PAN and CSS patients .",outcomes,1,0,3
10155556,"Between December 1983 and December 1988 , we conducted two trials simultaneously : one aimed at patients without HBV markers and the second at patients with HBV markers .",participants,6,0,0
10155556,"In 78 patients without HBV markers , we compared prednisone and PE to prednisone alone as the initial therapeutic regimen .",participants,4,4,0
10155556,"In 33 patients with PAN related to HBV , a new therapeutic strategy was applied as an alternative to long-term steroid and immunosuppressive therapy : short-term steroid therapy and PE were used to control the evolution of PAN and anti-viral therapy was administered to suppress the etiological agent of the vasculitis .",interventions,3,11,9
10155556,In the last protocol including 56 patients and addressed to severe PAN without HBV markers or CSS we have shown that PE did not improve the prognosis and control of the disease .,participants,6,0,5
10155556,"Twelve years after the beginning of the trials on PAN and CSS patients , we think that the therapeutic strategy should be as follows : In PAN without HBV and CSS : prednisone in association with CYC improves the control of the disease despite infectious side effects which may be reduced by better CYC dose adaptation .",outcomes,0,5,7
10155556,In PAN related to HBV : The first-line treatment should be the association of anti-viral agents and PE .,interventions,0,4,0
10155556,This treatment was effective and cured a majority of patients within 2 to 3 months ; half of them seroconverted .,outcomes,0,0,1
10155556,"The length of HBV infection before its diagnosis , delay before initiation of treatment and previous immunosuppressive therapy led to a poor seroconversion rate .",outcomes,0,0,7
10155556,The role of PE in the treatment of systemic necrotizing vasculitis : PE are obviously useful in PAN related to HBV where immune complex deposition has been demonstrated .,interventions,1,2,0
10155556,"When PAN is not related to HBV and in CSS , even in severe cases , there is presently no argument supporting systematic administration of PE at the time of diagnosis .",interventions,0,1,0
10172265,Protocol for the Multicenter Acute Stroke Trial -- thrombolysis study .,none,0,0,0
10172265,The rationale for the Multicenter Acute Stroke Trial ( MAST ) is presented in a companion article appearing in this issue .,none,0,0,0
10172265,"Acute ischaemic stroke is the third major cause of death in developed countries , and a major cause of disability .",outcomes,0,0,2
10172265,"Despite a very poor prognosis , no treatment has demonstrated an efficacy in lowering the mortality and disability resulting from stroke events .",outcomes,0,0,2
10172265,"Thrombolysis has been proven to reduce mortality in myocardial infarction , and it has been shown able to induce recanalisation when administered to acute stroke patients .",outcomes,2,1,5
10172265,"A recent meta analysis of small-sized studies suggests that thrombolysis could offer some benefit to stroke patients , by reducing the mortality and severe invalidity by 56 % ; these results need to be confirmed in adequately designed and sized studies .",outcomes,1,1,3
10188144,Efficacy and safety of mizolastine 10 mg in a placebo-controlled comparison with loratadine in chronic idiopathic urticaria : results of the MILOR Study .,participants,3,3,3
10188144,BACKGROUND Mizolastine is a novel histamine H1-antagonist registered in Europe for the management of allergic rhinitis and urticaria .,interventions,0,1,0
10188144,OBJECTIVES To compare the clinical efficacy and safety of mizolastine with loratadine and placebo in patients with chronic idiopathic urticaria ( CIU ) .,participants,6,4,0
10188144,"METHODS A multicentre , double-blind , parallel group study was designed in which 247 patients with CIU were randomised after a 1-week placebo run-in period to 10 mg daily mizolastine ( n = 88 ) , 10 mg daily loratadine ( n = 79 ) , or placebo ( n = 80 ) for a 4-week treatment period .",interventions,2,4,0
10188144,RESULTS Mizolastine and loratadine both relieved symptoms of CIU .,outcomes,0,2,4
10188144,"After 2 weeks ' treatment , the severity of pruritus ( visual analogue score ( VAS ) assessed by patients ) decreased significantly in both the mizolastine and loratadine groups compared with placebo ( mizolastine : -36.7 mm , P = 0.0001 ; loratadine : -29.8 , P = 0.0071 ; placebo : -16.3 ) ; this improvement with both active treatments was maintained throughout the treatment period , the difference being significant only for the mizolastine group ( P = 0.0090 ) .",outcomes,0,7,14
10188144,"Both active treatments were also associated with reduced weekly episodes of urticaria compared with placebo , which was significant after 2 weeks ' treatment ( mizolastine : 7.9 episodes , P = 0.0061 ; loratadine : 8.3 , P = 0.0221 ; placebo : 13.3 ) .",interventions,0,4,3
10188144,"Angioedema was improved to a clinically significant extent with mizolastine , and loratadine compared with placebo in those patients who had this symptom before treatment .",interventions,0,3,1
10188144,"Overall tolerability of both treatments was similar to placebo , and there were no clinically relevant effects on cardiac repolarisation with either mizolastine or loratadine .",outcomes,0,4,6
10188144,"CONCLUSION Mizolastine ( 10 mg daily ) is confirmed as an effective and well tolerated agent , comparable to loratadine and superior to placebo , for the management of CIU .",outcomes,0,2,4
10188144,Mizolastine acted as rapidly as loratadine in improving urticarial symptoms from the first day of treatment .,interventions,0,2,2
10190267,Rett syndrome : randomized controlled trial of L-carnitine .,participants,3,1,0
10190267,"Rett syndrome is a severe neurodevelopmental disorder of unknown etiology , occurring almost exclusively in female patients .",participants,3,0,0
10190267,The etiology and functional significance of plasma carnitine deficiency seen in some patients with Rett syndrome is unknown .,none,0,0,0
10190267,"To investigate whether L-carnitine might be of benefit in Rett syndrome , a randomized , placebo-controlled , double-blind crossover trial of L-carnitine has been completed in 35 subjects .",interventions,0,3,0
10190267,Eight-week treatment phases were completed for both a placebo and L-carnitine .,interventions,0,2,0
10190267,"Outcome was measured by parents/caregivers and at medical follow-up using three established tools : the Rett Syndrome Motor Behavioral Assessment , the Hand Apraxia Scale , and the Patient Well-Being Index .",outcomes,0,0,14
10190267,Analysis comparing change between baseline and week 8 of treatment for L-carnitine and the placebo showed that both parents/caregivers and medical follow-up detected improvements in the subjects ' well-being .,interventions,0,2,1
10190267,"In addition , medical review showed an improvement on the Hand Apraxia Scale for a higher proportion of girls on L-carnitine .",outcomes,0,0,3
10190267,Identification of predictors of clinical improvement has been limited by the power of the study .,none,0,0,0
10190267,These findings suggest that L-carnitine is of benefit in some patients with Rett syndrome .,interventions,0,1,0
10190267,"While L-carnitine did not lead to major functional changes in ability , the type of changes reported could still have a substantial impact on the girls and their families .",interventions,0,1,0
10190267,"Information is still needed , however , to determine if only subgroups of girls with the disorder are responsive to L-carnitine and the appropriate duration of therapy .",interventions,0,1,0
10194485,"High-pressure , rapid-inflation pneumatic compression improves venous hemodynamics in healthy volunteers and patients who are post-thrombotic .",participants,8,5,0
10194485,PURPOSE Deep vein thrombosis ( DVT ) is a preventable cause of morbidity and mortality in patients who are hospitalized .,none,0,0,0
10194485,An important part of the mechanism of DVT prophylaxis with intermittent pneumatic compression ( IPC ) is reduced venous stasis with increased velocity of venous return .,none,0,0,0
10194485,The conventional methods of IPC use low pressure and slow inflation of the air bladder on the leg to augment venous return .,none,0,0,0
10194485,"Recently , compression devices have been designed that produce high pressure and rapid inflation of air cuffs on the plantar plexus of the foot and the calf .",none,0,0,0
10194485,"The purpose of this study is to evaluate the venous velocity response to high-pressure , rapid-inflation compression devices versus standard , low-pressure , slow-inflation compression devices in healthy volunteers and patients with severe post-thrombotic venous disease .",none,0,0,0
10194485,METHOD Twenty-two lower extremities from healthy volunteers and 11 lower extremities from patients with class 4 to class 6 post-thrombotic chronic venous insufficiency were studied .,none,0,0,0
10194485,"With duplex ultrasound scanning ( ATL-Ultramark 9 , Advanced Tech Laboratory , Bothell , Wash ) , acute DVT was excluded before subject evaluation .",interventions,0,3,0
10194485,"Venous velocities were monitored after the application of each of five IPC devices , with all the patients in the supine position .",none,0,0,0
10194485,"Three high-pressure , rapid-compression devices and two standard , low-pressure , slow-inflation compression devices were applied in a random sequence .",interventions,0,13,0
10194485,Maximal venous velocities were obtained at the common femoral vein and the popliteal vein for all the devices and were recorded as the mean peak velocity of three compression cycles and compared with baseline velocities .,none,0,0,0
10194485,RESULTS The baseline venous velocities were higher in the femoral veins than in the popliteal veins in both the volunteers and the post-thrombotic subjects .,none,0,0,0
10194485,"Standard and high-pressure , rapid-inflation compression significantly increased the popliteal and femoral vein velocities in healthy and post-thrombotic subjects .",outcomes,0,0,10
10194485,"High-pressure , rapid-inflation compression produced significantly higher maximal venous velocities in the popliteal and femoral veins in both healthy volunteers and patients who were post-thrombotic as compared with standard compression .",outcomes,0,0,7
10194485,"Compared with the healthy volunteers , the patients who were post-thrombotic had a significantly attenuated velocity response at both the popliteal and the femoral vein levels .",outcomes,0,0,2
10194485,"CONCLUSION High-pressure , rapid-inflation pneumatic compression increases popliteal and femoral vein velocity as compared with standard , low-pressure , slow-inflation pneumatic compression .",outcomes,0,0,5
10194485,Patients with post-thrombotic venous disease have a compromised hemodynamic response to all IPC devices .,none,0,0,0
10194485,"However , an increased velocity response to the high-pressure , rapid-inflation compression device is preserved .",none,0,0,0
10194485,"High-pressure , rapid-inflation pneumatic compression may offer additional protection from thrombotic complications on the basis of an improved hemodynamic response , both in healthy volunteers and in patients who were post-thrombotic .",outcomes,0,0,2
10195003,"A comparison of a non-ionic dimer , iodixanol with a non-ionic monomer , iohexol in low dose intravenous urography .",interventions,4,8,0
10195003,"A prospective , double-blind study of 392 patients randomized into four groups was performed to establish whether diagnostic intravenous urograms could be obtained with a lower dose of iodine when using the dimeric , non-ionic contrast medium iodixanol compared with the monomeric , non-ionic iohexol .",interventions,0,8,0
10195003,Patients received iodixanol or iohexol containing either 9 or 12 g of iodine ( gI ) .,interventions,0,4,0
10195003,"The primary parameter was the diagnostic quality of the 6 min film , assessed in a blinded fashion , by consensus , by four radiologists .",outcomes,0,0,2
10195003,Iodixanol at both doses was diagnostic in over 90 % of cases .,interventions,0,1,1
10195003,Iohexol was only diagnostic in 74 % ( 9 gI ) and 81.8 % ( 12 gI ) .,interventions,0,1,1
10195003,Pairwise comparisons revealed that iodixanol 9 gI was significantly better than both iohexol 9 gI ( p = 0.0005 ) and 12 gI ( p = 0.014 ) .,interventions,0,1,0
10195003,No significant difference was present for different doses within the same contrast medium group .,none,0,0,0
10195003,Iodixanol resulted in poorer bladder distension than iohexol .,interventions,0,3,3
10195003,Iodixanol caused significantly less discomfort than iohexol .,interventions,0,3,3
10197379,Isoniazid prophylaxis for tuberculosis in HIV infection : a meta-analysis of randomized controlled trials .,participants,5,0,0
10197379,OBJECTIVES To evaluate the efficacy of isoniazid for the prevention of tuberculosis in tuberculin skin test-positive and negative individuals with HIV infection .,interventions,0,1,0
10197379,DESIGN Meta-analysis of randomized controlled trials .,none,0,0,0
10197379,"SETTING Seven trials from Mexico , Haiti , the United States , Zambia , Uganda and Kenya .",none,0,0,0
10197379,"PATIENTS Individuals free from tuberculosis , 2367 persons in the intervention and 2162 in the control groups .",none,0,0,0
10197379,INTERVENTION Comparison of isoniazid with placebo or no prophylaxis .,interventions,0,2,0
10197379,METHODS A systematic search of the literature was carried out from 1985 to October 1997 for randomized controlled trials of isoniazid prophylaxis in HIV-infected persons .,interventions,0,1,0
10197379,Two reviewers evaluated the relevance of each candidate study and the validity of eligible trials .,none,0,0,0
10197379,"Studies were pooled using a random effect model , conducting secondary analyses for tuberculin skin test-positive and negative persons .",none,0,0,0
10197379,RESULTS Mean follow-up in trials varied between 0.4 and 3.2 years .,none,0,0,0
10197379,"Pooling all seven trials , a risk ratio was found for persons treated with isoniazid for developing tuberculosis of 0.58 [ 95 % confidence interval ( CI ) , 0.43-0.80 ] and 0.94 ( 95 % CI , 0.83-1.07 ) for death .",outcomes,0,1,3
10197379,"In groups of tuberculin skin test-positive and negative persons , the risk ratio of tuberculosis was 0.40 ( 95 % CI , 0.24-0.65 ) and 0.84 ( 95 % CI , 0.54-1.30 ) , respectively , and the difference in the effectiveness of isoniazid versus placebo between these groups was statistically significant ( P = 0.03 , for the difference of summary estimates ) .",outcomes,0,2,8
10197379,"Consistency of results was found across trials ( P > 0.10 , heterogeneity value ) for all comparisons .",none,0,0,0
10197379,CONCLUSIONS Prophylaxis with isoniazid reduces the risk of tuberculosis in persons with HIV infection .,interventions,0,1,0
10197379,The effect is restricted to tuberculin skin test-positive persons .,none,0,0,0
10200837,Behavioral and physiological effects of deep pressure on children with autism : a pilot study evaluating the efficacy of Grandin 's Hug Machine .,interventions,4,7,0
10200837,OBJECTIVE One symptom common to many persons with autism is a high arousal or anxiety level .,none,0,0,0
10200837,"This study investigated the effects of deep pressure on arousal and anxiety reduction in autism with Grandin 's Hug Machine , a device that allows self-administration of lateral body pressure .",interventions,0,6,0
10200837,METHOD Twelve children with autism were randomly assigned to either an experimental group ( receiving deep pressure ) or a placebo group ( not receiving deep pressure but in the disengaged Hug Machine ) .,interventions,0,18,0
10200837,All children received two 20-min sessions a week over a 6-week period .,none,0,0,0
10200837,Arousal was measured behaviorally with the Conners Parent Rating Scale and physiologically with galvanic skin response ( GSR ) readings .,outcomes,0,0,15
10200837,RESULTS Behavioral results indicated a significant reduction in tension and a marginally significant reduction in anxiety for children who received the deep pressure compared with the children who did not .,outcomes,0,0,9
10200837,"Additionally , children in the experimental group , whose GSR measures decreased , on average , after deep pressure , were somewhat more likely to have higher GSR arousal a priori .",outcomes,0,0,4
10200837,"CONCLUSION These preliminary findings support the hypothesis that deep pressure may have a calming effect for persons with autism , especially those with high levels of arousal or anxiety .",interventions,0,2,0
10201101,Reduction of stimulus overselectivity with nonverbal differential observing responses .,interventions,0,4,2
10201101,Three individuals with mental retardation exhibited stimulus overselectivity in a delayed matching-to-sample task in which two sample stimuli were displayed on each trial .,participants,3,3,0
10201101,Intermediate accuracy scores indicated that participants could match one of the samples but not both of them .,outcomes,0,0,2
10201101,Accuracy in a baseline condition was compared to accuracy with a differential observing response procedure .,outcomes,0,0,2
10201101,This procedure prompted participants to make simultaneous identity-matching responses that required observation and discrimination of both sample stimuli .,none,0,0,0
10201101,These observing responses were never followed by differential consequences .,none,0,0,0
10201101,"When observing responses were prompted , participants ' accuracy scores improved .",outcomes,0,0,2
10201101,"In a return to the baseline condition , when differential observing responses were no longer prompted , accuracy returned to intermediate levels .",interventions,0,3,1
10201101,"The results show that stimulus overselectivity can be greatly reduced by a behavioral intervention that controls observing behavior and verifies discrimination , but that exposure to such procedures alone may be insufficient for lasting benefits .",outcomes,0,0,2
10203382,Predictors of survival and eradication of Mycobacterium avium complex bacteremia ( MAC ) in AIDS patients in the Canadian randomized MAC treatment trial .,participants,1,0,0
10203382,Canadian HIV Trials Network Protocol 010 Study Group .,none,0,0,0
10203382,"OBJECTIVE To assess the importance of baseline characteristics including medical history , indicators of current disease status , therapeutic drug use , in vitro drug susceptibility , immune status and mycobacterial load on bacteriologic response and survival in HIV-positive patients with Mycobacterium avium complex ( MAC ) bacteremia .",outcomes,8,0,19
10203382,DESIGN An observational substudy of an open-label randomized controlled trial of two alternative therapeutic regimens for MAC .,interventions,0,2,0
10203382,SETTING Twenty-four hospital-based HIV clinics in 16 Canadian cities .,participants,1,0,0
10203382,"MAIN OUTCOME MEASURES The main outcome measures were survival and bacteriologic response , defined by consecutive negative blood cultures for MAC at least 2 weeks apart within 16 weeks of study entry .",outcomes,0,0,3
10203382,"RESULTS Prior AIDS diagnosis , low Karnofsky score , active unstable AIDS-related conditions , absence of antiretroviral therapy and absence of Pneumocystis carinii pneumonia prophylaxis were associated with shorter survival by univariate regression using the proportional hazards model .",outcomes,0,0,1
10203382,"On multivariate analysis , antiretroviral therapy was not an independent predictor of mortality , and previous rifabutin prophylaxis was independently associated with poor survival outcomes , a result consistent across study treatment .",outcomes,0,0,1
10203382,"Using a logistic regression model , baseline quantitative mycobacterial load [ relative odds of clearing , 1.97 for a decrease of 1 log10 colony forming count ; 95 % confidence interval ( CI ) , 1.36-2.87 ; P < 0.001 ] and Karnofsky score were the only statistically significant univariate predictors of clearance , although previous prophylaxis with rifabutin was also a significant predictor in a multivariate model ( relative odds of clearing , 0.39 ; 95 % CI , 0.17-0.88 ; P < 0.05 ) .",outcomes,0,0,6
10203382,"CONCLUSIONS This study indicates that although the level of MAC bacteremia is an important predictor of clearance , it is not associated with survival .",none,0,0,0
10207709,Couple-responsible therapy process : positive proximal outcomes .,interventions,0,4,3
10207709,Therapist-couple struggle vs. cooperation is linked to clinical outcome .,none,0,0,0
10207709,This research conceptualizes and investigates treatment process as it relates to the occurrence of struggle versus cooperation .,none,0,0,0
10207709,Models of couple-responsible and therapist-responsible process in couple therapy were developed .,interventions,0,6,0
10207709,"Couple-responsible process consists of enactments , accommodation , and inductive process .",interventions,0,12,0
10207709,"Therapist-responsible process consists of primary therapist-couple interaction , therapist interpretation , and direct instruction .",interventions,0,15,0
10207709,"In counterbalanced order , 25 couples were exposed to couple-responsible and therapist-responsible episodes during one therapy session .",interventions,1,4,0
10207709,"Couples reviewed videotapes of the episodes and completed measures of responsibility , struggle , and cooperation .",none,0,0,0
10207709,Perceived responsibility was higher and struggle was lower during couple-responsible episodes .,interventions,0,3,3
10207709,No difference in cooperation was found .,outcomes,0,0,1
10207709,"Presence or absence of a contrast condition , where couples reported on one therapist process after already experiencing its opposite , led to main effects for responsibility and struggle , and mediated effects of struggle and cooperation .",interventions,0,2,0
10207709,"Generally speaking , responsibility was even higher during couple-responsible episodes and even lower during therapist-responsible episodes when contrast was present .",interventions,0,4,1
10207709,"Similarly , struggle was even lower during couple-responsible episodes and even higher during therapist-responsible episodes when contrast was present .",interventions,0,4,1
10207709,"For both couple-responsible and therapist-responsible episodes , cooperation was negatively affected by a shift from the prior , opposite therapist process .",outcomes,0,0,1
10207709,"Significant proportions of the variance in responsibility , struggle , and cooperation , however , were not accounted for by therapist process alone .",outcomes,0,0,6
10208073,Clinical hypnosis versus cognitive behavioral training for pain management with pediatric cancer patients undergoing bone marrow aspirations .,participants,8,6,2
10208073,A randomized controlled trial was conducted to compare the efficacy of clinical hypnosis versus cognitive behavioral ( CB ) coping skills training in alleviating the pain and distress of 30 pediatric cancer patients ( age 5 to 15 years ) undergoing bone marrow aspirations .,interventions,7,11,3
10208073,"Patients were randomized to one of three groups : hypnosis , a package of CB coping skills , and no intervention .",interventions,0,12,0
10208073,Patients who received either hypnosis or CB reported less pain and pain-related anxiety than did control patients and less pain and anxiety than at their own baseline .,outcomes,0,0,5
10208073,Hypnosis and CB were similarly effective in the relief of pain .,outcomes,0,0,3
10208073,Results also indicated that children reported more anxiety and exhibited more behavioral distress in the CB group than in the hypnosis group .,outcomes,0,0,3
10208073,It is concluded that hypnosis and CB coping skills are effective in preparing pediatric oncology patients for bone marrow aspiration .,outcomes,0,0,1
10209728,Effects of oral brovincamine on visual field damage in patients with normal-tension glaucoma with low-normal intraocular pressure .,participants,5,1,1
10209728,"PURPOSE To prospectively study the effect of oral brovincamine , a relatively selective cerebral vasodilator , on further deterioration of visual field in patients with normal-tension glaucoma ( NTG ) with low-normal intraocular pressure ( IOP ) .",participants,8,4,1
10209728,METHODS Fifty-two patients with NTG ( average age 57.7 years ) with an IOP that was consistently less than 15 mmHg were randomly assigned to receive oral brovincamine ( 20 mg three times daily ) or to an untreated control group .,interventions,3,6,0
10209728,"The groups were prospectively followed for 2 years with visual field examinations every 4 months , using the 30-2 Humphrey perimeter program .",interventions,0,3,0
10209728,"Changes in mean deviation ( MD ) , corrected pattern standard deviation ( CPSD ) , and total deviation ( TD ) at 74 test points were analyzed using regression analysis with linear mixed model .",outcomes,0,0,19
10209728,Data from one eye without media opacity of each subject were analyzed .,none,0,0,0
10209728,"RESULTS There were no differences between groups in age ; sex distribution ; refraction ; blood pressure ; baseline IOP ; MD , CPSD , or TD at each point .",outcomes,0,0,8
10209728,"Changes in MD ( standard error [ SE ] ) during the study period were -0.778 ( 0.178 ) and -0.071 ( 0.195 ) dB/year in the control and brovincamine groups , respectively ; change in the control group was significantly more negative than in the brovincamine group .",outcomes,0,2,3
10209728,"Change in CPSD ( SE ) was 0.032 ( 0.015 ) and 0.004 ( 0.016 ) dB/year in the control and brovincamine groups , respectively .",outcomes,0,1,6
10209728,"Change in the control group was significantly positive , but the intergroup difference was not significant .",none,0,0,0
10209728,"Change in TD was significantly negative at six test points in the control group , whereas no points showed a significant trend in the brovincamine group ; the intergroup difference was significant .",outcomes,0,1,3
10209728,"The average IOP was 13.2 mmHg and 13.1 mmHg in the control and brovincamine groups , respectively , and there was no significant intergroup difference .",outcomes,0,1,2
10209728,CONCLUSION Oral brovincamine may retard further visual field deterioration in patients with NTG who have low-normal IOP .,interventions,1,2,0
10211492,"Local injection of bupivacaine after rubber band ligation of hemorrhoids : prospective , randomized study .",participants,1,1,0
10211492,PURPOSE The aim of this study was to determine if local injection of bupivacaine after hemorrhoidal banding causes a decrease in pain and in the incidence of associated symptoms .,outcomes,0,1,11
10211492,"METHODS After hemorrhoidal banding , patients were randomly assigned to receive a local injection of bupivacaine with 1:200,000 epinephrine , an injection of normal saline , or no injection , just superior to each band .",interventions,2,15,0
10211492,"Pain was graded by the patient and by the study nurse within 30 minutes , and any associated symptoms were recorded .",outcomes,0,0,3
10211492,"At intervals 6 , 24 , and 48 hours postbanding , the patient recorded pain , limitation of activities , and analgesic requirements .",outcomes,0,0,10
10211492,Associated symptoms while at home were recorded .,outcomes,0,0,2
10211492,"RESULTS Of 115 patients studied , 42 received bupivacaine injection , 42 received normal saline injection , and 31 received no injection .",interventions,1,5,0
10211492,"In patients receiving bupivacaine compared with no injection , within 30 minutes postbanding there was a significant reduction in pain graded by the patient ( P = 0.000002 ) and by the nurse ( P = 0.000005 ) and a significant reduction in incidence of nausea ( P = 0.01 ) and shaking ( P = 0.008 ) .",outcomes,0,1,6
10211492,"However , in the bupivacaine group compared with the other two groups , at the intervals of 6 , 24 , and 48 hours postbanding there was no sustained reduction in the severity of pain and no reduction in analgesic requirements or limitation of normal activities .",outcomes,0,1,11
10211492,"In the week after banding , there was no difference between groups in symptoms of nausea , shaking , lightheadedness , urinary retention , or bleeding .",outcomes,0,0,12
10211492,CONCLUSIONS Bupivacaine injection may be useful for reducing pain and associated symptoms long enough to tolerate a trip home from the outpatient department but does not show a sustained effect .,interventions,0,1,0
10213233,Microbiologic yields and complication rates of vitreous needle aspiration versus mechanized vitreous biopsy in the Endophthalmitis Vitrectomy Study .,interventions,0,6,0
10213233,PURPOSE To compare the microbiologic yields and complication rates associated with vitreous needle tap and vitreous biopsy in the Endophthalmitis Vitrectomy Study ( EVS ) .,interventions,2,5,0
10213233,"METHODS Of 420 EVS patients with postoperative endophthalmitis , 201 received immediate vitreous tap or biopsy ( without pars plana vitrectomy ) by random assignment and 193 completed 9-12 months of follow-up .",participants,10,10,0
10213233,Vitreous specimens were obtained by biopsy with a 20-gauge vitrectomy cutting instrument or by needle tap with a 22-27-gauge needle .,interventions,0,2,0
10213233,"If resistance to aspiration by needle tap was noted , a vitreous biopsy was performed .",none,0,0,0
10213233,"RESULTS Of 201 patients undergoing tap or biopsy , 70 ( 35 % ) had needle tap , 127 ( 63 % ) had mechanized biopsy , and 4 ( 2 % ) had initial needle tap that was aborted to mechanized biopsy ( "" abort "" eyes ) .",participants,12,0,0
10213233,"Intraoperative hyphema occurred in 2 tap eyes ( 3 % ) , 3 biopsy eyes ( 2 % ) , and 0 ( 0 % ) abort eyes .",outcomes,0,0,2
10213233,"Postoperative retinal detachment developed in 8 ( 11 % ) tap eyes , 10 ( 8 % ) biopsy eyes , and 0 ( 0 % ) abort eyes ( not significant ) .",outcomes,0,0,3
10213233,Respective rates of culture and gram stain positivity were 69 % and 42 % in tap eyes and 66 % and 41 % in biopsy eyes ( not significant ) .,outcomes,0,0,8
10213233,"The rate of severe visual loss ( final acuity < 5/200 ) was significantly higher in tap eyes ( 16 eyes , 24 % ) compared with biopsy eyes ( 13 eyes , 11 % ) and abort eyes ( 0 eyes , 0 % ; P = 0.043 ) .",outcomes,0,0,5
10213233,The difference was largely explained by the greater proportion of virulent organisms in the tap eyes compared with biopsy eyes .,outcomes,0,0,8
10213233,"When visual acuity outcome was defined by other thresholds ( 20/40 and 20/100 ) , the difference was not significant .",outcomes,0,0,3
10213233,"CONCLUSIONS This study showed no significant differences between mechanized vitreous biopsy and needle tap with respect to microbiologic yield , operative complications , short-term ( 9-12 months ) retinal detachment risk , or visual outcome .",none,0,0,0
10213233,Choice of vitreous sampling procedure must depend on the clinical judgment of the surgeon .,none,0,0,0
10213554,"Isradipine , raised glycosylated haemoglobin , and risk of cardiovascular events .",participants,5,1,3
10223244,Allelic imbalance in the clonal evolution of prostate carcinoma .,participants,2,0,2
10223244,"BACKGROUND To understand better the genetic basis of the clonal evolution of prostate carcinoma , the authors analyzed the pattern of allelic loss in 25 matched primary and metastatic prostate tumors .",participants,7,0,2
10223244,METHODS Twenty-five cases were selected from the surgical pathology files of the Mayo Clinic from patients who had undergone radical retropubic prostatectomy and bilateral lymphadenectomy between 1987-1991 .,interventions,1,5,0
10223244,All patients had regional lymph node metastases at the time of surgery .,participants,4,0,0
10223244,DNA samples for the analysis of allelic loss pattern were prepared from primary tumors and matched synchronous lymph node metastases by tissue microdissection .,outcomes,0,0,2
10223244,"The oligonucleotide primer pairs for the microsatellite DNA markers were D8S133 , D8S136 , D8S137 , ANK1 on chromosome 8p12-21 , LPLTET on chromosome 8p22 , and D17S855 ( intragenic to the BRCA1 gene ) on chromosome 17q21 .",none,0,0,0
10223244,One case was not informative at any of the loci tested and was excluded from further analysis .,none,0,0,0
10223244,RESULTS The overall frequency of allelic imbalance was 79 % in primary tumors and 88 % in paired metastases .,outcomes,0,0,5
10223244,"Of 24 informative cases , 14 patients ( 58 % ) showed the same pattern of allelic loss or retention in matched primary and metastatic tumors at all marker locus ; discordant allelic loss was observed in the remaining 10 patients ( 42 % ) .",outcomes,1,0,4
10223244,"Four patients showed loss of the same allele at one or more marker loci in both primary and metastatic tumors , but discordant allelic loss was observed at other marker loci .",outcomes,0,0,3
10223244,Five patients showed allelic loss in at least one genetic marker in the metastatic tumor but not in its matched primary tumor .,outcomes,0,0,2
10223244,Five patients displayed loss of one allele at one or more marker loci in a primary tumor but not in the matched metastases .,outcomes,0,0,4
10223244,There was no significant difference in the frequency of allelic imbalance between primary and metastatic tumors at any marker analyzed ( P > 0.05 ) .,outcomes,0,0,4
10223244,CONCLUSIONS These data suggest that different patterns of allelic deletion may be acquired during cancer progression to metastases .,outcomes,0,0,2
10223244,"The differences in genetic composition between primary prostate carcinoma and its metastases may be related to intrinsic cancer heterogeneity , overall genetic instability , and clonal divergence .",none,0,0,0
10224577,Thrombolysis is superior to heparin for non-obstructive mitral mechanical valve thrombosis .,none,0,0,0
10224577,"BACKGROUND AND AIM OF THE STUDY Non-obstructive prosthetic valve thrombosis ( PVT ) is a unique subset that features clinical presentation without heart failure , and may be asymptomatic .",participants,6,0,0
10224577,"Thrombolysis has been accepted for obstructive PVT , but treatment strategies of non-obstructive PVT are controversial .",none,0,0,0
10224577,This study compared the efficacy and safety of thrombolysis and heparin treatment in these patients .,outcomes,0,0,3
10224577,"METHODS Between 1993 and 1998 , 20 consecutive patients were found by multiplane transesophageal echocardiography ( TEE ) to have non-obstructive PVT .",participants,4,2,0
10224577,"TEE was performed for peripheral embolism in two patients , stroke or transient ischemic attack in six , stroke and fever in two , fever in one patient , as a routine postoperative examination in two patients , and for other reasons in seven .",none,0,0,0
10224577,Patients were allocated to two groups : group I ( n = 8 ) received streptokinase-mediated fibrinolysis ; group II ( n = 12 ) received intravenous heparin by infusion .,interventions,0,8,0
10224577,Treatment was monitored using TEE .,none,0,0,0
10224577,"RESULTS There was no difference between patient groups with regard to sex , age , type of prosthesis and time since operation , though anticoagulant status was more often inadequate in group II .",none,0,0,0
10224577,"By TEE , valve motion was normal in all patients .",outcomes,0,0,2
10224577,"In group I , all thrombi were mobile and 5-13 mm in diameter ; in group II , all thrombi but three were mobile and 3-18 mm in diameter .",outcomes,0,0,1
10224577,"In group I , thrombolysis was successful in all patients , without complications , within 6-72 h. In group II , heparin treatment was successful in six patients in 3-32 days .",interventions,0,1,1
10224577,"In one patient , seven days ' of unsuccessful heparin was followed by two months ' successful coumarin therapy .",none,0,0,0
10224577,"Among five unsuccessful cases , the thrombus size increased in four ( three became obstructive in 7-35 days ) ; all four patients were switched to fibrinolysis , which was successful without complications in 12-60 h. The fifth patient developed a stroke after nine days of heparin treatment and was subsequently operated on .",outcomes,0,0,3
10224577,CONCLUSIONS Non-obstructive PVT may be asymptomatic in one-third of patients .,none,0,0,0
10224577,"Thrombolysis is an efficient and safe treatment , and may be first-line therapy if there is no contraindication .",outcomes,0,0,3
10224577,Heparin treatment was successful in about one-half of our cases in the presence of sessile or small thrombi and inadequate anticoagulant status .,interventions,0,1,0
10224577,"In unsuccessful cases , thrombi became obstructive or caused stroke during heparin therapy , the adequate duration of which remains unclear .",outcomes,0,0,1
10225743,Blood purification for critical care medicine : endotoxin adsorption .,interventions,0,2,2
10225743,Many kinds of blood purifying technologies have been applied to the treatment of critically ill patients since 1979 when plasma exchange with hollow-fiber membranes was developed .,interventions,0,3,0
10225743,"These technologies have been applied not only to the removal of toxic substances , but also to the treatment of objective diseases and the removal of the factors relating to the associated inflammation .",none,0,0,0
10225743,"This article summarizes these methods and their efficacies for critically ill patients , especially those with severe sepsis .",participants,10,0,0
10225743,"Attempts have been made to remove endotoxin , the main cause of sepsis , from the circulation using polymyxin B immobilized fiber , charcoal hemoperfusion , and plasma or whole blood exchange .",interventions,0,11,0
10225743,"Attempts have also been made to remove proinflammatory cytokines , eicosanoides , and coagulative factors from the circulation in the human body .",none,0,0,0
10225743,Continuous hemofiltration or hemodiafiltration is the representative technology .,none,0,0,0
10225743,"The efficacy of these methods has been established , but several issues remain unresolved .",outcomes,0,0,1
10225743,"All methods of the treatment of severe sepsis are discussed with reference to treatment indications , efficacy , and outcome parameters .",outcomes,0,0,2
10225743,"In particular , the clinical results of endotoxin removal with polymyxin B immobilized fiber are summarized in this article .",interventions,0,4,0
10230191,Naltrexone and communication skills in young children with autism .,participants,1,1,0
10230191,OBJECTIVE To evaluate the effect of naltrexone on communication skills of young children with autism .,participants,5,1,0
10230191,"METHOD Twenty-four children with autism , 3.0 to 8.3 years old ( mean 5.1 ) who were living at home and attending appropriate school programs , participated in a randomized , double-blind , placebo-controlled , crossover trial .",participants,2,0,0
10230191,"Naltrexone , 1.0 mg/kg , or placebo was administered daily for 2 weeks .",interventions,0,2,0
10230191,Communication was evaluated from videotaped samples of seminaturalistic parent-child interaction .,interventions,0,6,0
10230191,Child and parent language were assessed using similar measures .,none,0,0,0
10230191,"RESULTS In this heterogeneous sample , the median number of words the child produced on placebo was 9.5 ( range 0-124 ) .",outcomes,0,0,7
10230191,The median proportion of utterances with echolalia was 0.16 .,outcomes,0,0,6
10230191,No differences were found between the naltrexone and placebo conditions in any of the measures of children or parents ' communication .,outcomes,0,2,5
10230191,"Significant correlations were found between the child 's number of words and developmental quotient ( Spearman rho = 0.58 , p = .003 ) and between the child 's and parent 's number of words ( rho = 0.55 , p = .005 ) .",outcomes,0,0,7
10230191,CONCLUSIONS Previous studies showed that naltrexone was associated with modest reduction in hyperactivity and restlessness in this group of children with autism .,interventions,0,1,0
10230191,"In this short-term study , the medication did not lead to improvement in communication , a core deficit of autism .",none,0,0,0
10235220,Long term response to therapy of chronic anti-HBe-positive hepatitis B is poor independent of type and schedule of interferon .,participants,4,0,0
10235220,OBJECTIVE The response rate to alpha interferon ( IFN ) of chronic anti-HBe-positive hepatitis B is variable .,outcomes,0,5,8
10235220,"We studied whether type , dose , and schedule of IFN , and type and frequency of posttreatment monitoring , influence the response rate .",interventions,0,1,0
10235220,"METHODS Seventy-two consecutive anti-HBe-positive chronic hepatitis B patients ( 59 male and 13 female , median age 41 yr ) stratified by sex and histology were randomly allocated to three treatment arms .",participants,7,0,0
10235220,Twenty-seven patients ( A ) received 10 million units alpha-N1 IFN i.m .,interventions,0,4,0
10235220,for 24 wk ( total dose : 720 million units ) ; 21 ( B ) received 9 million units alpha-2a IFN i.m .,interventions,0,4,0
10235220,"for 4 wk , followed by 18 million units for 12 wk and 9 million units for 8 wk ( 972 million units ) ; 24 ( C ) received 2 alpha-2a IFN courses ( 9 million units i.m .",interventions,0,3,0
10235220,for 16 and 12 wk separated by a 6-month interval [ 756 million units ] ) .,none,0,0,0
10235220,"Primary response was defined by normal ALT and serum HBV-DNA levels below 10 pg/ml at the end of therapy and sustained response by normal ALT ( tested monthly ) , undetectable HBV-DNA and IgM anti-HBc ( < 7 I.U .",outcomes,0,0,9
10235220,Paul Ehrlich Institute ) ( tested every 3 months ) during the posttreatment follow-up .,none,0,0,0
10235220,"RESULTS At the end of treatment , 12 , 8 , and 13 patients from groups A , B , and C , respectively , were responders .",none,0,0,0
10235220,"At the 18-month follow-up , two patients in group A and only one in groups B and C maintained the response .",none,0,0,0
10235220,"Overall , after 34 months ( median posttreatment follow-up ) , three patients were long term responders , whereas three showed a sustained remission after relapse .",outcomes,0,0,1
10235220,"CONCLUSIONS The rate of long term response to interferon of anti-HBe-positive chronic hepatitis B is poor , independent of IFN type , dose , or schedule ; the more stringent the monitoring , the higher the relapse rate .",outcomes,0,0,5
10337083,Getting a high response rate of sexual behavior survey among the general population in Japan : three different methods of survey on sexual behavior .,none,0,0,0
10337083,"The purpose of this study was to specify the most accurate , reliable and valid technique for a general sexual behavioral survey in Japan .",none,0,0,0
10337083,This pilot study was conducted to assure a high response rate and to keep respondents ' privacy confidential by using an anonymous questionnaire survey technique .,none,0,0,0
10337083,The sample ( 360 potential respondents ) was selected randomly from basic resident registers in two geographically different areas .,participants,3,0,0
10337083,"From the registries , 90 residents , aged 20 to 49 years old , were randomly selected to represent each sex from each area .",participants,2,0,0
10337083,"The subjects were randomly assigned to three groups each having a different procedure of requesting the completion of the survey and providing the questionnaires : ( 1 ) Postal Group , ( 2 ) Telephone Group , and ( 3 ) Face-to-face Group .",interventions,0,6,0
10337083,The survey was carried out from October 1995 to February 1996 .,none,0,0,0
10337083,"Effective response rates for the above mentioned three groups were 69.2 % , 69.2 % and 55.8 % , respectively .",outcomes,0,0,3
10337083,It is difficult to determine the best method when only considering the effective response rates .,outcomes,0,0,4
10337083,"However , judging from our effort and expense , the mail survey is the best possible procedure and would be a reasonable method for a national sexual behavior survey .",interventions,0,2,0
10337433,Comparative evaluation of olopatadine ophthalmic solution ( 0.1 % ) versus ketorolac ophthalmic solution ( 0.5 % ) using the provocative antigen challenge model .,interventions,0,6,0
10337433,OBJECTIVE This study was conducted to compare the efficacy and safety of olopatadine ophthalmic solution ( 0.1 % ) with ketorolac ophthalmic solution ( 0.5 % ) in a clinical model of acute allergic conjunctivitis .,interventions,4,6,3
10337433,"Olopatadine is a dual acting H1 histamine receptor antagonist and a mast cell stabilizer , shown to be effective in treating allergic conjunctivitis .",participants,3,1,0
10337433,Ketorolac is a non-steroidal anti-inflammatory drug approved in the United States for the relief of ocular itching associated with seasonal allergic conjunctivitis .,interventions,0,1,0
10337433,"METHODS The provocative antigen challenge model was used in this randomized , double-blind , single-center , crossover study .",none,0,0,0
10337433,The allergen and concentration that consistently elicited a positive allergic reaction was used for challenge .,none,0,0,0
10337433,"After at least 14 days , subjects were randomized to receive either olopatadine in one eye and placebo in the contralateral eye , or ketorolac in one eye and placebo in the contralateral eye .",interventions,0,4,0
10337433,Twenty-seven minutes after drug instillation subjects were challenged with allergen .,none,0,0,0
10337433,"At 3 , 10 , and 20 minutes following allergen challenge , subjects graded ocular itching and were assessed for hyperemia in conjunctival , ciliary , and episcleral vessel beds .",outcomes,0,0,14
10337433,"Approximately 14 days later , subjects received the alternate treatment in one eye and placebo in the contralateral eye .",interventions,0,1,0
10337433,They were again challenged with allergen and their responses were rated in the same manner .,none,0,0,0
10337433,RESULTS Olopatadine significantly ( p < 0.0001 ) reduced both ocular itching and hyperemia in all three vessel beds compared to placebo at all time points tested following allergen challenge .,outcomes,0,2,3
10337433,Ketorolac did not significantly reduce itching and showed a trend of increased hyperemia compared to placebo .,interventions,0,2,1
10337433,Olopatadine was significantly ( p < 0.001 ) more effective than ketorolac in reducing hyperemia and ocular itching at all time points and was also significantly ( p < 0.05 ) more comfortable than ketorolac as reported by subjects immediately following drug instillation .,outcomes,0,3,5
10337433,CONCLUSION The study demonstrated that olopatadine is effective and safe in preventing and treating ocular itching and hyperemia associated with acute allergic conjunctivitis and is more effective and more comfortable than ketorolac .,outcomes,0,2,3
10337657,Effect of total androgen ablation on pathologic stage and resection limit status of prostate cancer .,outcomes,2,3,9
10337657,Initial results of the Italian PROSIT study .,none,0,0,0
10337657,The likelihood of finding organ-confined untreated prostate cancer ( PCa ) by pathological examination at the time of radical prostatectomy ( RP ) is only 50 % in patients with clinically organ-confined disease .,interventions,0,5,0
10337657,"In addition , tumour is present at the resection margin in approximately 30 % of clinical T2 ( clinical stage B ) cases .",none,0,0,0
10337657,"The issue of clinical "" understaging "" and of resection limit positivity have led to the development of novel management practices , including "" neoadjuvant "" hormonal therapy ( NHT ) .",interventions,0,8,0
10337657,The optimal duration of NHT is unknown .,none,0,0,0
10337657,We undertook the present analysis to evaluate the effect of NHT on pathologic stage of PCa and resection limit status in patients with prostate cancer and treated with total androgen ablation either for three or six months before RP .,outcomes,0,3,12
10337657,"Between January 1996 and February 1998 , 259 men with prostate cancer underwent radical retropubic prostatectomy and bilateral pelvic node dissection in the 26 centres participating in the Italian randomised prospective PROSIT study .",interventions,0,8,0
10337657,Whole mount sectioning of the complete RP specimens was adopted in each centre for accurately evaluating the pathologic stage and resection limit status .,outcomes,0,0,6
10337657,"By February 1998 , haematoxylin and eosin stained sections from 155 RP specimens had been received and evaluated by the reviewing pathologist ( RM ) .",none,0,0,0
10337657,64 cases had not been treated with total androgen ablation ( e.g .,interventions,0,3,0
10337657,"NHT ) before RP was performed , whereas 58 and 33 had been treated for three and six months , respectively .",interventions,0,1,0
10337657,"114 patients were clinical stage B whereas 41 were clinical stage C. After three months of total androgen ablation , pathological stage B was more prevalent among patients with clinical B tumours , compared with untreated patients ( 57 % in treated patients vs. 36 % in untreated ) .",interventions,0,3,3
10337657,"The percentage of cancers with negative margins was statistically significantly greater in patients treated with neoadjuvant therapy than those treated with immediate surgery alone ( 69 % vs. 42 % , respectively ) .",outcomes,0,5,6
10337657,"After six months of NHT therapy the proportion of patients with pathological stage B ( 67 % vs. 36 % , respectively ) and negative margins was greater than after 3 months ( 92 % vs. 42 % , respectively ) .",outcomes,0,0,9
10337657,"For clinical C tumours , the prevalence of pathological stage B and negative margins in the patients treated for either 3 or 6 months was not as high as in the clinical B tumours , when compared with the untreated group ( pathological stage B : 31 % and 33 % vs. 6 % in the clinical C cases , respectively .",outcomes,0,0,6
10337657,"Negative margins : 56 % and 67 % vs. 31 % , respectively ) .",none,0,0,0
10337657,The initial results of this study suggest that total androgen ablation before RP is beneficial in men with clinical stage B because of the significant pathological downstaging and decrease in the number of positive margins in the RP specimens .,outcomes,0,5,8
10337657,These two effects are more pronounced after six months of NHT than after three months of therapy .,interventions,0,1,0
10337657,The same degree of beneficial effects are not observed in clinical C tumours .,outcomes,0,0,2
10337847,Problem-solving counseling for caregivers of the cognitively impaired : effective for whom ?,interventions,0,2,0
10337847,BACKGROUND Individualized problem-solving counseling for caregivers of cognitively impaired relatives is thought to help caregivers cope with the stress and burden of caregiving .,interventions,0,2,0
10337847,Few studies have shown the effectiveness of counseling for these caregivers .,none,0,0,0
10337847,OBJECTIVES To determine the effectiveness of individualized problem-solving counseling by nurses for caregivers and the expenditures of health care utilization .,interventions,0,5,0
10337847,METHOD Caregivers ( n = 77 ) of the cognitively impaired living at home were randomized to receive nurse counseling or not .,participants,4,4,0
10337847,"Psychosocial adjustment to their relative 's illness , psychological distress , burden , coping skills , and expenditures were measured after 6 months and 1 year .",outcomes,0,0,9
10337847,"RESULTS Although on average , all caregivers receiving nurse counseling indicated no improvement in psychosocial adjustment to their relative 's illness , psychological distress , or caregiver burden , they found counseling very helpful and it was effective for a subgroup of caregivers .",outcomes,0,2,8
10337847,"Those with poor logical analysis coping skills at baseline had decreased psychological distress ( F ( 1,53 ) = 9.7 , p = .003 ) and improved psychosocial adjustment ( F ( 1,53 ) = 4.7 , p = .035 ) after 1 year .",outcomes,0,0,4
10337847,Caregivers in control and counseling groups whose relatives entered a nursing home improved their psychosocial adjustment 23 % on average whereas those continuing to live in the community decreased by 8 % .,interventions,0,2,2
10337847,"Almost half as many relatives entered nursing homes in the counseling group ( n = 9 vs. n = 5 ) but these compared to control group relatives had greater annualized per person expenditures for health and social services ( Cdn $ 23,437 vs. Cdn $ 15,151 ) .",outcomes,0,2,4
10337847,CONCLUSIONS Caregivers found nurse counseling most helpful .,interventions,0,2,0
10337847,Those indicating infrequent use of logical analysis coping skills showed benefits .,none,0,0,0
10338217,"Oral and parenteral glutamine in bone marrow transplantation : a randomized , double-blind study .",interventions,0,1,0
10338217,BACKGROUND Total parenteral nutrition ( TPN ) supplemented with glutamine ( GLN ) has been reported to be effective for patients with bone marrow transplantation ( BMT ) .,interventions,8,12,0
10338217,Our aim was to evaluate enteral and parenteral glutamine in patients undergoing BMT .,participants,3,0,0
10338217,"METHODS For evaluation of GLN in BMT , 66 patients with 43 hematologic and 23 solid malignancies ( 21 breast carcinomas ) , were randomized , double-blinded , to either oral GLN ( n = 35 ) or glycine-control ( GLY ) ( n = 31 ) , 10 g three times daily .",participants,5,3,0
10338217,"When TPN became necessary , patients who received GLN orally were given TPN with GLN ( 0.57 g/kg ) .",interventions,0,4,0
10338217,"Those who received GLY received standard TPN , isocaloric and isonitrogenous .",interventions,0,1,0
10338217,"Patients with hematologic malignancies received high-dose chemotherapy , total body irradiation , and either allogeneic ( ALLO ) BMT ( n = 18 ) or autologous ( AUTO ) stem cell transplantation ( n = 25 ) .",interventions,4,17,0
10338217,Patients with solid malignancies ( n = 23 ) received AUTO .,interventions,0,1,0
10338217,RESULTS There were 14 in-hospital deaths without relationship to GLN administration .,participants,6,0,0
10338217,"For respective comparisons of ALLO and AUTO transplants in the GLN and GLY hematologic groups and AUTO in the solid tumor groups , there were no significant differences in hospital stay , duration of stay after BMT , TPN days , neutrophil recovery > 500/mm3 , incidence of positive blood cultures , sepsis , mucositis , and diarrhea .",outcomes,0,0,27
10338217,Acute graft us host disease occurred in 1 of 10 hematologic patients receiving GLN and in 3 of 8 patients receiving GLY placebo ( p > .05 ) .,outcomes,3,0,5
10338217,Possible reduction in need for TPN and a suggestion of improved long-term survival were associated with GLN .,outcomes,0,0,3
10338217,CONCLUSIONS Oral and parenteral GLN seemed to be of limited benefit for patients having AUTO or ALLO BMT for hematologic or solid malignancies .,interventions,0,1,0
10338217,Further study of long-term effects of GLN in BMT seems warranted .,none,0,0,0
10348763,Amphotericin B in children with malignant disease : a comparison of the toxicities and pharmacokinetics of amphotericin B administered in dextrose versus lipid emulsion .,interventions,4,9,0
10348763,"In a prospective , randomized clinical trial , the toxicity of 1 mg of amphotericin B ( AmB ) per kg of body weight per day infused in 5 % dextrose was compared with that of AmB infused in lipid emulsion in children with malignant disease .",interventions,3,11,0
10348763,"In an analysis of 82 children who received a full course of 6 days or more of AmB ( 117 courses ) , it was shown that there were significant increases in plasma urea and creatinine concentrations and in potassium requirement after 6 days of therapy with both AmB infused in dextrose and AmB infused in lipid emulsion , with there being no difference between the two methods of AmB administration .",interventions,1,7,0
10348763,"An intent-to-treat comparison of the numbers of courses affected by acute toxicity ( fever , rigors ) and chronic toxicity ( nephrotoxicity ) also indicated that there was no significant difference between AmB infused in dextrose ( 78 courses ) and AmB infused in lipid emulsion ( 84 courses ) .",interventions,0,7,0
10348763,The pharmacokinetics of AmB were investigated in 20 children who received AmB in dextrose and 15 children who received AmB in lipid emulsion .,interventions,0,7,3
10348763,"Blood samples were collected up to 24 h after administration of the first dose , and the concentration of AmB in plasma was analyzed by a high-performance liquid chromatography assay .",outcomes,0,1,5
10348763,The clearance ( CL ) of AmB in dextrose ( 0.039 +/- 0.016 liter .,outcomes,0,3,8
10348763,kg-1 ) was significantly lower ( P < 0.005 ) than the CL of AmB in lipid emulsion ( 0.062 +/- 0 .,interventions,0,4,0
10348763,The steady-state volume of distribution for AmB in dextrose ( 0.83 +/- 0.33 liter .,outcomes,0,0,6
10348763,kg-1 ) was also significantly lower ( P < 0.005 ) than that for AmB in lipid emulsion ( 1.47 +/- 0.77 liter .,interventions,0,4,0
10348763,"Although AmB in lipid emulsion is apparently cleared faster and distributes more widely than AmB in dextrose , this study did not reveal any significant advantage with respect to safety and tolerance in the administration of AmB in lipid emulsion compared to its administration in dextrose in children with malignant disease .",outcomes,3,9,10
10352330,Effect of granulocyte/colony-stimulating factor on the onset of the adult respiratory distress syndrome .,participants,3,2,0
10352330,"To evaluate the effect of granulocyte/colony-stimulating factor ( G-CSF ) on the onset of the adult respiratory distress syndrome ( ARDS ) , we investigated whether the incidence of ARDS due to pulmonary infection differed between the G-CSF group which received chemotherapy with G-CSF and historical controls without G-CSF .",interventions,11,12,0
10352330,We evaluated 132 patients with hematological malignancy in complete remission without any main organ dysfunction who had been treated between April 1983 and December 1997 .,participants,24,0,0
10352330,We compared the incidence of ARDS due to pulmonary infection between those who received G-CSF and those who did not .,interventions,0,1,0
10352330,"There was no remarkable difference in the number of patients , gender , age , or distribution of primary diseases between the two groups .",participants,22,0,0
10352330,"The intensity of chemotherapy was not considered to significantly differ between the two groups , though the chemotherapy regimens administered differed slightly .",outcomes,0,0,3
10352330,"In the G-CSF group , the duration of neutropenia was significantly shorter and the frequency of documented infection was significantly decreased .",outcomes,0,1,3
10352330,We could not find any relationship between ARDS due to pulmonary infection and any anticancer agent or antibiotics .,outcomes,0,0,2
10352330,"There was no relationship between the kind of G-CSF and the incidence of ARDS due to pulmonary infection ( per chemotherapy session ; p > 0.10 , per case ; p > 0.30 , chi2 test ) .",outcomes,0,1,2
10352330,"The incidence of ARDS due to pulmonary infection per chemotherapy session was 4.21 % , and showed a higher tendency in the G-CSF group ( p < 0.100 , chi2 test ) .",outcomes,0,1,10
10352330,"The incidence of ARDS due to pulmonary infection per case was 25.4 % and was significantly higher in the G-CSF group ( p < 0.025 , chi2 test ) .",interventions,0,1,0
10352330,"The incidence of ARDS due to pulmonary infection was higher in the G-CSF group than in the controls , suggesting that G-CSF promotes the development of ARDS due to pulmonary infection .",outcomes,0,2,13
10352397,"Low-dose growth hormone treatment with diet restriction accelerates body fat loss , exerts anabolic effect and improves growth hormone secretory dysfunction in obese adults .",outcomes,2,7,14
10352397,Growth hormone ( GH ) can induce an accelerated lipolysis .,interventions,0,2,2
10352397,Impaired secretion of GH in obesity results in the consequent loss of the lipolytic effect of GH .,outcomes,0,0,4
10352397,"Dietary restriction as a basic treatment for obesity is complicated by poor compliance , protein catabolism , and slow rates or weight loss .",none,0,0,0
10352397,GH has an anabolic effect by increasing insulin-like growth factor ( IGF ) -I .,outcomes,0,0,7
10352397,"We investigated the effects of GH treatment and dietary restriction on lipolytic and anabolic actions , as well as the consequent changes in insulin and GH secretion in obesity .",outcomes,1,0,7
10352397,"24 obese subjects ( 22 women and 2 men ; 22-46 years old ) were fed a diet of 25 kcal/kg ideal body weight ( IBW ) with 1.2 g protein/kg IBW daily and were treated with recombinant human GH ( n = 12 , 0.18 U/kg IBW/week ) or placebo ( n = 12 , vehicle injection ) in a 12-week randomized , double-blind and placebo-controlled trial .",participants,8,5,0
10352397,"GH treatment caused a 1.6-fold increase in the fraction of body weight lost as fat and a greater loss of visceral fat area than placebo treatment ( 35.3 vs. 28.5 % , p < 0.05 ) .",outcomes,0,1,15
10352397,"In the placebo group , there was a loss in lean body mass ( -2.62 +/- 1.51 kg ) and a negative nitrogen balance ( -4.52 +/- 3.51 g/day ) .",outcomes,0,0,6
10352397,"By contrast , the GH group increased in lean body mass ( 1.13 +/- 1.04 kg ) and had a positive nitrogen balance ( 1.81 +/- 2.06 g/day ) .",outcomes,0,1,6
10352397,"GH injections caused a 1.6-fold increase in IGF-I , despite caloric restriction .",outcomes,0,2,3
10352397,GH response to L-dopa stimulation was blunted in all subjects and it was increased after treatment in both groups .,outcomes,0,0,5
10352397,GH treatment did not induce a further increase in insulin levels during an oral glucose tolerance test ( OGTT ) but significantly decreased free fatty acid ( FFA ) levels during OGTT .,outcomes,0,1,9
10352397,The decrease in FFA area under the curve during OGTT was positively correlated with visceral fat loss .,outcomes,0,0,5
10352397,"This study demonstrates that in obese subjects given a hypocaloric diet , GH accelerates body fat loss , exerts anabolic effects and improves GH secretion .",outcomes,1,0,8
10352397,These findings suggest a possible therapeutic role of low-dose GH with caloric restriction for obesity .,interventions,0,1,0
10355394,A prospective randomized trial of Duraflo II heparin-coated circuits in cardiac reoperations .,interventions,3,4,0
10355394,BACKGROUND Heparin-coated circuits in cardiopulmonary bypass have been shown to decrease the systemic inflammatory responses associated with cardiopulmonary bypass .,interventions,0,2,0
10355394,Previous clinical studies on low-risk patients who had coronary artery bypass grafting ( CABG ) and received full-dose systemic heparin did not have clearly improved clinical outcomes .,participants,11,1,0
10355394,We hypothesized that the beneficial effects of heparin-coated circuits might be seen in patients who had cardiac reoperations .,interventions,0,2,0
10355394,"METHODS Three hundred fifty patients who had reoperation with CABG only ( 58 % ) , or with valve operations ( 42 % ) were randomly assigned to receive either a heparin-coated ( Duraflo II ; study group ) or uncoated ( control group ) circuit .",interventions,3,5,0
10355394,"Clinical outcomes were compared and the variables were analyzed using the following three groups : entire populations of study group and control group , subgroup of patients who had CABG reoperation only , and a subgroup who had valve reoperation or combined valve and CABG reoperation .",participants,1,0,0
10355394,RESULTS Preoperative variables were the same in both groups .,none,0,0,0
10355394,"No difference in clinical outcomes could be demonstrated except that the percentage of patients with major bleeding episodes was significantly lower in the study group ( 1.2 % versus 5.4 % , p = 0.035 ) .",outcomes,2,0,7
10355394,"In the subgroup analysis of patients who had valve reoperations , lower blood transfusion requirements in the intensive care unit ( p = 0.013 ) were found in the study group .",outcomes,0,0,5
10355394,"When the subgroup of patients who had CABG reoperations was analyzed separately , there was a trend toward less reoperation for bleeding in the study group ( 0 % versus 4.0 % , p = 0.058 ) .",outcomes,0,0,3
10355394,CONCLUSIONS We conclude that the use of heparin-coated circuits was safe and imparted protection from reoperations for bleeding and major bleeding episodes .,none,0,0,0
10355394,"Material-independent blood activation ( eg , blood-air interface and cardiotomy suction ) blunted the total effect of the heparin-coated surface .",none,0,0,0
10356632,Event-related potential indices of auditory selective attention in dependent amphetamine users .,participants,2,0,0
10356632,BACKGROUND The aim of the present study was to further investigate a previously reported attention-related impairment in dependent amphetamine users using event-related potential ( ERP ) indices of selective attention .,outcomes,2,0,6
10356632,METHODS ERPs were recorded during an auditory selective attention task ( SAT ) that involved detecting infrequent long-duration target tones presented among short-duration tones that varied in location ( left vs. right ear ) and pitch ( low vs. high ) .,interventions,0,7,0
10356632,"Amphetamine users ( n = 19 ) were divided into two groups , high dependence ( n = 10 ) and low dependence ( n = 10 ) , based on amphetamine Severity of Dependence Scale scores , and compared to an age-matched control group ( n = 9 ) .",participants,4,0,0
10356632,RESULTS The high-dependence group showed slowed reaction time and reduced early processing negativity and peak N1 amplitude to location-relevant nontarget stimuli .,outcomes,0,0,10
10356632,"Poor performance on the SAT was highly correlated with deficits in early processing , which were also related to poor performance on the Wechsler Memory Scale Attention/Concentration index .",outcomes,0,0,5
10356632,CONCLUSIONS It is suggested that severely dependent users suffer an inability to selectively enhance the sensory processing of relevant auditory information .,none,0,0,0
10356632,This may produce poor automatic preferential processing of relevant information and increase load on limited attentional resources .,none,0,0,0
10360656,"A randomized phase II trial of 5-fluorouracil , with or without human interferon-beta , for advanced colorectal cancer .",participants,3,3,0
10360656,"This study compared the efficacy and safety of 5-fluorouracil ( 5-FU ) monotherapy to that of 5-FU combined with natural human interferon-beta ( IFN-beta ) in patients with unresectable , advanced colorectal carcinoma .",interventions,3,14,3
10360656,Forty-nine chemotherapy-naive patients were randomized to 5-FU alone or to the combination .,participants,2,0,0
10360656,All patients received 750 mg m ( -2 ) day ( -1 ) 5-FU for 5 days by continuous intravenous ( i.v .,none,0,0,0
10360656,") infusion , followed after day 15 by a weekly i.v .",none,0,0,0
10360656,bolus of 750 mg m ( -2 ) .,none,0,0,0
10360656,IFN-beta was injected intramuscularly three times weekly at 9 M IU .,interventions,0,1,0
10360656,"Treatment continued for 52 weeks , or until disease progression or intolerable toxicity .",outcomes,0,0,4
10360656,"Clinical endpoints were tumor response , time to progression , survival and toxicity .",outcomes,0,0,8
10360656,"The addition of IFN-3 to 5-FU significantly improved response rate ( 33.3 % vs 4.5 % for evaluable patients ; P = 0.021 ) , time to progression ( median 7.2 vs 4.2 months ; P = 0.0435 ) , and survival time ( median 15.9 vs 7.2 months ; P = 0.038 ) without significantly increasing toxicity compared to 5-FU alone .",outcomes,0,3,9
10360656,Cumulative 5-FU dose was higher with combined therapy ( P < 0.001 ) : more patients receiving monotherapy discontinued treatment because of disease progression .,outcomes,0,1,5
10360656,Fever was more frequent with combined therapy ( P = 0.008 ) ; there were no other differences in toxicity .,outcomes,0,0,2
10360656,The only grade IV toxicity observed was neutropenia ( two patients per group ) .,outcomes,0,0,3
10360656,A randomized phase III trial has been initiated to confirm the synergy between 5-FU and IFN-beta .,interventions,0,2,0
10361382,Effects of pyridostigmine and naloxone on the abnormal TSH response to TRH during starvation in humans .,outcomes,5,2,7
10361382,"BACKGROUND Starvation is associated with a blunted TSH response to thyrotropin-releasing hormone ( TRH ) ( peak minus baseline < 5 mIU/L ) , despite basal TSH and thyroid hormone levels within the normal range .",outcomes,0,0,8
10361382,"In light of the inhibitory effect of somatostatin on TSH secretion , we examined whether this condition is caused by an increased hypothalamic somatostatinergic tone in starving subjects .",outcomes,2,0,3
10361382,The possible involvement of endogenous opioids in the mechanism underlying the abnormal TSH response to TRH was also evaluated .,outcomes,0,0,5
10361382,"METHODS The TSH response to TRH ( 25 micrograms in an intravenous bolus ) , serum total and free T4 and T3 levels , and 24-hour urinary-free cortisol levels were measured in 28 normal men ( age 27-35 years ) within 10 % of their ideal body weight .",outcomes,5,1,16
10361382,They were randomly divided into 4 groups of 7 .,none,0,0,0
10361382,"In 21 subjects ( groups 1 , 2 , and 3 ) , TRH tests were performed after an overnight ( 8 hours ) fast , placebo administrations ( control test ) , and after prolonged ( 56 hours ) starvation .",interventions,0,1,0
10361382,"TRH tests after prolonged starvation were performed either after placebos ( in all subjects ) or the administration of pyridostigmine ( 180 mg orally ) ( in 7 subjects , group 1 ) ; naloxone ( 0.8 mg in an i.v .",outcomes,0,3,5
10361382,"bolus injection ) ( in 7 subjects , group 2 ) ; or the combination of pyridostigmine and naloxone ( in 7 subjects , group 3 ) .",interventions,0,3,0
10361382,"The remaining 7 subjects ( group 4 ) were tested at weekly intervals with TRH plus placebo , TRH plus naloxone , TRH plus pyridostigmine , and TRH plus naloxone plus pyridostigmine after a fasting period of 8 hours .",interventions,0,11,0
10361382,"RESULTS In all subjects of groups 1 , 2 , and 3 , TRH-induced TSH rise was significantly lower after prolonged starvation than after overnight fast .",outcomes,0,0,3
10361382,"Neither pyridostigmine nor naloxone , given alone , changed the basal levels of TSH and the TSH response to TRH after prolonged starvation .",outcomes,0,2,11
10361382,"In contrast , the concomitant administration of naloxone and pyridostigmine significantly enhanced the TRH-induced TSH rise .",none,0,0,0
10361382,"After overnight fasting , naloxone administration in group 4 subjects did not change the TSH response to TRH , whereas pyridostigmine significantly enhanced the TSH response to TRH .",none,0,0,0
10361382,When naloxone was given together with pyridostigmine and TRH the TSH response was similar to that observed in the TRH plus pyridostigmine test .,interventions,0,2,0
10361382,CONCLUSIONS These data indicate that naloxone-sensitive endogenous opioids exert an inhibitory effect on the cholinergic stimulatory control of TSH secretion during prolonged starvation .,outcomes,0,0,6
10361382,This suggests that an enhanced hypothalamic somatostatinergic activity is involved in the mechanism underlying the reduced TSH response to TRH .,none,0,0,0
10361648,Effects of a videotape information intervention at discharge on diet and exercise compliance after coronary bypass surgery .,interventions,0,3,0
10361648,BACKGROUND This study evaluated the relative effects on compliance with recommended lifestyle changes of two experimental videotapes that involved different approaches for preparing coronary artery bypass graft ( CABG ) patients for the posthospital recovery period .,participants,8,2,0
10361648,"The tapes differed in the extent to which they portrayed the recovery period as a steady , forward progression versus a series of "" ups and downs .",none,0,0,0
10361648,""" METHODS Two hundred sixteen male and female CABG patients were assigned randomly either to view one of the two videotapes before discharge from the hospital or to receive only the standard discharge preparation provided by the hospital .",interventions,5,17,0
10361648,"All patients completed measures of anxiety and self-efficacy at discharge , 1 month and 3 months after discharge from the hospital .",outcomes,0,0,5
10361648,Patients also completed measures of dietary fat consumption and activity level 1 and 3 months after discharge .,outcomes,0,0,8
10361648,"RESULTS Relative to controls , patients who viewed either of the videotapes before hospital release reported higher self-efficacy for adhering to the recommended low-fat diet both at discharge and 1 month after surgery .",outcomes,0,1,8
10361648,Viewing either of the videotapes also resulted in significantly less dietary fat intake 1 month after hospital release compared with controls .,outcomes,0,0,10
10361648,Patients who viewed the tape that portrayed the recovery period as consisting of ups and downs also reported significantly more frequent moderate exercise at 1 month and more frequent strenuous exercise 3 months after discharge .,outcomes,0,0,7
10361648,CONCLUSIONS The experimental videotapes proved to be an effective method for increasing dietary and exercise compliance during the first 3 months after CABG .,outcomes,0,1,4
10373718,Emerging treatment of acute coronary syndromes with platelet glycoprotein IIB/IIIA inhibitors .,interventions,3,5,0
10374155,"Primary capsulectomy , anterior vitrectomy , lensectomy , and posterior chamber lens implantation in children : limbal versus pars plana .",interventions,1,13,0
10374155,PURPOSE To compare the results of a limbal versus a pars plana approach for primary posterior capsulectomy and anterior vitrectomy in the management of childhood cataract .,interventions,2,5,2
10374155,"SETTING Department of Ophthalmology , Labbafinejad Medical Center , Tehran , Iran .",none,0,0,0
10374155,"METHODS A randomized , controlled , double-masked clinical trial of 45 eyes was conducted .",none,0,0,0
10374155,"After being matched , 38 eyes were included in the study and were divided into 2 equal groups for data analysis .",none,0,0,0
10374155,All eyes had lensectomy and posterior chamber intraocular lens ( PC IOL ) implantation .,interventions,0,10,0
10374155,Primary posterior capsulectomy and anterior vitrectomy were performed through the limbus in half of the eyes and the pars plana in the other half .,interventions,0,5,0
10374155,"Main outcome measures included visual acuity , estimated red reflex , postsurgical inflammatory reaction , corneal clarity , posterior synechias , iris capture , IOL position , capsulectomy size , glaucoma , cystoid macular edema , retinal tear , and postoperative refraction .",outcomes,0,0,38
10374155,RESULTS No statistically significant differences were found between the 2 approaches in the outcome measures .,none,0,0,0
10374155,"CONCLUSION The anatomic and visual results were encouraging when posterior capsulectomy and anterior vitrectomy , using a limbal or pars plana approach , were combined with lensectomy and PC IOL implantation in children .",interventions,1,9,0
10374155,The application of these techniques depends on surgeon experience and skill .,none,0,0,0
10379020,Vitamin A supplementation for extremely-low-birth-weight infants .,interventions,1,3,0
10379020,National Institute of Child Health and Human Development Neonatal Research Network .,none,0,0,0
10379020,BACKGROUND Vitamin A supplementation may reduce the risk of chronic lung disease and sepsis in extremely-low-birth-weight infants .,interventions,1,3,0
10379020,The results of our pilot study suggested that a dose of 5000 IU administered intramuscularly three times per week for four weeks was more effective than the lower doses given in past trials .,none,0,0,0
10379020,"METHODS We performed a multicenter , blinded , randomized trial to assess the effectiveness and safety of this regimen as compared with sham treatment in 807 infants in need of respiratory support 24 hours after birth .",outcomes,1,2,3
10379020,"The mean birth weight was 770 g in the vitamin A group and 769 g in the control group , and the respective gestational ages were 26.8 and 26.7 weeks .",interventions,0,4,2
10379020,"RESULTS By 36 weeks ' postmenstrual age , 59 of the 405 infants ( 15 percent ) in the vitamin A group and 55 of the 402 infants ( 14 percent ) in the control group had died .",none,0,0,0
10379020,"The primary outcome - death or chronic lung disease at 36 weeks ' postmenstrual age - occurred in significantly fewer infants in the vitamin A group than in the control group ( 55 percent vs. 62 percent ; relative risk , 0.89 ; 95 percent confidence interval , 0.80 to 0.99 ) .",outcomes,0,0,4
10379020,"Overall , 1 additional infant survived without chronic lung disease for every 14 to 15 infants who received vitamin A supplements .",none,0,0,0
10379020,The proportions of infants in the vitamin A group and the control group who had signs of potential vitamin A toxicity were similar .,outcomes,0,0,4
10379020,"The proportion of infants with serum retinol values below 20 microg per deciliter ( 0.70 micromol per liter ) was lower in the vitamin A group than in the control group ( 25 percent vs. 54 percent , P < 0.001 ) .",outcomes,0,0,7
10379020,CONCLUSIONS Intramuscular administration of 5000 IU of vitamin A three times per week for four weeks reduced biochemical evidence of vitamin A deficiency and slightly decreased the risk of chronic lung disease in extremely-low-birth-weight infants .,none,0,0,0
10380161,Inflammatory response in humans exposed to 2.0 ppm nitrogen dioxide .,participants,6,2,0
10380161,"Nitrogen dioxide ( NO2 ) is a common indoor air pollutant , especially in homes with unvented combustion appliances .",interventions,0,5,0
10380161,Epidemiological studies suggest that children living in homes with unvented heating sources are more prone to respiratory infections than children living in homes with lower levels of NO2 .,interventions,0,1,0
10380161,"However , experimental studies in which human volunteers were exposed acutely to moderate levels of NO2 ( 0.5-2.0 ppm ) have shown little evidence of lung inflammation or decreased host resistance capacity .",interventions,0,1,0
10380161,"In the study reported here , 8 healthy volunteers were exposed to 2.0 ppm NO2 and to filtered air for 4 h while undergoing intermittent moderate exercise .",participants,16,7,0
10380161,Bronchoalveolar lavage was performed the following morning .,interventions,0,2,0
10380161,The lavage was divided into a predominantly bronchial washing ( first 20 ml of lavage ; BL ) and a predominantly alveolar washing ( BAL ) .,none,0,0,0
10380161,"In the BL , NO2 exposure caused increases in polymorphonuclear neutrophils ( PMNs ) , interleukin 6 ( IL-6 ) , IL-8 , alpha1-antitrypsin , and tissue plasminogen activator , and decreases in epithelial cells .",outcomes,0,1,25
10380161,"In the BAL , there were no NO2-induced changes in either cell numbers or soluble mediators .",outcomes,0,0,6
10380161,"On the other hand , alveolar macrophages from BAL showed a decrease in the ability to phagocytose unopsonized Candida albicans and a decrease in superoxide production .",outcomes,0,0,7
10380161,No difference in susceptibility to virus infection was found between the NO2- and air-exposed macrophages .,outcomes,0,1,4
10380161,"No changes in lung function were observed , but the aerosol bolus recovery technique revealed a statistically significant ( p < .05 ) decrease in the fraction of aerosol recovered following nitrogen dioxide exposure , which is suggestive of small obstructive changes induced by NO2 .",interventions,0,3,0
10382082,Cycle control with oral contraceptives containing 20 micrograms of ethinyl estradiol .,interventions,0,9,0
10382082,"A multicenter , randomized comparison of levonorgestrel/ethinyl estradiol ( 100 micrograms/20 micrograms ) and norethindrone/ethinyl estradiol ( 1000 micrograms/20 micrograms ) .",interventions,0,4,0
10382082,"A randomized , open-label , multicenter study was undertaken to compare the effects of oral contraceptives ( OC ) containing 100 micrograms levonorgestrel ( LNG ) /20 micrograms ethinyl estradiol ( EE ) ( Aless/Loette ) and 1000 micrograms norethindrone acetate ( NETA ) /20 micrograms EE ( Loestrin Fe 1/20 ) on menstrual cycle control over four cycles of use .",interventions,0,37,0
10382082,"A total of 84 evaluable women provided 274 cycles of exposure in the LNG/EE group , and 89 women provided 289 cycles of exposure in the NETA/EE group .",participants,5,0,0
10382082,"Overall , the LNG/EE group achieved a consistently higher percentage of normal menstrual cycles as well as a lower rate of intermenstrual bleeding and amenorrhea than the NETA/EE group .",outcomes,0,0,11
10382082,"In cycle 4 , 63.8 % of cycles were normal in the LNG/EE group compared with 41.9 % in the NETA/EE group ( p < 0.005 ) .",none,0,0,0
10382082,"Of the total cycles in the NETA/EE group , 10 % were amenorrheic , compared with 1.1 % in the LNG/EE group .",outcomes,0,0,1
10382082,"The occurrence of bleeding and/or spotting was significantly lower in cycles 2 and 3 in the LNG/EE group ( 41.7 % and 34.8 % , respectively ) compared with the NETA/EE group ( 62.3 % and 56.3 % ; p < 0.05 ) .",outcomes,0,0,5
10382082,"Other cycle variables were generally similar between groups , as was the incidence of adverse events .",outcomes,0,0,2
10382082,These results demonstrate that good cycle control was achieved with an OC containing 20 micrograms EE and that 100 micrograms LNG/20 micrograms EE produces better cycle control than 1000 micrograms NETA/20 micrograms EE .,interventions,0,3,0
10382134,Sleep patterns in autistic children .,participants,3,0,2
10382134,Sleep disturbances are regarded as a common clinical feature in autistic children .,outcomes,0,0,2
10382134,This concept is based primarily on informal observations or studies conducted with questionnaires .,interventions,0,2,0
10382134,In this study we compared data obtained by questionnaires to that obtained with actigraphy .,interventions,0,3,0
10382134,"Among 22 autistic children , 12 were reported as having sleep problems and 8 patients completed 72 hours actigraphy .",interventions,0,4,0
10382134,"While the employment of questionnaires disclosed that autistic children had an earlier morning awakening time and multiple and early night arousals , actigraphic monitoring showed that with the exception of an earlier morning arousal time ( p = .045 ) , sleep patterns of autistic children were similar to that of normal children .",outcomes,0,2,15
10382134,Parental oversensitivity to sleep disturbances of the autistic children may explain this phenomenon .,outcomes,0,0,2
10385063,Calcitriol for bone disease in patients with cirrhosis of the liver .,participants,7,1,0
10385063,"BACKGROUND Osteoporosis is associated with cirrhosis of the liver , but the effects of therapy for osteoporosis associated with cirrhosis are still controversial .",outcomes,0,0,1
10385063,"METHODS We evaluated the effects of calcitriol ( 1alpha,25-dihydroxyvitamin D3 ) on bone mineral density ( BMD ) in 76 patients ( 26 men and 50 women ) with cirrhosis who were assigned randomly to receive calcitriol ( 0.5 mg twice per day ) or not .",outcomes,6,6,7
10385063,"The BMD of the lumbar vertebrae was measured by dual-energy X-ray absorptiometry at least twice , 12-57 months apart .",interventions,0,12,8
10385063,"RESULTS For men , the mean annual change in BMD was 1.1 % in the treated group and -0.4 % in the control group .",outcomes,1,0,3
10385063,"The median ( 25th and 75th percentiles ) annual change in BMD was 0.6 ( -0.1 , 2.1 % ) in the treated group and -1.4 ( -1.9 , 1.6 % ) in the control group .",outcomes,0,0,4
10385063,The difference in the median annual change between the two groups was significant ( P = 0.013 ) .,participants,2,0,0
10385063,"For women , the mean annual change in BMD was -0.5 % in the treated group and -2.3 % in the control group .",outcomes,1,0,3
10385063,"The median ( 25th and 75th percentiles ) annual change in BMD was -0.5 ( -1.8 , 1.3 % ) in the treated group and -1.5 ( -3.8 , -0.7 % ) in the control group .",outcomes,0,0,1
10385063,This difference was significant ( P = 0.011 ) .,none,0,0,0
10385063,"CONCLUSIONS Our results suggest that calcitriol can prevent bone loss and , therefore , may be useful for the treatment of bone disease in patients with cirrhosis of the liver .",participants,6,0,2
10390407,Comparison of the relative efficacy of formoterol and salmeterol in asthmatic patients .,participants,1,0,1
10390407,Studies performed on airway smooth muscle in vitro have indicated that salmeterol is a partial agonist on the beta2-receptor in comparison to formoterol .,none,0,0,0
10390407,In the present study we evaluated whether these pharmacological differences between salmeterol and formoterol also are applicable to asthmatic patients .,participants,1,0,0
10390407,"The protective effects by increasing cumulative doses of formoterol ( 12 , 60 , 120 micrograms ) and salmeterol ( 50 , 250 , 500 micrograms ) on methacholine-induced bronchoconstriction were evaluated in a double-blind , crossover , placebo-controlled design .",interventions,0,2,0
10390407,"Patients were regularly treated with salbutamol 200 micrograms twice daily during the study period , to avoid variability in beta2-adrenoceptor tolerance .",outcomes,0,0,2
10390407,"S-potassium , heart rate corrected Q-T interval ( Q-Tc ) , and tremor score were followed as measures of systemic effects .",interventions,0,21,11
10390407,Formoterol dose-dependently protected against methacholine responsiveness ( 4.6 doubling doses after 120 micrograms ) .,interventions,0,11,0
10390407,"Salmeterol , however , showed a flatter dose-response curve , and a significantly weaker maximal protective effect ( 2.8 doubling doses after 250 micrograms ) .",none,0,0,0
10390407,Formoterol caused a significantly higher tremor score and a larger drop in S-potassium than salmeterol at the highest doses .,outcomes,0,0,3
10390407,These data show that salmeterol is a partial agonist on the beta2-receptor in relation to formoterol in human airways in vivo .,none,0,0,0
10390407,"Further studies are required to document the clinical consequences of this finding , for example in severe asthmatic patients .",participants,1,0,0
10402369,Adjuvant L-arginine treatment for in-vitro fertilization in poor responder patients .,interventions,0,1,0
10402369,The objective of the present study was prospectively and randomly to evaluate the role of L-arginine in improving uterine and follicular Doppler flow and in improving ovarian response to gonadotrophin in poor responder women .,outcomes,0,1,9
10402369,A total of 34 patients undergoing assisted reproduction was divided in two groups according to different ovarian stimulation protocols : ( i ) flare-up gonadotrophin-releasing hormone analogue ( GnRHa ) plus elevated pure follicle stimulating hormone ( pFSH ) ( n = 17 ) ; and ( ii ) flare-up GnRHa plus elevated pFSH plus oral L-arginine ( n = 17 ) .,interventions,0,24,0
10402369,"During the ovarian stimulation regimen , the patients were submitted to hormonal ( oestradiol and growth hormone ) , ultrasonographic ( follicular number and diameter , endometrial thickness ) and Doppler ( uterine and perifollicular arteries ) evaluations .",interventions,0,1,0
10402369,"Furthermore , the plasma and follicular fluid concentrations of arginine , citrulline , nitrite/nitrate ( NO2-/NO3- ) , and insulin-like growth factor-1 ( IGF-1 ) were assayed .",none,0,0,0
10402369,All 34 patients completed the study .,none,0,0,0
10402369,"In the L-arginine treated group a lower cancellation rate , an increased number of oocytes collected , and embryos transferred were observed .",outcomes,0,1,12
10402369,"In the same group , increased plasma and follicular fluid concentrations of arginine , citrulline , NO2-/NO3- , and IGF-1 was observed .",outcomes,0,0,15
10402369,Significant Doppler flow improvement was obtained in the L-arginine supplemented group .,outcomes,0,1,4
10402369,Three pregnancies were registered in these patients .,outcomes,0,0,1
10402369,No pregnancies were observed in the other group .,outcomes,0,0,1
10402369,"It was concluded that oral L-arginine supplementation in poor responder patients may improve ovarian response , endometrial receptivity and pregnancy rate .",outcomes,0,1,7
10404444,Asthma : communication between hospital and general practitioners .,participants,3,0,0
10404444,OBJECTIVE To assess whether efforts to actively involve General Practitioners ( GPs ) in the postdischarge care of their paediatric asthma patients improved their satisfaction with communication with hospital staff .,outcomes,1,0,6
10404444,"METHODOLOGY Randomized controlled trial involving 60 patients admitted to the Royal Children 's Hospital , Melbourne , with acute asthma and an identifiable GP .",participants,2,0,0
10404444,The GPs of the intervention patients were telephoned during the admission .,none,0,0,0
10404444,"Intervention patients and their GPs received printed information detailing the care the patient received in hospital and the recommended postdischarge care , as well as standardized educational booklets about asthma .",interventions,0,24,0
10404444,Follow-up appointments were made for intervention patients to attend their GPs .,interventions,0,3,0
10404444,"RESULTS The GPs of intervention patients were more satisfied when compared to the GPs receiving a standard level of communication ( 96.4 % vs 48.3 % of the intervention and control GPs , respectively , described the communication as good or extremely good , P = 0.0001 ) .",outcomes,0,0,1
10404444,"The intervention group GPs believed they were more involved after discharge ( 75.0 % vs 44.8 % , P = 0.005 ) and had greater understanding of their patient 's hospitalisation ( 96.4 % vs 62.1 % , P = 0.005 ) .",outcomes,0,0,13
10404444,"These differences were noted despite there being no difference in the rate of follow-up attendance with GPs for intervention and control patients ( 85.7 % vs 72.4 % , P = 0.2 ) .",outcomes,0,0,4
10404444,Qualitative data supported these findings with GPs expressing approval of the intervention used .,outcomes,0,0,5
10404444,"CONCLUSION Efforts to actively involve GPs in the postdischarge care of their paediatric patients with asthma resulted in a marked improvement in their satisfaction with the communication with medical staff at the Royal Children 's Hospital , Melbourne .",outcomes,1,0,7
10404444,The study had insufficient power to demonstrate a difference in morbidity .,none,0,0,0
10408075,[ Validity of cardiotocography in the detection of umbilical cord complications ] .,participants,4,1,3
10408075,OBJECTIVE The purpose of this study was to investigate the validity of cardiotocography for the detection of cord complications .,outcomes,0,1,3
10408075,MATERIAL AND METHODS A low-risk population of 4196 cases was selected in which cord complications have been recognized in 34.3 % .,none,0,0,0
10408075,"Cases with cord complications and controls were paired by parity , gestational age , maternal age and mode of delivery .",participants,8,0,0
10408075,25 pairs were randomly selected .,none,0,0,0
10408075,50 tracings were presented twice to 4 obstetricians in a double-blind manner .,none,0,0,0
10408075,"As parameters for the determination of the validity of fetal monitoring the reliability , positive ( ppv ) and negative predictive value ( npv ) , sensitivity and specificity were used .",none,0,0,0
10408075,Inter- and intra-observer variability were also examined .,none,0,0,0
10408075,"RESULTS Reliability 52 % , ppv 52 % , npv 52 % , sensitivity 46 % , specificity 58 % .",outcomes,0,0,3
10408075,Interobserver variability : All 4 obstetricians agreed in 47 of 100 evaluations .,none,0,0,0
10408075,The level of agreement was higher in the controls ( 63 % ) than in the cord complication group ( 56 % ) .,outcomes,0,0,3
10408075,The intraobserver variability was 25 % .,outcomes,0,0,2
10408075,CONCLUSIONS Cardiotocography is not useful for the detection of cord complications .,outcomes,0,1,5
10408075,"The range of possibilities has not been exploited yet , even for the evaluation of the fetal state .",none,0,0,0
10410152,"[ Efficacy of combination with granisetron and methylprednisolone for nausea , vomiting and appetite loss in remission induction chemotherapy of acute myeloid leukemia -- a randomized comparative trial between granisetron alone and granisetron plus methylprednisolone ] .",participants,16,8,4
10410152,"The prevention of nausea , vomiting and appetite loss induced by remission induction chemotherapy for acute myeloid leukemia was compared by randomization between granisetron alone and combination with granisetron plus methylprednisolone .",interventions,3,4,4
10410152,"Granisetron was administered at 40 micrograms/kg during chemotherapy , and methylprednisolone was administered concomitantly at 125 mg/body for 3 days or more in the combination group .",interventions,0,6,0
10410152,"The single and combination groups comprised 14 and 13 patients , respectively , and there was no significant difference between the background of both groups .",none,0,0,0
10410152,"To evaluate the effect they were scored according to 4 grades , and evaluated every 24 hours from the start of chemotherapy to 5 days after its completion .",none,0,0,0
10410152,"The complete inhibition rate of vomiting was as high as 71.4 % and 92.3 % in the single and combination groups , respectively , showing no significant difference .",outcomes,0,0,5
10410152,The grade of vomiting was mild in both groups .,outcomes,0,0,3
10410152,"Nausea was noted in 71.4 % and 46.2 % , respectively , and the inhibitory effect tended to be higher in the combination group .",outcomes,0,0,1
10410152,"Appetite loss developed in 92.9 % and 41.7 % , respectively , and the prevention effect was clearly higher in the combination group .",outcomes,0,0,2
10410152,"The prevention effects on nausea 7 , 8 and 10 days after the start of chemotherapy , on appetite loss 2-10 days after it , and 2-5 days after its completion , were higher in the combination group .",outcomes,0,0,4
10410152,"Granisetron revealed an excellent inhibitory effect on vomiting induced by remission induction chemotherapy for acute myeloid leukemia , but combination with granisetron and methylprednisolone was considered useful for nausea in the latter half of the treatment period and for appetite loss during the whole period .",outcomes,0,4,7
10414756,Moderate-intensity exercise training with elements of step aerobics in patients with severe chronic heart failure .,participants,7,3,0
10414756,OBJECTIVE To evaluate whether a specific program of moderate-intensity step aerobics training may be sufficient to improve the exercise tolerance of patients with severe chronic heart failure .,participants,7,4,0
10414756,"PATIENTS Twenty-six patients ( 22 men , 4 women ; mean +/- SD age , 54 +/- 9yrs ) with a history of severe chronic heart failure ( left ventricular ejection fraction of 18 % +/- 8 % ) .",none,0,0,0
10414756,"STUDY DESIGN Prospective , randomized , controlled trial .",none,0,0,0
10414756,Patients were randomized into exercise and control groups .,none,0,0,0
10414756,All patients underwent a clinical examination and a ramp pattern cycle exercise test before and after the observation period .,none,0,0,0
10414756,"The exercise group underwent a moderate-intensity ( 50 % of peak oxygen uptake ) 12-week training program , progressing to 100 minutes per week of step aerobics and 50 minutes per week of cycling .",interventions,0,28,0
10414756,The control group did not perform a training program .,interventions,0,4,0
10414756,"MAIN OUTCOME MEASURES Peak oxygen uptake , peak workload , percent of predicted power ability .",outcomes,0,0,10
10414756,"RESULTS Significant increases in peak oxygen uptake ( 15 +/- 3.4 to 18.5 +/- 2.9mL/kg/min ; p = .001 ) , peak workload ( 77 +/- 26 to 99 +/- 31 watts ; p = .000 ) , and percent of predicted power ability ( 43 % +/- 10 % to 56 % +/- 13 % ; p = .000 ) were observed in the exercise group .",outcomes,0,0,10
10414756,No significant changes in baseline parameters occurred in the control group .,none,0,0,0
10414756,There were no critical changes in heart rate or blood pressure in either group .,outcomes,0,0,4
10414756,CONCLUSION Moderate-intensity step aerobics training significantly increases peak oxygen uptake and peak workloads in patients with severe chronic heart failure .,outcomes,0,0,5
10424316,Effects of captopril and enalapril on electroencephalogram and cognitive performance in healthy volunteers .,outcomes,1,2,4
10424316,OBJECTIVE Captopril and enalapril have been reported to influence cognitive functions and quality of life in hypertensive patients .,outcomes,1,2,5
10424316,"METHODS The effects of captopril ( 12.5 mg and 25 mg ) and enalapril ( 5 mg and 10 mg ) administered during 7-day periods on electroencephalogram ( EEG ) , cognitive functions , and subjective assessments were investigated in healthy males .",outcomes,2,3,8
10424316,RESULTS Neither captopril nor enalapril influenced EEG and cognitive functions compared with placebo .,outcomes,0,0,3
10424316,Captopril 12.5 mg decreased subjective activity compared with placebo .,interventions,0,2,2
10424316,Enalapril did not alter subjective ratings .,outcomes,0,1,2
10424316,"Both systolic and diastolic blood pressure were significantly lower after administration of captopril 25 mg , whereas blood pressure was unaffected by enalapril compared with placebo .",outcomes,0,2,7
10424316,CONCLUSION Our results suggest that central effects of captopril and enalapril were minor and not constant in young healthy men .,participants,3,2,0
10429005,Why the prone position is a risk factor for sudden infant death syndrome .,interventions,0,2,0
10429005,INTRODUCTION The laryngeal chemoreflex may explain why prone sleeping increases the risk of sudden infant death syndrome ( SIDS ) .,none,0,0,0
10429005,Swallowing and arousal are crucial to prevent laryngeal chemoreflex stimulation .,none,0,0,0
10429005,"Our aim was to examine these reflexes and breathing responses in healthy neonates after pharyngeal infusion of water in the supine versus the prone position , controlling for sleep state .",outcomes,2,0,4
10429005,METHODS A total of 10 term infants were recruited after parental consent and ethics approval .,participants,2,0,0
10429005,"Polygraphic recordings included sleep state ( active and quiet sleep by electroencephalogram , eye movements , breathing , and behavior ) , cardiorespiratory measurements ( nasal airflow , chest wall movements , heart rate , and oxygen saturation ) , swallowing , and esophageal activity ( solid state pressure catheter ) .",outcomes,0,0,48
10429005,Initial sleeping position was assigned randomly .,interventions,0,6,0
10429005,Measurements were made for 1 minute before and after 0.4 mL of water was instilled into the oropharynx .,interventions,0,14,0
10429005,"To detect a 30 % decrease in swallowing , power analysis indicated that > /=10 babies were required .",outcomes,0,0,1
10429005,"Analysis , blinded to position , was made using nonparametric statistics .",none,0,0,0
10429005,"RESULTS Of the 164 infusions , the most commonly evoked airway protective responses to pharyngeal infusion were swallowing ( 95 % ) and arousal ( 54 % ) .",outcomes,0,0,2
10429005,"After infusion in active sleep , there was a significant reduction in swallowing and breathing when the prone position was compared with the supine position ( prone : 21.3 [ 1.0 ] swallows/min and -9.6 [ 2.1 ] breaths/min ; and supine : 32 ( 2.2 ) and -2 .",outcomes,0,0,5
10429005,"9 ( 1.5 ) , respectively ) .",none,0,0,0
10429005,"However , there was no difference in the occurrence of arousal after water infusion .",outcomes,0,0,1
10429005,"CONCLUSION These data suggest that airway protection is compromised in the prone sleeping position during active sleep , even in healthy infants exposed to minute pharyngeal fluid volumes of 0.4 mL .",none,0,0,0
10429005,"This is because swallowing rate is reduced significantly , and there is no compensatory increase in arousal .",outcomes,0,0,3
10429005,The reduction in airway protective reflexes when in the prone position and in active sleep may be the mechanism for the increased risk of SIDS in the prone position .,outcomes,0,0,3
10437192,Clinical observation on treatment of obstinate heart failure by supplementing qi and activating blood flow .,participants,3,0,0
10439497,Treatment of hypertensive and hypercholesterolaemic patients in general practice .,none,0,0,0
10439497,"The effect of captopril , atenolol and pravastatin combined with life style intervention .",interventions,0,8,0
10439497,"OBJECTIVE To elucidate the effect on blood pressure and blood lipids of an angiotensin converting enzyme inhibitor ( captopril ) , and a beta-receptor blocking agent ( atenolol ) , given alone or in combination with a cholesterol reducing drug , the beta-hydroxy-methylglutaryl-coenzyme A reductase inhibitor pravastatin , in patients who were also encouraged to improve their lifestyle .",interventions,0,28,0
10439497,DESIGN A longitudinal study consisting of three phases .,none,0,0,0
10439497,I : Lifestyle intervention alone .,interventions,0,3,0
10439497,II : Continued lifestyle intervention combined with captopril or atenolol .,interventions,0,8,0
10439497,III : Continued lifestyle intervention combined with the same drugs as in phase II and in addition pravastatin or placebo .,interventions,0,14,0
10439497,SETTING Fifty-four general practice surgeries in Norway .,none,0,0,0
10439497,"PARTICIPANTS Hypertensive patients , 210 females and 160 males , treated or untreated with antihypertensive drugs with a sitting diastolic blood pressure between 95 and 115 mmHg and a serum total cholesterol between 6.5 mmol/l ( 7.0 for those age 60-67 years ) and 9.0 mmol/l .",none,0,0,0
10439497,RESULTS The antihypertensive effect of captopril and atenolol was not influenced by concurrent administration of pravastatin .,interventions,0,3,0
10439497,The effect of pravastatin was not limited by concurrent medication with captopril or atenolol .,interventions,0,3,0
10439497,Improvement in lifestyle seemed to reduce the need for supplementary treatment with diuretics .,outcomes,0,1,7
10439497,CONCLUSION Pravastatin can be used in combination with captopril or atenolol in the treatment of hypertensive and hypercholesterolaemic patients .,interventions,0,3,0
10439763,Preoperative small-dose ketamine has no preemptive analgesic effect in patients undergoing total mastectomy .,interventions,0,1,0
10439763,"UNLABELLED We evaluated the preemptive analgesic effect of a small dose of ketamine given before or immediately after surgery in a randomized , double-blinded study performed in 128 women undergoing total mastectomy .",participants,5,1,0
10439763,Group 1 patients received ketamine 0.15 mg/kg as a 5-mL i.v .,interventions,0,8,0
10439763,injection 5 min before surgery and isotonic saline 5 mL i.v .,interventions,0,11,0
10439763,at the time of skin closure .,none,0,0,0
10439763,Group 2 received 5 mL i.v .,interventions,0,4,0
10439763,"of isotonic saline , then 0.15 mg/kg i.v .",interventions,0,8,0
10439763,A standard general anesthesia procedure including sufentanil was used .,none,0,0,0
10439763,"In the recovery room , patient-controlled analgesia i.v .",none,0,0,0
10439763,morphine was used for postoperative analgesia .,none,0,0,0
10439763,Postoperative pain was assessed by measuring morphine consumption and visual analog scale pain scores .,outcomes,0,0,9
10439763,No significant intergroup differences were seen in the pain scores .,none,0,0,0
10439763,Patient-controlled analgesia morphine consumption was lower during the first 2 h after surgery in patients given ketamine at the time of skin closure .,outcomes,0,1,2
10439763,No patient complained of hallucinations or nightmares .,outcomes,0,0,3
10439763,The incidence of adverse effects was not different between the two groups .,outcomes,0,0,4
10439763,"In conclusion , administering ketamine at the end of surgery is more effective in reducing morphine consumption than it is when given before surgery .",interventions,0,1,0
10439763,IMPLICATIONS We administered the same small dose of ketamine before or after surgery .,interventions,0,1,0
10439763,The preoperative administration of 0.15 mg/kg ketamine in patients undergoing total mastectomy did not elicit a preemptive analgesic effect .,participants,3,1,0
10439763,Ketamine given at closure reduced the patient-controlled analgesia morphine requirement in the first 2 h after surgery .,interventions,0,1,0
10441604,Phenobarbital compared with phenytoin for the treatment of neonatal seizures .,participants,3,2,0
10441604,BACKGROUND Seizures occur in 1 to 2 percent of neonates admitted to an intensive care unit .,none,0,0,0
10441604,"The treatment is usually with either phenobarbital or phenytoin , but the efficacy of the two drugs has not been compared directly .",interventions,0,2,1
10441604,"METHODS From 1990 to 1995 , we studied 59 neonates with seizures that were confirmed by electroencephalography .",none,0,0,0
10441604,"The neonates were randomly assigned to receive either phenobarbital or phenytoin intravenously , at doses sufficient to achieve free plasma concentrations of 25 microg per milliliter for phenobarbital and 3 microg per milliliter for phenytoin .",interventions,0,2,0
10441604,Neonates whose seizures were not controlled by the assigned drug were then treated with both drugs .,none,0,0,0
10441604,Seizure control was assessed by electroencephalographic criteria .,outcomes,0,0,2
10441604,RESULTS Seizures were controlled in 13 of the 30 neonates assigned to receive phenobarbital ( 43 percent ) and 13 of the 29 neonates assigned to receive phenytoin ( 45 percent ; P=1.00 ) .,outcomes,0,0,1
10441604,"When combined treatment is considered , seizure control was achieved in 17 ( 57 percent ) of the neonates assigned to receive phenobarbital first and 18 ( 62 percent ) of those assigned to receive phenytoin first ( P=0.67 ) .",outcomes,0,0,2
10441604,The severity of the seizures was a stronger predictor of the success of treatment than was the assigned agent .,outcomes,0,0,4
10441604,"Neonates with mild seizures or with seizures that were decreasing in severity before treatment were more likely to have their seizures end , regardless of the treatment assignment .",outcomes,0,0,4
10441604,CONCLUSIONS Phenobarbital and phenytoin are equally but incompletely effective as anticonvulsants in neonates .,interventions,0,2,1
10441604,"With either drug given alone , the seizures were controlled in fewer than half of the neonates .",outcomes,0,0,2
10442506,Effects of amlodipine and enalapril on platelet function in patients with mild to moderate hypertension .,interventions,1,2,2
10442506,"OBJECTIVE The aim of this study was to compare the effect of amlodipine and enalapril on platelet aggregation , and platelet production of malondialdehyde in patients with mild to moderate arterial hypertension .",outcomes,2,3,6
10442506,"PATIENTS AND METHODS A parallel , double-blind , placebo-controlled study was carried out in 24 patients ( 2 groups of 12 patients each ) .",participants,2,1,0
10442506,"Initially all patients received placebo for four weeks ; then amlodipine , 5 mg daily or enalapril 20 mg daily taken once a day at 7 am .",interventions,0,4,0
10442506,"Dosage was doubled after 4 weeks when diastolic blood pressure was > 90 mmHg in sitting position , the treatment was continued for 12 weeks .",outcomes,0,0,3
10442506,"At the end of placebo and active phases a platelet aggregation test , using adenosine diphosphate , collagen and adrenaline , and a platelet malondialdehyde production test , either in basal conditions ( MDA-basal ) and after the stimulation of arachidonic acid pathway by adding ethylmaleimide ( MDA-activated ) were carried out .",none,0,0,0
10442506,"RESULTS Blood pressure was reduced by both agents , enalapril and amlodipine .",interventions,0,2,2
10442506,Enalapril controlled 58.3 % of hypertensive patients with an average dosage of 31.7 mg/daily .,participants,1,1,0
10442506,Amlodipine controlled 75 % of patients with a dosage of 7.1 mg/daily .,interventions,0,1,0
10442506,Platelet aggregation was reduced by amlodipine in 15.9 % for ADP ( 10 microM ) ; 17.4 % for collagen ( 2 microg/ml ) and 19.9 % for adrenaline ( 2 microM ) ( p < 0.025 ) .,outcomes,0,1,2
10442506,"Meanwhile enalapril slightly increased platelet aggregation by 6.7 % , 1.3 % and 5.6 % for the three agents , respectively ( p > 0.05 , ns ) .",outcomes,0,1,2
10442506,Malondialdehyde was reduced by amlodipine in 45.33 % ( p < 0.05 ) for MDA-basal ; 3.76 % ( p > 0.05 ) for MDA-activated ; and the ratio MDA-basal : MDA-activated in 36.79 % ( p < 0.005 ) .,outcomes,0,1,3
10442506,"Meanwhile enalapril increased MDA-basal in 2.89 % ; MDA-activated in 3.58 % and reduced the ratio MDA-basal : MDA-activated , in 10.34 % ( p > 0.05 ) .",outcomes,0,1,6
10442506,"CONCLUSION Both agents , enalapril and amlodipine , reduced blood pressure , but only amlodipine reduced platelet aggregation and platelet production of malondialdehyde , indicating its action on the arachidonic acid metabolic pathway .",outcomes,0,3,8
10443725,Continued improvement in pressure-flow parameters in men receiving finasteride for 2 years .,participants,7,0,2
10443725,Finasteride Urodynamics Study Group .,none,0,0,0
10443725,OBJECTIVES To assess the long-term effects of finasteride on pressure-flow parameters in men with urodynamically documented bladder outflow obstruction ( BOO ) .,participants,9,0,2
10443725,METHODS One hundred twenty-one men with benign prostatic enlargement ( BPE ) and lower urinary tract symptoms ( LUTS ) underwent a pressure-flow study ( PFS ) at 1 of 11 clinical centers .,participants,10,0,0
10443725,"The PFS technique was standardized , and all tracings were read by a single reader unaware of the treatment group .",none,0,0,0
10443725,Patients who were obstructed according to a modified Abrams-Griffiths nomogram were randomized to 5 mg finasteride ( n = 81 ) or placebo ( n = 40 ) for 12 months ; all patients continuing into an open extension received finasteride during the second 12 months of therapy .,interventions,0,5,3
10443725,Results of the initial 12-month study demonstrated the benefit of finasteride treatment on PFS parameters .,outcomes,0,0,2
10443725,"To examine the continuing effects over time , an analysis of the data from 54 patients who completed 24 months of treatment with finasteride is provided .",none,0,0,0
10443725,"RESULTS Detrusor pressure at maximum flow ( PdetQmax ) continued to decrease during the second 12 months of therapy ( decreases of 5.3 and 11.7 cm H2O at months 12 and 24 , respectively ) .",outcomes,0,0,3
10443725,The percentage of patients obstructed by Abrams-Griffiths classification decreased from 76.2 % at baseline to 66.7 % at month 12 and 59.6 % at month 24 .,outcomes,0,0,2
10443725,An intention-to-treat analysis yielded similar results .,none,0,0,0
10443725,"CONCLUSIONS Finasteride improves urodynamic measures of obstruction in men with BPE and LUTS , with continued improvement during the second 12 months of therapy .",none,0,0,0
10448447,Befriending as an intervention for chronic depression among women in an inner city .,interventions,0,1,0
10448447,2 : Role of fresh-start experiences and baseline psychosocial factors in remission from depression .,none,0,0,0
10448447,BACKGROUND Volunteer befriending promoted remission of chronic depression when clinical and other treatment variables were controlled .,interventions,0,2,0
10448447,AIMS To examine the role of other psychosocial factors relevant for outcome .,none,0,0,0
10448447,"METHOD Factors measured at baseline interview were examined in multivariate analyses along with psychosocial factors occurring during follow-up , such as 'fresh-start ' experiences and new severe events and difficulties .",outcomes,0,3,8
10448447,"RESULTS Fresh-start experiences and a standard attachment style were found to enhance chances of remission , with new severe stressors and markedly poor coping strategies liable to prevent it , with volunteer befriending continuing to play a role .",outcomes,0,1,5
10448447,CONCLUSIONS The positive result reported in the preceding paper is unlikely to be an artefact .,none,0,0,0
10448447,"However , fresh-start experiences , absence of new severe stressors and standard attachment style were more important predictors of remission .",none,0,0,0
10448447,This knowledge might profitably be incorporated into the evaluation of existing treatments .,none,0,0,0
10463377,"Double-blind , randomized , placebo-controlled clinical trial on the efficacy and tolerability of a physostigmine patch in patients with senile dementia of the Alzheimer type .",participants,9,0,7
10463377,"Owing to the pharmacokinetic properties of physostigmine when administered by conventional routes , long-term cholinergic treatment of Alzheimer 's disease is difficult to manage .",none,0,0,0
10463377,"In order to overcome the problems associated with the oral and intravenous application of physostigmine , and to improve patients ' compliance , a transdermal therapeutic system was developed .",outcomes,0,0,3
10463377,"The efficacy and tolerability of this system were evaluated in a double-blind , randomized , multicenter study comparing patches containing 30 mg and 60 mg physostigmine with a placebo patch .",outcomes,0,0,3
10463377,"The clinical trial followed the basic principles of the various guidelines on the evaluation of anti-dementia drugs , and included patients with mild to moderate probable Alzheimer 's disease .",participants,10,0,0
10463377,A total of 204 patients with probable Alzheimer 's disease were included in the study .,none,0,0,0
10463377,"Of these , 136 patients were eligible for the according-to-protocol analysis of efficacy , 167 subjects for the intention-to-treat analysis of efficacy , and 181 patients were included in the safety analysis .",none,0,0,0
10463377,"In contrast to the hypothesis to be tested , the efficacy of physostigmine was not superior to that of placebo after a treatment period of 24 weeks .",outcomes,0,0,1
10463377,"On the contrary , there was even a slight , but not statistically significant , trend toward a better outcome in the placebo group .",none,0,0,0
10463377,"Median physostigmine plasma concentrations of approximately 100 pg/ml were measured , showing a high degree of interindividual variability and no linear dose relationship between the 30 mg and 60 mg dosages .",outcomes,0,0,4
10463377,Plasma cholinesterase activity was not significantly affected by physostigmine .,outcomes,0,0,3
10463377,The physostigmine patch application in doses of 30 mg and 60 mg apparently did not lead to physostigmine plasma concentrations that were sufficient to compensate for cholinergic deficiencies in affected brain areas and produce clinical benefits .,outcomes,0,0,3
10463377,Both the drug and the transdermal system were generally well tolerated under the study conditions .,outcomes,0,0,2
10463377,"Modifications of the patch system may perhaps make it possible to achieve higher physostigmine plasma concentrations , which seem to be required to induce the expected beneficial effects during long-term treatment of Alzheimer 's disease .",outcomes,0,0,5
10463847,Delineation of cryptogenic Lennox-Gastaut syndrome and myoclonic astatic epilepsy using multiple correspondence analysis .,interventions,0,3,0
10463847,"PURPOSE To distinguish various types of childhood severe cryptogenic/idiopathic generalised epilepsy on the basis of reproducible diagnostic criteria , using multiple correspondence analysis ( MCA ) .",interventions,5,6,0
10463847,"METHODS We applied MCA to a series of 72 children with no evidence of brain damage , starting epilepsy between 1 and 10 years , with two or more types of generalised seizures .",none,0,0,0
10463847,We excluded patients with infantile spasms or typical absences .,none,0,0,0
10463847,"MCA was performed on all clinical and EEG parameters , first throughout follow-up , then restricted to the first year of the disease .",interventions,0,1,0
10463847,"RESULTS When including all follow-up variables , there were three groups : ( 1 ) Thirty-seven children with male predominance , familial history of epilepsy , simple febrile convulsions , massive myoclonus , tonic-clonic fits .",none,0,0,0
10463847,"Outcome was favourable , with no seizures and mildly affected cognitive functions .",outcomes,0,0,7
10463847,Interictal EEG showed short sequences of irregular 3-Hz spike-waves .,outcomes,0,1,6
10463847,"( 2 ) In 18 children , clinical characteristics were similar to those of the first group at the early stage , but 95 % exhibited myoclonic status and vibratory tonic seizures , with persisting seizures on follow-up .",outcomes,0,0,9
10463847,EEG showed long sequences of generalised irregular spike and slow waves .,outcomes,0,0,9
10463847,"Those two groups meet the characteristics of childhood onset myoclonic-astatic epilepsy ( MAE ) with respectively , favourable and unfavourable outcome .",none,0,0,0
10463847,"( 3 ) Eleven children had later onset , atypical absences , tonic and partial seizures , and no myoclonus , or vibratory tonic seizures .",outcomes,0,0,6
10463847,All had mental retardation and persisting seizures .,outcomes,0,0,5
10463847,EEG showed long sequences of slow spike-wave activity and half the patients had spike and slow wave foci .,outcomes,0,0,16
10463847,These patients met the major characteristics of Lennox-Gastaut syndrome .,none,0,0,0
10463847,"Initial parameters failed to distinguish the first two groups , but Lennox-Gastaut syndrome ( the third group ) was distinct from both groups of myoclonic astatic epilepsy from the onset .",none,0,0,0
10463847,"Within MAE groups combined , clinical and EEG risk factors for mental retardation could be identified .",none,0,0,0
10463847,CONCLUSION It is possible to validate statistically the distinction between discrete epileptic syndromes .,none,0,0,0
10463847,"Myoclonic astatic epilepsy is therefore distinct from Lennox-Gastaut syndrome , and the distinction appears from the first year of the disorder .",none,0,0,0
10470636,Effect of spinal versus general anesthesia on bladder compliance and intraabdominal pressure during transurethral procedures .,interventions,0,4,4
10470636,STUDY OBJECTIVE To evaluate the influence of spinal versus general anesthesia on bladder compliance and intraabdominal pressure in elderly males undergoing elective transurethral resection of the prostate .,participants,9,4,4
10470636,"DESIGN Prospective , randomized , open-label study .",none,0,0,0
10470636,SETTING Teaching hospital .,none,0,0,0
10470636,"PATIENTS 21 ASA physical status I , II , and III patients at least 18 years of age , undergoing transurethral surgery .",participants,14,3,0
10470636,"INTERVENTIONS According to a computer-generated randomization schedule , patients were allocated to one of two groups .",none,0,0,0
10470636,"In Group Spinal ( S ) , 10 mg of hyperbaric tetracaine was administered intrathecally .",interventions,0,2,0
10470636,"In Group General Anesthesia ( GA ) , patients received , fentanyl intravenous ( i.v .",interventions,0,7,0
10470636,1 to 2 micrograms/kg and propofol i.v .,none,0,0,0
10470636,1.0 to 2.0 mg/kg for induction of anesthesia .,interventions,0,1,0
10470636,"Thereafter , a laryngeal mask airway was inserted and , with spontaneous ventilation , anesthesia was maintained by administering isoflurane ( end-tidal 0.7 % to 1.2 % ) and 70 % nitrous oxide ( N2O ) in oxygen .",interventions,0,9,0
10470636,Intraabdominal pressure and bladder compliance were recorded prior to the induction of anesthesia and immediately before the onset of the surgical procedure .,interventions,0,1,0
10470636,MEASUREMENTS AND MAIN RESULTS The two groups were demographically comparable .,none,0,0,0
10470636,"In Group S , mean bladder compliance was significantly ( p = 0.003 ) higher and mean intraabdominal pressure significantly lower ( p = 0.007 ) when compared to baseline preanesthetic values .",outcomes,0,0,2
10470636,"In Group GA , mean intraabdominal pressure significantly ( p = 0.006 ) decreased when compared to baseline preanesthetic recordings .",outcomes,0,0,3
10470636,"Following the induction of general anesthesia , a small change in bladder compliance was noted .",outcomes,0,0,2
10470636,"However , statistical significance was not reached .",none,0,0,0
10470636,Data were analyzed and compared using Student 's t-test ( p < 0.05 was considered statistically significant ) .,none,0,0,0
10470636,CONCLUSION Both spinal and general anesthesia induced a significant decrease in intraabdominal pressure .,interventions,0,4,0
10470636,"While both techniques were associated with an increase in bladder compliance , statistical significance was demonstrated only in the spinal anesthesia treatment group .",interventions,0,2,0
10476617,"Trial of prophylactic administration of TXA2 synthetase inhibitor , ozagrel hydrochloride , for preeclampsia .",interventions,1,6,0
10476617,"OBJECTIVE In an attempt to investigate the prophylactic effect of a thromboxane A2 ( TXA2 ) synthetase inhibitor on pregnant women with a high risk of preeclampsia , the following clinical study was undertaken .",interventions,3,7,0
10476617,METHODS Forty pregnant women were randomly allocated to control or treatment groups .,participants,3,0,0
10476617,"Ozagrel Hydrochloride ( 400 mg/day , orally ) and placebo were started at 20 weeks of gestation and continued until delivery .",interventions,0,3,0
10476617,"RESULTS Seventeen of 20 ( 85 % ) women in the control group developed preeclampsia , whereas 9 of 20 ( 45 % ) in the treatment group developed preeclampsia .",outcomes,0,0,2
10476617,"Ozagrel Hydrochloride significantly ( p < 0.01 ) reduced the occurrence of preeclampsia , and the incidence of both hypertension ( p < 0.05 ) and proteinuria ( p < 0.01 ) was significantly less in the treatment group compared with the control group .",outcomes,0,0,5
10476617,"One month after administration , the mean plasma concentration of TXB2 , a metabolite of TXA2 , was significantly decreased ( p < 0.01 ) to 62.4 +/- 13.6 % , whereas that of 6-keto prostaglandin F1 alpha , a metabolite of PGI2 , was significantly increased ( p < 0.01 ) to 206.7 +/- 52.8 % .",outcomes,0,0,17
10476617,There were no maternal or fetal side effects observed .,outcomes,0,0,6
10476617,CONCLUSIONS It seems likely that Ozagrel Hydrochloride could be used for the prevention of preeclampsia in high-risk pregnant women .,outcomes,1,2,3
10482855,Inhibition of the seasonal IgE increase to Dactylis glomerata by daily sodium chloride nasal-sinus irrigation during the grass pollen season .,participants,9,5,5
10489959,Assessment of the pain of blood-sugar testing : a randomised controlled trial .,participants,13,0,0
10489959,Lancet puncture to the side of the thumb resulted in less pain than lancet puncture to the finger or venepuncture at the elbow .,interventions,0,19,2
10489959,Success rates were the same .,none,0,0,0
10492627,Chemotherapy for operable gastric cancer : results of the Dutch randomised FAMTX trial .,participants,4,1,0
10492627,The Dutch Gastric Cancer Group ( DGCG ) .,participants,1,0,0
10492627,The aim of this trial was to investigate whether pre-operative chemotherapy leads to a 15 % higher curative resectability rate in patients with operable gastric cancer .,outcomes,0,1,3
10492627,"In this randomised trial , patients were allocated to receive either four courses of chemotherapy using 5-fluorouracil , doxorubicin and methotrexate ( FAMTX ) prior to surgery or to undergo surgery only .",interventions,0,13,0
10492627,Patients younger than 75 years of age with a good physical and mental condition and a histologically proven adenocarcinoma of the stomach without clinical or radiographic ( computed tomography scan ) evidence of distant metastases were eligible for this trial .,none,0,0,0
10492627,Early gastric cancer or cardia carcinoma were excluded .,none,0,0,0
10492627,The response to chemotherapy was evaluated after two and four courses .,interventions,0,1,0
10492627,"In case of progressive disease ( PD ) after two courses , patients were operated upon as soon as possible .",none,0,0,0
10492627,"Otherwise complete response ( CR ) partial response ( PR ) or stable disease ( SD ) , two more courses were scheduled .",none,0,0,0
10492627,The standard surgical procedure was a limited lymphadenectomy ( D1 ) with staging biopsy of the para-aortic lymph nodes .,none,0,0,0
10492627,"Between September 1993 and February 1996 , 56 eligible and evaluable patients were entered : 27 were randomised to receive FAMTX before surgery and 29 to undergo surgery only .",none,0,0,0
10492627,"In the FAMTX + surgery treatment group , 15/27 ( 56 % ) had curative resections versus 18/29 ( 62 % ) in the surgery only arm .",outcomes,0,0,2
10492627,There was no difference in the frequency of TNM stages I + II in both treatment arms : 15/27 versus 15/29 .,outcomes,0,0,7
10492627,"Due to PD and/or toxicity , 12 patients ( 44 % ) could not complete the planned four courses of FAMTX .",outcomes,0,0,1
10492627,"Response evaluation after chemotherapy was possible in 25 patients : 2 CR , 6 PR , 8 SD and 9 PD .",none,0,0,0
10492627,The difference in curative resectability rate was 6.5 % ( 95 % confidence interval -32 to +19 % ) in favour of surgery only .,outcomes,0,0,2
10492627,Downstaging for stages I + II did not occur .,none,0,0,0
10492627,PD was more often the reason for not completing the planned four courses than toxicity .,none,0,0,0
10492627,More active regimens than FAMTX are required for future randomised trials .,interventions,0,1,0
10499652,Gabexate mesilate and antithrombin III for intraoperative anticoagulation in heparin pretreated patients .,interventions,2,4,0
10499652,"Thirty patients scheduled for elective myocardial revascularization and having undergone preoperative heparin treatment have been admitted to this prospective , randomized study .",participants,7,0,0
10499652,The aim of the study was to test two different strategies for preserving circulating antithrombin III ( AT-III ) during cardiopulmonary bypass .,outcomes,0,0,6
10499652,"Patients in the control group ( group C , n = 10 ) were treated with a standard heparinization ( 300 IU/kg ) .",interventions,0,2,0
10499652,Patients in group A ( n = 10 ) received the same management plus two doses of purified antithrombin III ( 1000 IU each ) .,interventions,0,2,0
10499652,Patients in group GA received 200 IU/kg heparin and a continuous infusion of heparin ( 100 IU/kg/h ) and gabexate mesilate ( 2 mg/kg/h ) plus the same dose of antithrombin III as group A .,interventions,0,15,0
10499652,Both group A and group GA demonstrated a preservation of circulating AT-III when compared to group C ; this effect was more pronounced in group GA .,outcomes,0,0,4
10499652,The total heparin dosage was less in group GA than in groups A and C. Purified AT-III administration is recommended in heparin pretreated patients ; the addition of gabexate mesilate to this protocol decreases the heparin requirement and increases the AT-III preservation .,outcomes,2,0,8
10506815,One-year results from the phase III investigation of the KeraVision Intacs .,interventions,0,5,0
10506815,"BACKGROUND Limitations of the surgical correction for myopia include inaccuracy , instability , treatment of the central optical zone , and lack of reversibility .",participants,1,0,0
10506815,KeraVision Intacs offer an alternative that addresses these shortcomings .,interventions,0,2,0
10506815,METHODS We present 1 year of follow-up information on 95 subjects enrolled in the United States Food and Drug Administration Phase III clinical trials .,participants,1,0,0
10506815,"RESULTS At 1 year , 99 % of patients ( 89 of 90 ) had 20/40 uncorrected vision or better .",participants,7,0,0
10506815,Ninety-two percent of eyes ( 83 of 90 ) were within 1.00 D of intended correction and 76 % of eyes ( 68 of 90 ) were within 0.50 D of intended correction .,none,0,0,0
10506815,"Stability was achieved at 3 months , with 96 % of subjects ( 86 of 90 ) having less than 1.00 D of change from their previous examination .",outcomes,0,0,1
10506815,"In a substudy , 89 % eyes ( 58 of 65 ) varied within +/- 0.50 D over the course of a day .",none,0,0,0
10506815,"Corneal curvature changed as predicted , resulting in a prolate aspheric shape within the central optical zone .",outcomes,0,0,2
10506815,"Most complications or adverse events experienced were managed with additional medication or surgical intervention , resulting in a favorable outcome for subjects .",outcomes,0,0,4
10506815,"CONCLUSIONS KeraVision Intacs are effective , predictable , stable , and safe .",outcomes,0,0,8
10506815,This additive technique may also offer reversibility .,none,0,0,0
10509459,Tactile feedback is present during minimally invasive surgery .,interventions,0,3,2
10509459,BACKGROUND The applications of minimally invasive surgery ( MIS ) and laparoscopy are rapidly expanding .,interventions,0,7,0
10509459,"Despite this expansion , our understanding of the importance of haptic feedback during laparoscopic surgery is incomplete .",interventions,0,2,0
10509459,"Although many surgeons believe that the use of minimally invasive techniques eliminates force feedback and tactile sensation ( haptics ) , the importance of haptics in MIS has not been fully evaluated .",outcomes,0,3,7
10509459,There is considerable interest in the development of simulators for MIS even though the importance of force feedback remains poorly understood .,outcomes,0,0,2
10509459,"This study was designed to determine the ability of experienced surgeons to interpret haptic feedback with respect to texture , shape , and consistency of an object .",outcomes,0,0,8
10509459,"STUDY DESIGN A randomized , single-blinded study was designed .",none,0,0,0
10509459,"Twenty surgeons were presented objects in a random order , with participants blinded as to their identity .",participants,1,0,0
10509459,"Inspection by direct palpation , conventional instruments , and laparoscopic instruments was performed on all objects .",interventions,0,8,8
10509459,"Statistic analysis of the data was performed using chi-square analysis and , when appropriate , a Fischer exact probability test .",none,0,0,0
10509459,RESULTS Direct palpation was associated with the highest accuracy for shape identification and was superior to both conventional instruments ( p < 0.001 ) and laparoscopic instruments ( p < 0.001 ) .,outcomes,0,0,2
10509459,Fine texture analysis with either a conventional instrument or a laparoscopic instrument was superior to direct palpation ( p < 0.05 ) .,interventions,0,4,0
10509459,"Finally , the three methods of analysis were comparable for consistency analysis .",none,0,0,0
10509459,"CONCLUSIONS These data indicate that laparoscopic instruments do , in fact , provide surgeons with haptic feedback .",outcomes,0,0,2
10509459,"Interpretation of the texture , shape , and consistency of objects can be performed .",none,0,0,0
10509459,"In some situations , laparoscopic instruments appear to amplify the haptic information available .",interventions,0,2,0
10509459,Our ongoing work is directed at further defining force interactions .,none,0,0,0
10517189,Ciprofloxacin and rifampicin versus doxycycline and rifampicin in the treatment of brucellosis .,interventions,0,6,1
10517189,"The present study was undertaken to evaluate the efficacy , safety , and patient tolerability of two antibiotic regimens for the treatment of brucellosis : rifampicin 600 mg/day and doxycycline 200 mg/day for 45 days ( group 1 ) , versus rifampicin 600 mg/day and ciprofloxacin 1 g/day for 30 days ( group 2 ) .",interventions,0,17,8
10517189,Forty patients were diagnosed with brucellosis based on clinical and microbiological findings .,none,0,0,0
10517189,The two groups were comparable regarding age and sex distribution .,none,0,0,0
10517189,"The average number of days without fever and symptoms was lower in group 2 patients than in group 1 patients ( mean+/-SD : 3.85+/-1.98 for group 1 vs. 2.78+/-1.03 for group 2 , P=0.044 ) .",outcomes,0,0,8
10517189,"During the 1-year follow-up period , three ( 15 % ) patients in group 2 and two ( 10 % ) patients in group 1 had clinical relapses ; these rates were not significantly different .",outcomes,0,0,1
10517189,Ciprofloxacin and rifampicin treatment for brucellosis is as effective as the standard regimen of doxycycline and rifampicin and offers the advantage of a shorter duration of treatment .,interventions,0,6,1
10517426,Use of the oral neuraminidase inhibitor oseltamivir in experimental human influenza : randomized controlled trials for prevention and treatment .,interventions,1,3,0
10517426,"CONTEXT Influenza virus neuraminidase is thought to be essential for virus replication in humans ; however , to date , available neuraminidase inhibitors are limited to zanamivir , which is topically administered .",none,0,0,0
10517426,"OBJECTIVE To determine the safety , tolerability , and antiviral activity of oral neuraminidase inhibitor oseltamivir ( GS4104/Ro64-0796 ) for prevention and the early treatment of influenza in experimentally infected humans .",outcomes,0,0,7
10517426,"DESIGN Two randomized , double-blind , placebo-controlled trials conducted between June and July 1997 .",interventions,0,1,0
10517426,SETTING Individual hotel rooms ; 2 large US university medical schools .,none,0,0,0
10517426,"PARTICIPANTS A total of 117 healthy adult volunteers ( aged 18-40 years ; median age , 21 years ) who were susceptible ( hemagglutination-inhibition antibody titer < or =1:8 ) .",participants,10,0,0
10517426,INTERVENTIONS All subjects were inoculated intranasally with influenza A/Texas/36/91 ( H1N1 ) virus .,interventions,0,9,0
10517426,"For the prophylaxis study , oral oseltamivir ( 100 mg once daily [ n = 12 ] , 100 mg twice daily [ n = 12 ] , or matching placebo [ n = 13 ] , starting 26 hours before virus inoculation ) was administered .",interventions,0,4,0
10517426,"For the treatment study , the same drug was given ( 20 mg , 100 mg , or 200 mg twice daily , 200 mg once daily , or matching placebo [ n = 16 ] , in each group starting 28 hours after inoculation ) .",interventions,0,1,0
10517426,All regimens were continued for 5 days .,none,0,0,0
10517426,"MAIN OUTCOME MEASURES Comparing placebo groups with pooled treatment groups , for prophylaxis , outcomes included frequency of infection and viral shedding ; for treatment , viral shedding in titers .",outcomes,0,0,6
10517426,"RESULTS In the prophylaxis study , 8 ( 67 % ) of 12 placebo and 8 ( 38 % ) of 21 oseltamivir recipients became infected ( P = .16 ; efficacy , 61 % ) ; 6 ( 50 % ) placebo compared with 0 oseltamivir recipients shed virus ( P < .001 ; efficacy , 100 % ) , and 33 % of placebo but no oseltamivir recipient had infection-related respiratory illness ( P < .01 ) .",outcomes,0,0,1
10517426,"Among infected subjects in the treatment study ( n = 69 ) , the viral titer area under the curve of the combined oseltamivir groups ( n = 56 ) was lower ( median [ interquartile range [ IQR ] ] , 80 [ 23-151 ] vs 273 [ 79-306 ] log10 tissue culture-infective doses50 per milliliter x hour ; P = .02 ) than the placebo group ( n = 13 ) , and the median ( IQR ) duration of viral shedding with therapy was reduced from 107 ( 83-131 ) to 58 ( 35-59 ) hours ( P = .003 ) .",outcomes,0,0,14
10517426,"Oseltamivir treatment also reduced symptom scores ( median [ IQR ] score-hours , 225 [ 97-349 ] vs 400 [ 189-645 ] ; P = .05 ) , and nasal proinflammatory cytokine levels .",outcomes,0,0,6
10517426,"Transient mild to moderate nausea after dosing was observed in 15 ( 17 % ) of 88 oseltamivir and 2 ( 7 % ) of 29 placebo recipients ( 95 % confidence interval for difference , -11 % to 68 % ) , which was largely prevented by ingestion with food .",outcomes,0,0,4
10517426,"CONCLUSIONS In these trials , prophylaxis and early treatment with oral oseltamivir were both associated with significant antiviral and clinical effects in experimental human influenza .",participants,1,0,0
10525558,An empirical comparison of the St George 's Respiratory Questionnaire ( SGRQ ) and the Chronic Respiratory Disease Questionnaire ( CRQ ) in a clinical trial setting .,none,0,0,0
10525558,BACKGROUND The Chronic Respiratory Questionnaire ( CRQ ) and the St George 's Respiratory Questionnaire ( SGRQ ) are the two most widely used quality of life questionnaires in chronic obstructive pulmonary disease ( COPD ) .,participants,4,0,0
10525558,"A study was undertaken to compare directly the self-administered version of the CRQ and the SGRQ with respect to feasibility , internal consistency , validity , and sensitivity to changes resulting from bronchodilator therapy .",none,0,0,0
10525558,"METHODS One hundred and forty four patients with moderate or severe COPD were randomly assigned to receive three months of treatment with either salmeterol , salmeterol + ipratropium bromide , or placebo .",participants,11,5,0
10525558,Quality of life was measured at baseline and after 12 weeks of treatment .,outcomes,0,0,3
10525558,RESULTS The proportions of missing values per patient were low for both questionnaires ( 0.54 % for the CRQ and 2 % for the SGRQ ) .,outcomes,0,0,4
10525558,The internal consistency was good for both questionnaires ( Cronbach 's alpha coefficients > /= 0.84 for the CRQ and > /= 0.76 for the SGRQ ) .,outcomes,0,0,2
10525558,Factor analysis confirmed the original domain structure of the CRQ but not of the SGRQ .,none,0,0,0
10525558,Correlations with forced expiratory volume in one second ( FEV ( 1 ) ) % predicted and peak expiratory flow rate ( PEFR ) were low for both questionnaires but better for the SGRQ than for the CRQ .,outcomes,0,0,14
10525558,The ability to discriminate between subjects with different levels of FEV ( 1 ) was somewhat better for the SGRQ .,outcomes,0,0,4
10525558,The correlations with symptom scores were comparable for both questionnaires .,none,0,0,0
10525558,"Cross sectionally , the scores of the two questionnaires were moderately to highly correlated ( coefficients ranged from 0.35 to 0.72 ) .",none,0,0,0
10525558,"Longitudinally , these correlations were lower ( coefficients ranged from 0.17 to 0.54 ) but were still significant .",none,0,0,0
10525558,The CRQ total and emotions score and the SGRQ symptoms score were the most responsive to change .,outcomes,0,0,10
10525558,The SGRQ symptoms domain was the only domain where the improvement in patients receiving combination treatment crossed the threshold for clinical relevance .,outcomes,0,0,3
10525558,"CONCLUSIONS Since this analysis of reliability , validity , and responsiveness to change did not clearly favour one instrument above the other , the choice between the CRQ and the SGRQ can be based on other considerations such as the required sample size or the availability of reference values .",none,0,0,0
10539493,The impact of schizophrenic patient functionality on service utilization and cost .,outcomes,1,0,4
10539493,"Based on a presentation by Sandra L. Tunis , PhD .",none,0,0,0
10539493,"With the advent of atypical agents in the treatment of schizophrenia , physicians and policy makers must consider the costs that may accompany greater clinical efficacy .",none,0,0,0
10539493,"Analyses reveal that olanzapine shows a greater clinical cost effectiveness , as well as a greater functional cost effectiveness , than haloperidol , and that functional outcomes , in particular , show promise as important measures of effectiveness .",outcomes,0,2,6
10539493,Functional outcomes can help differentiate medications and can be used to help demonstrate the cost effectiveness of atypical agents .,outcomes,0,0,2
10539493,"Mental health and physical health functioning , as well as work status , are all measures of functioning that have been used to evaluate treatment strategies .",outcomes,0,0,7
10539493,"When comparing olanzapine with haloperidol , cost savings are seen throughout the treatment period ( 1 year ) , with physical functioning most highly affected over time .",outcomes,0,2,4
10539493,Functional outcomes can therefore serve 2 purposes : to enhance compliance by improving health-related quality of life and to assist in making both treatment and formulary decisions .,outcomes,0,0,4
10550137,Granulocyte-macrophage colony-stimulating factor treatment before doxorubicin and cyclophosphamide chemotherapy priming in women with early-stage breast cancer .,participants,6,4,0
10550137,"PURPOSE To determine if inhibition of stem-cell activity induced by granulocyte-macrophage colony-stimulating factor ( [ GM-CSF ] ; Sargramostim ; Immunex Corporation , Seattle , WA ) withdrawal or priming protects hematopoietic stem cells from the cytotoxic effects of adjuvant chemotherapy for early-stage breast cancer .",participants,4,3,0
10550137,PATIENTS AND METHODS Serial blood counts were performed in 20 women with early-stage breast cancer receiving four courses of cyclophosphamide and doxorubicin chemotherapy .,interventions,0,8,0
10550137,"By a double-blind , placebo-controlled , balanced randomization , subjects received GM-CSF priming on days 5 to 1 for courses 1 and 3 or courses 2 and 4 .",interventions,0,19,0
10550137,"RESULTS Compared with before priming , after priming the times to neutrophil nadir ( 12.8 +/- 2.5 days v 14.8 +/- 1.5 days , respectively ; P =.0001 ) and platelet nadir ( mean +/- SD , 10.1 +/- 1.9 days v 11.1 +/- 2.2 days , P < .05 ) were shorter , indicating a shift of cytotoxicity to later progenitors .",outcomes,0,0,6
10550137,"The neutrophil nadir was similar with and without priming ( mean +/- SD , 490 +/- 310/microL v 550 +/- 350/microL , respectively ; P =.2 ) ; however , on day 16 the mean neutrophil count was higher ( mean +/- SD , 1030 +/- 580/microL v 690 +/- 370/microL , P =.004 ) , and the proportion of patients with a neutrophil count less than 500/microL was lower after priming than before ( six of 35 or 17 .",outcomes,0,0,6
10550137,"1 % v 12 of 34 or 35.3 % , respectively ; P =.04 ) .",none,0,0,0
10550137,"The platelet nadir was higher ( mean +/- SD , 166,000 +/- 51,000/microL after priming v 151,000 +/- 45,000/microL before priming , P =.007 ) , and the duration of thrombocytopenia , ie , a platelet count less than 150,000/microL , was shorter ( 1.5 +/- 2.1 days v 2.8 +/- 2.9 days , P =.0025 ) after priming .",outcomes,0,0,5
10550137,Episodes of fever and neutropenia were not observed .,outcomes,0,0,3
10550137,CONCLUSIONS GM-CSF priming from days 5 to 1 before doxorubicin and cyclophosphamide chemotherapy was associated with an earlier neutrophil and platelet nadir .,outcomes,0,0,3
10550137,"On day 16 , a higher mean neutrophil count and a lower proportion of patients with severe ( < 500/microL ) neutropenia were observed .",outcomes,0,0,3
10550137,Beneficial effects on the severity and duration of thrombocytopenia were also noted .,outcomes,0,0,1
10550137,These observations support the hypothesis that GM-CSF priming protects hematopoietic progenitors from the cytotoxic effects of chemotherapy .,interventions,0,1,0
10554799,A randomized controlled trial of itraconazole versus fluconazole for the prevention of fungal infections in patients with haematological malignancies .,outcomes,2,2,4
10554799,U.K. Multicentre Antifungal Prophylaxis Study Group .,none,0,0,0
10554799,Fluconazole is widely used as antifungal prophylaxis but it is ineffective against Aspergillus .,outcomes,0,1,2
10554799,Itraconazole has a broader spectrum of activity but the capsules give erratic bioavailability in neutropenic patients .,interventions,0,1,0
10554799,We compared itraconazole oral solution ( which has an improved pharmacokinetic profile ) with fluconazole for antifungal prophylaxis .,interventions,0,4,0
10554799,Adults with haematological malignancies receiving chemotherapy or bone marrow transplants were randomly allocated 5 mg/kg/d itraconazole ( itra ) solution ( 288 episodes ) or 100 mg fluconazole suspension ( flu ) ( 293 episodes ) from before the onset of neutropenia until neutrophil recovery or suspected fungal infection .,interventions,1,9,0
10554799,Outcomes were assessed by independent reviewers unaware of the prophylaxis allocation .,none,0,0,0
10554799,"More proven systemic fungal infections occurred in flu ( Aspergillus four , Candida tropicalis one , C. krusei one ) than itra ( C. albicans one ) and more of these were fatal ( four versus nil ) .",outcomes,0,0,4
10554799,"This difference reached statistical significance when first study episodes were considered separately ( six flu versus nil itra , P = 0.03 ) .",none,0,0,0
10554799,"Significantly more deaths of presumed fungal origin occurred in flu than itra ( seven versus nil , P = 0.024 ) .",outcomes,0,0,5
10554799,"There were significantly more cases of proven aspergillosis in flu than itra ( six versus nil , P = 0.038 , 5/6 cases were fatal ) if those occurring outside the study period are included .",outcomes,0,0,1
10554799,"Significantly more patients receiving flu required amphotericin B ( 58 v 39 , P = 0.043 ) but this may have been affected by the fact that the study was not blinded .",none,0,0,0
10554799,There were 11 proven mucosal candidal infections in flu and four in itra .,outcomes,0,0,3
10554799,Itraconazole solution and fluconazole provide effective prophylaxis against Candida but itraconazole affords greater protection against fatal aspergillosis .,interventions,0,2,2
10555930,The effect of Cys LT1 receptor blockade on airway responses to allergen .,interventions,0,4,0
10555930,"STUDY OBJECTIVE To evaluate the effect of a potent experimental leukotriene receptor antagonist , MK-571 , on airway responses to inhaled allergen .",interventions,0,5,0
10555930,"DESIGN Randomized , double-blind , placebo-controlled , crossover trial .",interventions,0,1,0
10555930,SETTING Clinical research center .,none,0,0,0
10555930,SUBJECTS Eight male volunteers with allergic asthma .,participants,4,0,0
10555930,"INTERVENTIONS An intravenous loading dose was followed by an 8-hour infusion of MK-571 or placebo , with a 7- to 14-day washout between treatments .",interventions,0,5,0
10555930,Allergen challenge was performed after the loading dose and a histamine challenge was performed before and 24 hours after allergen .,interventions,0,1,0
10555930,MEASUREMENTS AND MAIN RESULTS Forced expiratory volume in 1 second was measured serially .,outcomes,0,0,3
10555930,"MK-571 provided about 50 % protection during maximum early and late responses compared with placebo ( p=0.005 ) , but airway obstruction persisted 8-24 hours after allergen on both treatment days .",interventions,0,2,2
10555930,Airway responsiveness to histamine was not significantly attenuated at 24 hours .,outcomes,0,0,4
10555930,CONCLUSION Blocking Cys LT1 receptors for 8 hours attenuated the early and late responses but did not interrupt the cascade of events leading to subsequent allergen-induced airway obstruction and hyperreactivity .,none,0,0,0
10557909,"Effect of guided imagery on length of stay , pain and anxiety in cardiac surgery patients .",outcomes,3,2,5
10560780,Barriers to hypertension care and control in young urban black men .,participants,5,0,0
10560780,Barriers to high blood pressure ( HBP ) care and control have been reported in the literature for > 30 years .,outcomes,0,0,3
10560780,"Few reports on barriers , however , have focused on the young black man with HBP , the age/sex/race group with the highest rates of early severe and complicated HBP and the lowest rates of awareness , treatment , and control .",participants,5,0,0
10560780,"In a randomized clinical trial of comprehensive care for hypertensive young urban black men , factors potentially associated with care and control were assessed at baseline for the 309 enrolled men .",none,0,0,0
10560780,"A majority of the men encountered a variety of barriers including economic , social , and lifestyle obstacles to adequate BP care and control , including no current HBP care ( 49 % ) , risk of alcoholism ( 62 % ) , use of illicit drugs ( 45 % ) , social isolation ( 47 % ) , unemployment ( 40 % ) , and lack of health insurance ( 51 % ) .",outcomes,0,0,18
10560780,"Having health insurance ( odds ratio = 7.20 , P = .00 ) and a negative urine drug screen ( odds ratio = .56 , P = .04 ) were significant predictors of being in HBP care .",outcomes,0,0,7
10560780,Low alcoholism risk and employment were identified as significant predictors of compliance with HBP medication-taking behavior .,outcomes,0,0,4
10560780,"Men currently using illicit drugs were 2.64 times less likely to have controlled BP compared with their counterparts who did not use illicit drugs , and men currently taking HBP medication were 63 times more likely have controlled BP compared with men not taking HBP medication .",outcomes,0,0,10
10560780,"Comprehensive interventions are needed to address socioeconomic and lifestyle issues as well as other barriers to care and treatment , if HBP care is to be salient and effective in this high risk group .",interventions,0,2,0
10563544,Intra-luminal nicotine reduces smooth muscle tone and contractile activity in the distal large bowel .,none,0,0,0
10563544,"BACKGROUND Nicotine may be of therapeutic value in ulcerative colitis ( UC ) , although its mechanism of action has not been established .",participants,5,0,0
10563544,OBJECTIVE To examine the effect of a solution of nicotine on sustained resting pressure ( tone ) and contractile activity in the human colon .,outcomes,0,0,8
10563544,"METHODS Ten healthy volunteers , and seven with UC in symptomatic remission took part ; all were non-smokers .",none,0,0,0
10563544,All 17 subjects were given nicotine or placebo solution on two separate occasions in a randomized sequence .,interventions,0,2,0
10563544,"A water-perfused manometry catheter , with openings at 5 , 10 and 15 cm from the tip , was placed by rigid sigmoidoscopy in the recto-sigmoid region .",interventions,0,4,0
10563544,"Baseline tone and activity were measured for 15 min prior to instillation of 20 ml of saline alone or with nicotine , 1.2 mg , at pH 4.5 .",outcomes,0,0,3
10563544,Observations were made over the subsequent 15-20 min .,none,0,0,0
10563544,"RESULTS Baseline spontaneous activity in all subjects showed both high- and low-frequency components ; in three patients with UC , the low-frequency activity was of high amplitude .",none,0,0,0
10563544,"The nicotine reduced both tone and activity in all subjects , with reduction or abolition of the large contractions in UC .",outcomes,0,0,2
10563544,"Tone in all 17 subjects was reduced significantly at 3 min after nicotine ( P = 0.000015 , sign test ) ; the rate of recovery varied in individuals .",outcomes,0,0,4
10563544,Results from normals and UC did not differ significantly from each other .,none,0,0,0
10563544,No significant change in tone or activity was observed with the saline solution .,outcomes,0,0,2
10563544,CONCLUSION Intra-luminal nicotine significantly reduces both smooth muscle tone and contractile activity in the recto-sigmoid colon in both normal subjects and patients with UC .,none,0,0,0
10566623,A comparison of recombinant human thyrotropin and thyroid hormone withdrawal for the detection of thyroid remnant or cancer .,none,0,0,0
10566623,Recombinant human TSH has been developed to facilitate monitoring for thyroid carcinoma recurrence or persistence without the attendant morbidity of hypothyroidism seen after thyroid hormone withdrawal .,interventions,0,3,0
10566623,The objectives of this study were to compare the effect of administered recombinant human TSH with thyroid hormone withdrawal on the results of radioiodine whole body scanning ( WBS ) and serum thyroglobulin ( Tg ) levels .,interventions,0,4,0
10566623,Two hundred and twenty-nine adult patients with differentiated thyroid cancer requiring radioiodine WBS were studied .,participants,16,0,0
10566623,Radioiodine WBS and serum Tg measurements were performed after administration of recombinant human TSH and again after thyroid hormone withdrawal in each patient .,interventions,0,5,0
10566623,Radioiodine whole body scans were concordant between the recombinant TSH-stimulated and thyroid hormone withdrawal phases in 195 of 220 ( 89 % ) patients .,outcomes,0,2,6
10566623,"Of the discordant scans , 8 ( 4 % ) had superior scans after recombinant human TSH administration , and 17 ( 8 % ) had superior scans after thyroid hormone withdrawal ( P = 0.108 ) .",interventions,0,4,0
10566623,"Based on a serum Tg level of 2 ng/mL or more , thyroid tissue or cancer was detected during thyroid hormone therapy in 22 % , after recombinant human TSH stimulation in 52 % , and after thyroid hormone withdrawal in 56 % of patients with disease or tissue limited to the thyroid bed and in 80 % , 100 % , and 100 % of patients , respectively , with metastatic disease .",participants,10,9,3
10566623,A combination of radioiodine WBS and serum Tg after recombinant human TSH stimulation detected thyroid tissue or cancer in 93 % of patients with disease or tissue limited to the thyroid bed and 100 % of patients with metastatic disease .,outcomes,0,0,3
10566623,"In conclusion , recombinant human TSH administration is a safe and effective means of stimulating radioiodine uptake and serum Tg levels in patients undergoing evaluation for thyroid cancer persistence and recurrence .",interventions,0,4,0
10568568,Effect of nitric-oxide-generating system on microcirculatory blood flow in skin of patients with severe Raynaud 's syndrome : a randomised trial .,outcomes,0,2,3
10568568,"BACKGROUND Patients with Raynaud 's syndrome have abnormal digital vasoconstriction , which may be secondary to impaired synthesis of , or impaired sensitivity to , nitric oxide .",none,0,0,0
10568568,We studied the effect on microcirculation of a nitric-oxide-generating system applied topically to the finger and forearm of healthy volunteers and patients with primary Raynaud 's syndrome .,interventions,0,2,0
10568568,"METHODS We did a single-blind , randomised , placebo controlled , cross-over study of the microcirculatory response to topical application of a nitric-oxidegenerating gel in 20 patients with severe Raynaud 's syndrome , and ten healthy volunteers .",interventions,0,2,2
10568568,"We prepared the nitric-oxide-generating system by mixing a solution of KY jelly and sodium nitrite ( 5 % weight/volume ) , with a solution of KY jelly and ascorbic acid ( 5 % weight/volume ) .",interventions,0,22,0
10568568,"About 0.5 mL of each solution was separately applied to the skin of the forearm ( 3 cm2 ) , and then mixed with a sterile cotton bud .",interventions,0,7,0
10568568,A similar procedure was done simultaneously on the other arm with KY jelly only ( placebo ) .,interventions,0,6,0
10568568,The procedure was then repeated on the finger pulps .,none,0,0,0
10568568,"Changes in skin microcirculatory volume and flux were measured bilaterally by infrared photoplethysmography and laser doppler fluxmetry , respectively .",outcomes,0,0,7
10568568,"FINDINGS In the forearm , blood flow increased significantly after application of the active gel both in patients with Raynaud 's syndrome ( microcirculatory volume from mean area under the curve 98 [ SE 14 ] to 1024 [ 130 ] ; microcirculatory flux from 5060 [ 462 ] to 74,800 [ 3940 ] ) and in healthy controls ( volume from 85 [ 19 ] to 1020 [ 60 ] ; flux from 4420 [ 435 ] to 84,500 [ 7000 ] ) .",outcomes,0,0,2
10568568,"In the fingers , although baseline blood flow was lower in patients than in controls , both groups showed increases with application of active gel ( volume from 1100 [ 194 ] to 3280 [ 672 ] and 2380 [ 441 ] to 6160 [ 1160 ] , respectively ; flux from 33,400 [ 4200 ] to 108,000 [ 13,600 ] and 52,000 [ 8950 ] to 185,000 [ 19,500 ] ) .",outcomes,0,0,4
10568568,Increases in blood flow with placebo gel were not significant .,outcomes,0,0,2
10568568,No adverse effects were reported .,none,0,0,0
10568568,"INTERPRETATION In primary Raynaud 's syndrome , topical application of a nitric-oxide-generating system can stimulate an increase in both microcirculatory volume and flux .",outcomes,0,2,5
10575594,"Comparison of antiresorptive activities of ipriflavone , an isoflavone derivative , and elcatonin , an eel carbocalcitonin .",interventions,0,5,0
10575594,Thirty postmenopausal women with reduced bone mineral density were divided randomly into two groups based on the chronological sequence of their first visit to the Osteoporosis Clinic of Katsuragi Hospital .,participants,8,0,0
10575594,"Group I was given 600 mg ipriflavone orally daily and group II was weekly injected intramuscularly with 20 units elcatonin , Asu1-7 eel calcitonin ( carbocalcitonin ) .",interventions,0,10,0
10575594,"Lumbar spine BMD was measured by dual-energy X-ray absorptiometry , and trabecular bone mineral density at the distal radius , cortical bone density , and relative cortical volume at the radial diaphysis by peripheral computed tomography before the beginning of the study and at the 4th , 8th , and 12th month .",outcomes,0,0,13
10575594,"Markers of bone metabolism -- serum total alkaline phosphatase , bone-specific alkaline phosphatase , tartrate-resistant acid phosphatase , osteocalcin , intact osteocalcin , PICP and ICTP , and urinary pyridinoline , deoxypyridinoline , and calcium/creatinine ( Ca/Cr ) -- were also measured at the same interval .",outcomes,0,0,38
10575594,Plasma parathyroid hormone ( PTH ) and calcitonin ( CT ) were measured at the same time .,outcomes,0,0,11
10575594,"Radial trabecular bone density showed a significantly higher rate of increase in group I ( ipriflavone group ) than in group II ( elcatonin group ) at the 4th month , whereas lumbar spine BMD showed more pronounced increase in the elcatonin group than in the ipriflavone group throughout the study period .",outcomes,0,0,7
10575594,Bone metabolism markers tended to decline in both groups .,outcomes,0,0,3
10575594,Total and intact osteocalcin showed a significant fall from the baseline throughout the study period only in the ipriflavone group .,outcomes,0,0,4
10575594,Urine pyridinoline and deoxypyridinoline showed a significant fall from the baseline at the 12th month only in the ipriflavone group .,outcomes,0,0,4
10575594,"On comparing bone gainers with increase of lumbar spine BMD by 2 % or more with bone losers with a decrease by 2 % or more , only urine Ca/Cr was significantly different , lower in the former than in the latter , despite the general tendency for bone resorption markers to decrease in bone gainers and to increase in bone losers .",outcomes,0,0,5
10588965,Lack of benefit of a single dose of synthetic human secretin in the treatment of autism and pervasive developmental disorder .,participants,4,3,0
10588965,BACKGROUND Secretin is a peptide hormone that stimulates pancreatic secretion .,interventions,0,1,0
10588965,"After recent publicity about a child with autism whose condition markedly improved after a single dose of secretin , thousands of children with autistic disorders may have received secretin injections .",interventions,2,3,0
10588965,"METHODS We conducted a double-blind , placebo-controlled trial of a single intravenous dose of synthetic human secretin in 60 children ( age , 3 to 14 years ) with autism or pervasive developmental disorder .",participants,6,4,0
10588965,The children were randomly assigned to treatment with an intravenous infusion of synthetic human secretin ( 0.4 microg per kilogram of body weight ) or saline placebo .,interventions,0,3,0
10588965,"We used standardized behavioral measures of the primary and secondary features of autism , including the Autism Behavior Checklist , to assess the degree of impairment at base line and over the course of a four-week period after treatment .",none,0,0,0
10588965,"RESULTS Of the 60 children , 4 could not be evaluated - 2 received secretin outside the study , and 2 did not return for follow-up .",interventions,0,1,0
10588965,"Thus , 56 children ( 28 in each group ) completed the study .",participants,1,0,0
10588965,"As compared with placebo , secretin treatment was not associated with significant improvements in any of the outcome measures .",outcomes,0,2,8
10588965,"Among the children in the secretin group , the mean total score on the Autism Behavior Checklist at base line was 59.0 ( range of possible values , 0 to 158 , with a larger value corresponding to greater impairment ) , and among those in the placebo group it was 63.2 .",outcomes,0,2,8
10588965,"The mean decreases in scores over the four-week period were 8.9 in the secretin group and 17.8 in the placebo group ( mean difference , -8.9 ; 95 percent confidence interval , -19.4 to 1.6 ; P=0.11 ) .",outcomes,0,1,4
10588965,None of the children had treatment-limiting adverse effects .,outcomes,0,0,3
10588965,"After they were told the results , 69 percent of the parents of the children in this study said they remained interested in secretin as a treatment for their children .",interventions,0,1,0
10588965,CONCLUSIONS A single dose of synthetic human secretin is not an effective treatment for autism or pervasive developmental disorder .,outcomes,0,2,4
10592853,"A comparative study of the safety and efficacy of FemCap , a new vaginal barrier contraceptive , and the Ortho All-Flex diaphragm .",interventions,0,10,0
10592853,The FemCap Investigators ' Group .,none,0,0,0
10592853,"The FemCap is a new silicone rubber barrier contraceptive shaped like a sailor 's hat , with a dome that covers the cervix , a rim that fits into the fornices , and a brim that conforms to the vaginal walls around the cervix .",interventions,0,1,0
10592853,"It was designed to result in fewer dislodgments and less pressure on the urethra than the cervical cap and diaphragm , respectively , and to require less clinician time for fitting .",none,0,0,0
10592853,"This was a phase II/III , multicenter , randomized , open-label , parallel group study of 841 women at risk for pregnancy .",participants,5,0,0
10592853,A subset of 42 women at one site underwent colposcopy .,participants,3,0,0
10592853,"Women were randomized to use the FemCap or Ortho All-Flex contraceptive diaphragm , both with 2 % nonoxynol-9 spermicide , for 28 weeks .",interventions,0,7,0
10592853,The objectives were to compare the two devices with regard to their safety and acceptability and to determine whether the probability of pregnancy among FemCap users was no worse than that of the diaphragm ( meaning not more than 6 percentage points higher ) .,outcomes,0,2,3
10592853,The 6-month Kaplan-Meier cumulative unadjusted typical use pregnancy probabilities were 13.5 % among FemCap users and 7.9 % among diaphragm users .,outcomes,0,2,3
10592853,"The adjusted risk of pregnancy among FemCap users was 1.96 times that among diaphragm users , with an upper 95 % confidence limit of 3.01 .",outcomes,0,2,4
10592853,"Clinical equivalence ( noninferiority ) of the FemCap compared with the diaphragm , as defined in this study , would mean that the true risk of pregnancy among FemCap users was no more than 1.73 times the pregnancy risk of diaphragm users .",outcomes,0,3,11
10592853,"Because the observed upper 95 % confidence limit ( and even the point estimate ) exceeded 1.73 , the probability of pregnancy among FemCap users , compared with that among diaphragm users , did not meet the definition of clinical equivalence used in this study .",outcomes,0,2,7
10592853,The FemCap was believed to be safe and was associated with significantly fewer urinary tract infections .,outcomes,0,1,4
10592853,"More women reported problems with the FemCap with regard to insertion , dislodgement , and especially removal , although their general assessments were positive .",interventions,0,1,0
10592853,"The two devices were comparable with regard to safety and acceptability , but a 6-point difference in the true 6-month pregnancy probabilities of the two devices could not be ruled out .",outcomes,0,0,6
10592853,Further studies are needed to determine whether design modifications can simplify insertion and removal .,none,0,0,0
10593347,Cholesterol-lowering effect of stanol ester in a US population of mildly hypercholesterolemic men and women : a randomized controlled trial .,participants,4,2,0
10593347,OBJECTIVE To determine the efficacy of stanol esters in lowering cholesterol in a US population .,interventions,0,2,0
10593347,"SUBJECTS AND METHODS After a run-in phase , 318 subjects were randomized to receive one of the following margarine-like spreads containing stanol ester or placebo for 8 weeks : EU 3 G : 1 g of stanol ( ester form ) per 8-g serving of a European formula 3 times a day ; US 3 G : 1 g of stanol ( ester form ) per 8-g serving of a US reformulation 3 times a day ; US 2 G : 0.67 g of stanol ( ester form ) per 8-g serving of a US reformulation 3 times a day ; or placebo spread .",interventions,1,15,0
10593347,"RESULTS Mean +/- SD baseline total cholesterol ( TC ) and low-density lipoprotein cholesterol ( LDL-C ) levels were 233+/-20 and 153+21 mg+/-dL , respectively .",outcomes,0,0,16
10593347,"In the US 3 G group , 3 g daily of stanol esters lowered TC and LDL-C levels by 6.4 % and 10.1 % , respectively .",outcomes,0,2,3
10593347,There was a dose-dependent response compared with 2 g daily ( US 2 G ) .,none,0,0,0
10593347,Triglyceride and high-density lipoprotein cholesterol levels were unchanged .,outcomes,0,0,6
10593347,The incidence of adverse effects was not different from placebo .,outcomes,0,1,2
10593347,Serum vitamin A and 25-hydroxyvitamin D levels were not affected .,outcomes,0,0,7
10593347,CONCLUSIONS Stanol esters lowered TC and LDL-C levels in a mildly hypercholesterolemic US population without evidence of adverse effects .,outcomes,2,2,3
10593347,It may be a useful dietary adjunct to lower cholesterol .,none,0,0,0
10594393,Ursodeoxycholic acid has no influence on function after restorative proctocolectomy in ulcerative colitis .,participants,2,2,1
10594393,BACKGROUND Poor pouch function is associated with impaired bile acid absorption and increased faecal loss of bile acids .,none,0,0,0
10594393,"Bile acid replacement therapy might therefore be of clinical benefit , provided that diarrhoea is not aggravated by therapy .",interventions,0,4,0
10594393,AIM To investigate the role of exogenous bile acid therapy in patients with poor pouch function after restorative proctocolectomy for ulcerative colitis .,participants,5,4,0
10594393,"PATIENTS AND METHODS Twenty ulcerative colitis patients with poor pouch function ( score > 4 on a 12-point score ) were recruited for inclusion to a prospective , randomized , double-blind crossover , placebo-controlled trial of ursodeoxycholic acid ( 10 mg/kg per day in two divided doses for 1 month ) .",participants,6,3,0
10594393,RESULTS A total of 16 patients completed the study .,participants,1,0,0
10594393,There was no significant difference in the functional score or bowel frequency following treatment irrespective of whether the active treatment was given before or after placebo .,outcomes,0,0,5
10594393,CONCLUSIONS We conclude that ursodeoxycholic acid given over 4 weeks had no influence on functional score or bowel frequency after restorative proctocolectomy for U.C .,outcomes,0,2,7
10594396,Standard-dose lansoprazole is more effective than high-dose ranitidine in achieving endoscopic healing and symptom relief in patients with moderately severe reflux oesophagitis .,interventions,2,4,0
10594396,The Dutch Lansoprazole Study Group .,interventions,0,1,0
10594396,"BACKGROUND In the treatment of reflux oesophagitis , H2-receptor antagonists are still widely used in spite of the apparent higher efficacy of proton pump inhibitors .",none,0,0,0
10594396,"In an attempt to compensate for the lower efficacy , H2-receptor antagonists are now increasingly being used at a higher dose .",none,0,0,0
10594396,OBJECTIVE To assess whether or not standard-dose lansoprazole ( 30 mg o.d .,interventions,0,2,0
10594396,) is more effective than high-dose ranitidine ( 300 mg b.d .,interventions,0,2,0
10594396,) in moderately severe reflux oesophagitis ( grades II-III ) .,none,0,0,0
10594396,"METHODS Lansoprazole or ranitidine was given to 133 patients for 4-8 weeks in a double-blind , randomized , parallel group , multicentre trial .",interventions,1,2,0
10594396,"RESULTS The percentage of patients with endoscopically-verified healing was significantly higher on lansoprazole than on ranitidine both after 4 weeks ( 79 % vs. 42 % ) and 8 weeks ( 91 % vs. 66 % ) , though smoking had a negative impact on oesophagitis healing with lansoprazole .",outcomes,0,3,6
10594396,"Heartburn , retrosternal pain and belching improved significantly better with lansoprazole than with ranitidine , as did the patient-rated overall symptom severity .",outcomes,0,2,6
10594396,"Relief of heartburn appeared somewhat faster with ranitidine , but was more pronounced with lansoprazole .",outcomes,0,2,3
10594396,The number of patients with adverse events was similar in both treatment groups .,outcomes,0,0,6
10594396,CONCLUSION Standard-dose lansoprazole is better than high-dose ranitidine in moderately severe reflux oesophagitis .,interventions,0,4,0
10599355,Enalapril ( 10 mg/day ) in systemic sclerosis .,interventions,0,1,0
10599355,"One year , double blind , randomised study ( ESS-1 ) : echocardiographic substudy -- three months follow-up .",none,0,0,0
10599355,The ESS-1 study was designed to evaluate the long-term effects of the angiotensin converting enzyme inhibitor ( ACEI ) enalapril ( 10 mg per day ) on the cardio-pulmonary system in patients with scleroderma ( SSc ) .,participants,4,1,0
10599355,"We estimated changes in heart diameters , systolic and diastolic left ventricle function and mean values of pulmonary artery pressure after 3 months treatment .",outcomes,0,0,16
10599355,The study group comprise 41 patients with SSc .,participants,1,0,0
10599355,18 patients received placebo and 23 ones were given enalapril .,interventions,0,2,0
10599355,After 3 months of treatment we did not observe statistically significant differences in heart diameters and left ventricle systolic function parameters between treated group and placebo .,outcomes,0,0,7
10599355,"Enalapril therapy did not affect left ventricle diastolic function , nevertheless differences in MVA were almost of statistical significance .",outcomes,0,1,5
10599355,Echocardiographic signs of pulmonary hypertension were found in 4 patients .,outcomes,0,0,2
10602739,"Ciprofloxacin , lomefloxacin , or levofloxacin as treatment for chronic osteomyelitis .",interventions,2,3,3
10602739,"The efficacy and safety of three oral fluoroquinolones ( lomefloxacin , levofloxacin , and ciprofloxacin ) for the treatment of chronic osteomyelitis were analyzed .",interventions,0,5,3
10602739,"Twenty-seven patients had documented infections with quinolone-sensitive organisms and received either lomefloxacin , levofloxacin , or ciprofloxacin .",participants,5,3,0
10602739,Levofloxacin was effective therapy for 9 of 15 ( 60 % ) patients .,none,0,0,0
10602739,"Lomefloxacin was effective therapy for five of seven ( 71 % ) patients , and ciprofloxacin was effective therapy for two of five patients ( 40 % ) .",none,0,0,0
10602739,"Average follow-up was 11.8 months for patients who completed the course of therapy , and the average duration of therapy was 60.6 days .",outcomes,0,0,3
10602739,"Gram-positive bacteria were isolated from 18 patients , and 11 patients were cured .",outcomes,0,0,3
10602739,"Oral fluoroquinolones can be safe , effective therapy if they are given for a prolonged course as treatment for infections caused by susceptible gram-positive as well as gram-negative organisms and in combination with adequate surgical debridement .",outcomes,0,0,3
10606880,"Partial depletion of tissue factor pathway inhibitor during subcutaneous administration of unfractionated heparin , but not with two low molecular weight heparins .",outcomes,0,1,6
10606880,Tissue factor pathway inhibitor ( TFPI ) is released to circulating blood after intravenous ( i.v .,none,0,0,0
10606880,") and subcutaneous ( s.c. ) injections of heparins , and may thus contribute to the antithrombotic effect of heparins .",none,0,0,0
10606880,"We have recently shown that total TFPI activity , plasma free TFPI antigen , and heparin releasable TFPI were partially depleted during repeated and continuous i.v .",outcomes,0,0,10
10606880,"infusion of unfractionated heparin ( UFH ) , but not during s.c. treatment with a low molecular weight heparin ( LMWH ) .",interventions,0,2,0
10606880,The difference may be attributed to a different mode of action or the different mode of administration .,none,0,0,0
10606880,"In the present randomized cross-over study , s.c. administration of therapeutic doses of UFH was compared with s.c. administration of two LMWHs .",interventions,0,5,0
10606880,"12 healthy male volunteers were treated for 3 d with UFH , 250 U/kg twice daily , dalteparin , 200 U/kg once daily , and enoxaparin , 1.5 mg/kg once daily .",interventions,4,8,0
10606880,"Six participants were also treated with UFH , 300 U/kg once daily .",interventions,0,1,0
10606880,On day 5 a single dose of either drug was given .,none,0,0,0
10606880,"Peak levels of total TFPI activity and free TFPI antigen were detected 1 h after injection , whereas maximal prolongation of activated partial thromboplastin time ( APTT ) and peak levels of anti-factor Xa activity and anti-factor IIa activity were detected after 4 h. On UFH administered twice daily , free TFPI antigen decreased by 44 % from baseline level before the first injection on day 1 to pre-injection level on day 5 .",outcomes,0,1,34
10606880,"On UFH administered once daily , basal free TFPI antigen decreased by 50 % , 56 % and 27 % on day 2 , 3 and 5 respectively , compared with day 1 .",outcomes,0,1,4
10606880,Minimal depletion of TFPI was detected during treatment with LMWHs .,outcomes,0,0,4
10606880,The study demonstrates the different modes of action of LMWHs and UFH and may help to explain the superior antithrombotic efficacy of LMWHs .,interventions,0,2,0
10607234,Quantitative monitoring of serum hepatitis B virus DNA and blood lymphocyte subsets during combined prednisolone and interferon-alpha therapy in patients with chronic hepatitis B .,outcomes,0,4,8
10607234,"Several investigators have reported a significantly reduced CD4/CD8 ratio , as defined by monoclonal antibodies , in the peripheral blood of Caucasian patients with chronic active hepatitis B ( CAHB ) .",outcomes,0,0,2
10607234,"In Asian patients with chronic hepatitis B , quantitative analyses of subpopulations of peripheral blood lymphocytes have not been able to confirm these findings .",none,0,0,0
10607234,"In this work , we analysed the frequency of peripheral blood lymphocyte subsets in 10 Chinese patients with histologically proven CAHB and seven healthy Chinese individuals .",none,0,0,0
10607234,Four of the 10 CAHB patients received combined prednisolone/interferon-alpha2b ( IFN-alpha2b ) therapy .,interventions,0,6,0
10607234,"Peripheral blood samples were consecutively collected for analysis of lymphocyte subpopulations using an indirect immunofluorescence ( IF ) method , and hepatitis B virus ( HBV ) DNA was quantified by a chemiluminescent , molecular-hybridization assay .",outcomes,0,0,3
10607234,"Peripheral blood mononuclear cells from seven Chinese control individuals comprised 63 +/- 3 % CD3+ cells , of which 41 +/- 4 % were of CD4+ and 23 +/- 2 % of CD8+ subsets .",outcomes,0,0,4
10607234,The mean CD4/CD8 ratio in the healthy controls was 1.9 ( 95 % confidence interval = 1.1-2.7 ) .,outcomes,0,0,3
10607234,"The CD4/CD8 ratios were significantly reduced ( P < 0.01 ) in the 10 patients with chronic hepatitis B , compared with those of the controls , owing to a significant increase in the number of CD8+ cells ( P < 0.005 ) .",outcomes,0,0,6
10607234,"During the treatment with prednisolone , a significant increase in the CD4/CD8 ratio was observed in all treated patients .",outcomes,0,1,2
10607234,"This increase was mainly caused by a decrease in the number of CD8+ cells and was accompanied by an increase in serum HBV DNA levels , which peaked during the latter part of the prednisolone cycle .",outcomes,0,0,10
10607234,"During the treatment with IFN-alpha2b , a second increase in the CD4/CD8 ratio was observed , which was caused by an increase in CD4+ cells .",none,0,0,0
10607234,"A marked decrease in viral load was observed , during treatment with IFN-alpha2b , in patients with HBV DNA levels below 10 000 pg ml-1 .",outcomes,0,1,2
10607234,"Our data indicate that the CD4/CD8 ratios in Chinese CAHB patients do not differ from those of Caucasian patients with CAHB , when analysed using similar methods for the enumeration of lymphocyte subsets .",none,0,0,0
10607234,Profound effects on cellular distribution and viral replication were noted during the combined prednisolone/IFN-alpha2b therapy .,none,0,0,0
10607234,Additional studies of the modulatory effect of the combined therapy on the distribution of lymphocyte subsets and cytokine profiles in relation to the therapeutic outcome of HBV infection are warranted .,none,0,0,0
10618526,Early immunisation with hepatitis B vaccine : a five-year study .,interventions,0,4,0
10618526,We evaluated the response to the recombinant Hepatitis B vaccine using an accelerated schedule versus the traditional schedule by studying the immunologic memory induced in 200 children with HBs-Ag negative mothers .,interventions,3,4,0
10618526,"At seroconversion , the traditional schedule presented a higher percentage of children with serum HBs-Ag concentrations over 100 mIU/ml than the accelerated schedule .",none,0,0,0
10618526,After five years this difference was no longer statistically significant and children who presented anti-HBsAg concentrations below 10 mUI/ml received an additional booster dose which stimulated the antibody concentration to exceed 100 mIU/ml in all cases .,outcomes,0,0,11
10618526,Recombinant HBV vaccine induced better long term immunologic memory when it was administered earlier .,interventions,0,3,2
10619912,"Gastric carcinoma : expression of c-erbB-2/neu oncoprotein , epidermal growth factor receptor , cathepsin D , progesterone receptor and tumor associated glycoprotein-72 in different histological types .",outcomes,2,0,16
10619912,OBJECTIVE Gastric carcinoma can be divided into two main histological and clinical types : diffuse and intestinal .,participants,2,0,0
10619912,"The aim of this study was to investigate the expression of neu/c-erbB-2 oncoprotein , epidermal growth factor receptor ( EGFR ) , cathepsin D ( catD ) , progesterone receptor ( PR ) and tumor-associated glycoprotein-72 ( TAG-72 ) in gastric carcinoma of these histological types .",outcomes,0,2,26
10619912,"METHOD In this randomized , prospective study we analyzed 85 biopsy samples from patients with gastric adenocarcinoma .",participants,2,0,0
10619912,The control group consisted of 40 specimens from normal gastric mucosa .,none,0,0,0
10619912,Neu oncoprotein and PR were determined by ELISA .,outcomes,0,1,4
10619912,"CatD and TAG-72 were quantified with immunoradiometric ( IRMA ) methods , and EGFR were studied by radioimmunoassay ( RIA ) .",outcomes,0,0,12
10619912,"RESULTS Neu , EGFR , catD and TAG-72 concentrations were higher in the tumoral group ( p = 0.02 , p = 0.00001 , p = 0.002 and p = 0.007 , respectively ) .",outcomes,0,0,4
10619912,"In diffuse adenocarcinomas , catD and PR expression was increased ( p = 0.01 and p = 0.04 respectively ) , whereas TAG-72 concentration , which correlated with neu ( r = 0.57 ) , was higher in the intestinal type ( p = 0.04 ) .",outcomes,0,0,6
10619912,No significant differences in EGFR and neu concentrations were seen between the two histological types .,outcomes,0,0,2
10619912,"CONCLUSIONS The higher PR and catD concentrations in diffuse adenocarcinomas , and the overexpression of TAG-72 in the intestinal type , support the existence of two modes of gastric carcinogenesis .",outcomes,0,0,4
10624759,Prediction of metabolic and cardiopulmonary responses to maximum cycle ergometry : a randomised study .,interventions,0,3,0
10624759,All of the most widely-cited studies for the prediction of maximum exercise responses have utilized either volunteers or referred subjects .,participants,5,0,3
10624759,"Therefore , selection bias , with overestimation of the reference values , is a likely consequence .",none,0,0,0
10624759,"In order to establish a set of predictive equations for the gas exchange , ventilatory and cardiovascular responses to maximum ramp-incremental cycle ergometry , this study prospectively evaluated 120 sedentary individuals ( 60 males , 60 females , aged 20-80 ) , randomly-selected from > 8,000 subjects .",participants,14,4,7
10624759,"Regular physical activity pattern by questionnaire , body composition by anthropometry and dual energy X-ray absorptiometry ( n = 75 ) and knee strength by isokinetic dynamometry were also assessed .",outcomes,0,4,26
10624759,Previously reported equations typically overestimated the subjects ' peak oxygen uptake ( p < 0.05 ) .,outcomes,0,0,3
10624759,"Prediction linear equations for the main variables of clinical interest were established by backward stepwise regression analysis including : sex , age , knee extensor peak torque , bone-free lean leg mass , total and lean body mass , height , and physical activity scores .",none,0,0,0
10624759,Reference intervals ( 95 % confidence limits ) were calculated : some of these values differed markedly from those formerly recommended .,outcomes,0,0,2
10624759,The results therefore might provide a more appropriate frame of reference for interpretation of the responses to symptom-limited ramp incremental cycle ergometry in sedentary subjects ; i.e .,outcomes,0,4,7
10624759,those usually referred for clinical cardiopulmonary exercise tests .,none,0,0,0
10632537,Focal therapeutic efficacy of transcatheter arterial infusion of styrene maleic acid neocarzinostatin for hepatocellular carcinoma .,interventions,0,3,3
10632537,We evaluated the focal therapeutic effect of oily carcinostatic agents administered by transcatheter arterial infusion ( TAI ) as the initial therapy in patients with hepatocellular carcinoma in a randomized controlled clinical trial .,participants,4,3,3
10632537,"Group A ( 19 patients ) received 4 mg of styrene maleic acid neocarzinostatin in 4 ml of Lipiodol , and group B ( 18 patients ) received 100 mg of epirubicin in 4 ml of Lipiodol via the tumor feeding arteries as peripherally as possible .",interventions,12,21,0
10632537,The grade of Lipiodol accumulation and the tumor regression rate were determined 2 weeks after TAI by computerized tomography .,none,0,0,0
10632537,"Adverse effects within 2 weeks after TAI were evaluated by subjective signs and symptoms such as fever ( maximum body temperature ) and the frequency of shaking chills and abdominal pain , and by biochemical parameters such as albumin , prothrombin time , and aspartate and alanine aminotransferases .",outcomes,0,0,12
10632537,Lipiodol accumulation in the tumor was significantly greater in group A ( 12/19 ; 63.2 % showing grade IV Lipiodol accumulation ) than in group B ( 3/18 ; 16.7 % showing grade IV ) ( P < 0.05 ) .,outcomes,0,0,5
10632537,The tumor regression rate was also significantly greater in group A ( 8/17 ; 47.1 % showing more than 25 % tumor regression ) than in group B ( 1/13 ; 7.7 % showing more than 25 % tumor regression ) ( P < 0.05 ) .,outcomes,0,0,3
10632537,"Although clinically significant elevations of aminotransferases and reductions of cholinesterase , and shaking chills were observed more often in group A than in group B ( P < 0.0001 ) , these factors had little influence on the clinical outcome .",outcomes,0,0,8
10632537,Our results suggest that styrene maleic acid neocarzinostatin in Lipiodol exerts a more favorable focal therapeutic effect than does epirubicin in Lipiodol in the initial treatment of hepatocellular carcinoma .,interventions,0,6,5
10634835,Randomised controlled trial of patient triggered and conventional fast rate ventilation in neonatal respiratory distress syndrome .,participants,5,4,0
10634835,"AIM To compare patient triggered , with conventional fast rate , ventilation in a randomised controlled trial using the incidence of chronic lung disease as the primary outcome measure .",outcomes,0,0,5
10634835,"METHODS Three hundred and eighty six preterm infants with birthweights from 1000 to 2000 g , and requiring ventilation for respiratory distress syndrome within 24 hours of birth , were randomised to receive either conventional or trigger ventilation with the SLE 2000 ventilator .",interventions,0,2,0
10634835,"RESULTS There were no significant differences in the incidence of chronic lung disease ( 28 day and 36 week definitions ) , death , pneumothorax , intraventricular haemorrhage , number of ventilator days , or length of oxygen dependency between groups .",outcomes,0,0,20
10634835,CONCLUSIONS Patient triggered ventilation in preterm infants with respiratory distress syndrome is feasible .,none,0,0,0
10634835,"No significant differences , when compared with conventional fast rate ventilation in important medium and longer term outcome measures , were evident .",none,0,0,0
10634838,Randomised controlled study of clinical outcome following trophic feeding .,interventions,0,3,0
10634838,AIMS To determine the effect of trophic feeding on clinical outcome in ill preterm infants .,participants,3,2,0
10634838,"METHODS A randomised , controlled , prospective study of 100 preterm infants , weighing less than 1750 g at birth and requiring ventilatory support and parenteral nutrition , was performed .",participants,1,0,0
10634838,Group TF ( 48 infants ) received trophic feeding from day 3 ( 0.5-1 ml/h ) along with parenteral nutrition until ventilatory support finished .,interventions,0,15,0
10634838,Group C ( 52 infants ) received parenteral nutrition alone .,interventions,0,4,0
10634838,""" Nutritive "" milk feeding was then introduced to both groups .",interventions,0,5,0
10634838,"Clinical outcomes measured included total energy intake and growth over the first six postnatal weeks , sepsis incidence , liver function , milk tolerance , duration of respiratory support , duration of hospital stay and complication incidence .",outcomes,0,0,26
10634838,"RESULTS Groups were well matched for birthweight , gestation and CRIB scores .",none,0,0,0
10634838,"Infants in group TF had significantly greater energy intake , mean difference 41.4 ( 95 % confidence interval 9 , 73.7 ) kcal/kg p=0.02 ; weight gain , 130 ( CI 1 , 250 ) g p = 0.02 ; head circumference gain , mean difference 0.7 ( CI 0.1 , 1.3 ) cm , p = 0.04 ; fewer episodes of culture confirmed sepsis , mean difference -0.7 ( -1.3 , -0.2 ) episodes , p = 0.04 ; less parenteral nutrition , mean difference -11.5 ( CI -20 , -3 ) days , p = 0 .",outcomes,0,0,14
10634838,"03 ; tolerated full milk feeds ( 165 ml/kg/day ) earlier , mean difference -11.2 ( CI -19 , -3 ) days , p = 0.03 ; reduced requirement for supplemental oxygen , mean difference -22.4 ( CI-41.5 , -3.3 ) days , p = 0.02 ; and were discharged home earlier , mean difference -22.1 ( CI -42.1 , -2.2 ) days , p = 0.04 .",outcomes,0,0,9
10634838,There was no significant difference in the relative risk of any complication .,outcomes,0,0,4
10634838,CONCLUSIONS Trophic feeding improves clinical outcome in ill preterm infants requiring parenteral nutrition .,interventions,0,5,0
10636373,Treatment of hypertension with ascorbic acid .,interventions,1,2,0
10636373,"In a randomised , double-blind , placebo-controlled study we showed that treatment of hypertensive patients with ascorbic acid lowers blood pressure .",interventions,1,3,3
10636373,"Further studies of ascorbic acid to treat hypertension , with clinical endpoints , are warranted .",outcomes,0,2,3
10637238,"Comparison of chemotherapy with chemohormonal therapy as first-line therapy for metastatic , hormone-sensitive breast cancer : An Eastern Cooperative Oncology Group study .",participants,5,3,0
10637238,"PURPOSE Although hormonal therapy represents standard therapy for metastatic hormone-sensitive disease , many patients receive initial chemotherapy because of the location , bulk , or aggressiveness of their disease .",interventions,0,1,0
10637238,It is uncertain whether simultaneous hormonal therapy provides additional benefit compared with chemotherapy alone .,interventions,0,3,0
10637238,Eastern Cooperative Oncology Group trial E3186 was initiated to explore this question .,none,0,0,0
10637238,"PATIENTS AND METHODS Between January 1988 and December 1992 , 231 patients with estrogen receptor ( ER ) -positive or ER-unknown metastatic breast cancer were randomized to receive either chemotherapy ( cyclophosphamide , doxorubicin , and fluorouracil Â¿CAF ) or chemohormonal therapy ( CAF plus tamoxifen and Halotestin Â¿fluoxymesterone ; Pharmacia-Upjohn , Kalamazoo , MI Â¿CAFTH ) as front-line therapy for metastatic breast cancer .",participants,1,0,0
10637238,"Patients who experienced a complete response to induction therapy either received or did not receive maintenance cyclophosphamide , methotrexate , fluorouracil , prednisone , and TH as a secondary randomization .",none,0,0,0
10637238,"RESULTS The response rates ( complete response and partial response ) of patients who received CAF and CAFTH were similar ( 69.2 % v 68.9 % , respectively ; P =.99 ) .",outcomes,0,0,2
10637238,"Time to treatment failure ( TTF ) was slightly longer for patients who received chemohormonal therapy compared with chemotherapy alone patients ( 13.4 months v 10.3 months , respectively ; P =.087 ) , and TTF was significantly longer in ER-positive compared with ER-negative patients ( 17.4 months v 10.3 months , respectively ; P =.048 ) .",outcomes,0,0,8
10637238,"However , ER status had no effect on overall survival ( 30.0 months for CAF v 29.3 months for CAFTH ) .",outcomes,0,0,2
10637238,"CONCLUSION In patients with potentially hormone-sensitive metastatic breast cancer , chemohormonal therapy prolongs TTF for ER-positive patients without improving overall survival .",none,0,0,0
10643677,The effect of body weight changes and endurance training on 24h substrate oxidation .,outcomes,0,0,3
10643677,"OBJECTIVE To investigate the effect of exercise training and dietary macronutrient composition on 24 h substrate oxidation in male , obese subjects .",interventions,2,6,4
10643677,"DESIGN A 16 month exercise intervention study was executed , including a weight loss period with a very low energy diet ( VLED ) for 2 months at the start of the study .",interventions,0,9,0
10643677,"SUBJECTS Twelve male , obese subjects ( age 36.3+/-5.1 y ; body weight 94.6+/-13.9 kg ; body mass index , BMI 30.8+/-3.0 kg/m2 ) and in an additional study 15 lean , well-trained subjects ( age 36.2+/-7.2 y ; body weight 72.2+/-5.9 kg ; BMI 22.3+/-1.7 kg/m2 ) participated .",participants,6,0,0
10643677,"MEASUREMENTS Substrate oxidation was measured during a standardized 36 h stay in the respiration chamber at the start of the study ( 0 months ) , and at 4 , 10 and 16 months .",outcomes,0,0,2
10643677,In the respiration chamber subjects were randomly assigned to a high-fat ( Hi.F ) diet ( 60 % of energy ( En % ) fat ) or a reduced-fat ( Red.F ) diet ( 30 En % fat ) .,interventions,0,28,0
10643677,The well-trained group was measured once in the respiration chamber for 36 h according to the same protocol .,none,0,0,0
10643677,"RESULTS At any time point , independent of the diet consumed , the 24 h carbohydrate ( CHO ) balances in the chamber were mostly negative ( means ranging from +31 to -98 g/d ) and the fat balances mostly positive ( means ranging from -26 to +38 g/d ) for the obese a well as for the lean , well-trained group .",outcomes,0,0,9
10643677,"For both diets an increased shortage of 70 g of CHO was found at 16 months compared with 4 months , and an increase in fat balance of 33 g during the same time period in the obese subjects , indicating that CHO oxidation had increased with 12 months endurance training .",outcomes,0,0,10
10643677,"In the well-trained group the 24h CHO balance was even more negative for both types of diet ( -103 to -185 g/d for the Red.F and Hi.F diet , respectively ) under similar conditions compared with the trained obese group .",outcomes,0,0,3
10643677,"CONCLUSION The changes in 24 h substrate utilization in the obese , as well as in the well-trained group , suggest that endurance training increased the reliance on carbohydrate oxidation and therefore did not increase 24 fat oxidation .",outcomes,0,0,9
10649829,The relationship between repetitive behaviors and growth hormone response to sumatriptan challenge in adult autistic disorder .,outcomes,3,1,5
10649829,Autism is heterogeneous with respect to clinical symptoms and etiology .,none,0,0,0
10649829,"To sort out this heterogeneity in autism , we investigated whether specific neurobiological markers vary in parallel to core symptomatology .",outcomes,0,0,5
10649829,"Specifically , we assessed growth hormone response to the 5-HT 1d agonist , sumatriptan , and linked this measure of serotonergic function to the severity of repetitive behaviors in adult autistic patients .",outcomes,2,5,13
10649829,"Eleven adult patients with autism or Asperger 's disorder were randomized to single dose sumatriptan ( 6 mg SQ ) and placebo challenges , separated by a one-week interval .",participants,6,2,0
10649829,"In adult autistic disorders , severity of repetitive behaviors at baseline , as measured by YBOCS-compulsion score , significantly positively correlated with both peak delta growth hormone response and area under the curve growth hormone response to sumatriptan .",outcomes,0,1,25
10649829,"Thus , the severity of a specific behavioral dimension in autism ( repetitive behaviors ) parallels the sensitivity of the 5-HT 1d receptor , as manifest by sumatriptan elicited GH response .",outcomes,0,4,17
10651597,Effectiveness of manual physical therapy and exercise in osteoarthritis of the knee .,interventions,4,5,0
10651597,"A randomized , controlled trial .",none,0,0,0
10651597,BACKGROUND Few investigations include both subjective and objective measurements of the effectiveness of treatments for osteoarthritis of the knee .,participants,4,0,0
10651597,Beneficial interventions may decrease the disability associated with osteoarthritis and the need for more invasive treatments .,outcomes,0,0,1
10651597,"OBJECTIVE To evaluate the effectiveness of physical therapy for osteoarthritis of the knee , applied by experienced physical therapists with formal training in manual therapy .",interventions,0,2,0
10651597,"DESIGN Randomized , controlled clinical trial .",none,0,0,0
10651597,SETTING Outpatient physical therapy department of a large military medical center .,none,0,0,0
10651597,"PATIENTS 83 patients with osteoarthritis of the knee who were randomly assigned to receive treatment ( n = 42 ; 15 men and 27 women [ mean age , 60 +/- 11 years ] ) or placebo ( n = 41 ; 19 men and 22 women [ mean age , 62 +/- 10 years ] ) .",participants,19,2,0
10651597,"INTERVENTION The treatment group received manual therapy , applied to the knee as well as to the lumbar spine , hip , and ankle as required , and performed a standardized knee exercise program in the clinic and at home .",interventions,0,6,0
10651597,The placebo group had subtherapeutic ultrasound to the knee at an intensity of 0.1 W/cm2 with a 10 % pulsed mode .,interventions,0,3,0
10651597,Both groups were treated at the clinic twice weekly for 4 weeks .,none,0,0,0
10651597,"MEASUREMENTS Distance walked in 6 minutes and sum of the function , pain , and stiffness subscores of the Western Ontario and McMaster Universities Osteoarthritis Index ( WOMAC ) .",outcomes,0,0,25
10651597,"A tester who was blinded to group assignment made group comparisons at the initial visit ( before initiation of treatment ) , 4 weeks , 8 weeks , and 1 year .",none,0,0,0
10651597,RESULTS Clinically and statistically significant improvements in 6-minute walk distance and WOMAC score at 4 weeks and 8 weeks were seen in the treatment group but not the placebo group .,outcomes,0,2,5
10651597,"By 8 weeks , average 6-minute walk distances had improved by 13.1 % and WOMAC scores had improved by 55.8 % over baseline values in the treatment group ( P < 0.05 ) .",outcomes,0,1,5
10651597,"After controlling for potential confounding variables , the average distance walked in 6 minutes at 8 weeks among patients in the treatment group was 170 m ( 95 % CI , 71 to 270 m ) more than that in the placebo group and the average WOMAC scores were 599 mm higher ( 95 % CI , 197 to 1002 mm ) .",outcomes,0,2,7
10651597,"At 1 year , patients in the treatment group had clinically and statistically significant gains over baseline WOMAC scores and walking distance ; 20 % of patients in the placebo group and 5 % of patients in the treatment group had undergone knee arthroplasty .",outcomes,0,5,7
10651597,CONCLUSIONS A combination of manual physical therapy and supervised exercise yields functional benefits for patients with osteoarthritis of the knee and may delay or prevent the need for surgical intervention .,interventions,4,6,4
10660161,Regression of left ventricular hypertrophy after stentless versus conventional aortic valve replacement .,interventions,3,5,0
10660161,The goal of this study was to analyze regression of left ventricular hypertrophy after randomization to conventional biological versus stentless aortic valve replacement .,interventions,0,8,0
10660161,"Stentless ( Freestyle , Toronto , n = 106 ) or conventional biological aortic valves ( Carpentier-Edwards , n = 74 ) were evaluated prospectively .",interventions,2,5,0
10660161,"Preoperatively there were no differences with regard to aortic valve pathology , left ventricular function , and pressure gradients between the two patient groups .",outcomes,0,0,11
10660161,The patient annulus index ( 13.55 vs. 13.46 mm ; NS ) measured intraoperatively was used as baseline for further comparison .,outcomes,0,0,3
10660161,"Postoperatively , left ventricular mass index was 213+/-77 g/m2 ( stentless ) compared with 202+/-72 ( conventional group ) g/m2 ( NS ) , whereas after 6 months it was 141+/-41 g/m2 in the stentless and 170+/-43 g/m2 in the conventional group ( P < .05 ) .",outcomes,0,0,4
10660161,Regression of left ventricular hypertrophy occurs in all patients after aortic valve replacement .,outcomes,3,0,5
10660161,"Nevertheless , the use of stentless bioprostheses leads to a significant enhancement , which may result in a reduction of the cardiac risk profile for the patient .",interventions,0,2,0
10661479,Changes in cardiac muscle mass and function in hemodialysis patients during growth hormone treatment .,participants,4,3,3
10661479,"BACKGROUND Adult patients with chronic renal failure ( CRF ) often show symptoms as fatigue , wasting , and reduced working capacity with concomitant findings of reduced cardiac performance and muscle mass .",participants,7,0,0
10661479,This state may in part be caused by an imbalance in the somatostatin/somatomedine axis resulting in increased catabolism .,none,0,0,0
10661479,"During an attempt to correct this catabolic state by administration of exogenous growth hormone , cardiac muscle mass and performance were studied .",interventions,0,3,0
10661479,"METHODS In a double-blind , placebo-controlled 6-month study comprising 20 adult enfeebled hemodialysis patients , 9 patients were treated with a single daily subcutaneous injection of recombinant human growth hormone ( rhGH ) 4 IU/m2 and 11 with placebo injections .",interventions,4,10,0
10661479,Left ventricular muscle mass ( LVM ) and ejection fraction ( EF ) were evaluated by echocardiography and the maximal working capacity ( MWC ) was measured by a bicycle exercise test performed before and after the treatment period .,outcomes,0,3,12
10661479,Supplementary electrocardiography ( ECG ) was performed before and after 6-month treatment .,outcomes,0,0,4
10661479,"RESULTS Median LVM increased significantly from 172 to 220 g ( p = 0.03 ) in the rhGH-treated group , while an insignificant decrease was observed in the placebo group from 281 to 200 g ( p = 0.3 ) .",outcomes,0,0,2
10661479,The EF showed no significant changes in the two groups .,outcomes,0,0,1
10661479,"MWC showed a slight , insignificant decrease in both groups .",outcomes,0,0,1
10661479,"From ECG no significant ST deviations were found and no significant changes regarding B-Hb , blood pressure or pulse were observed in the two groups .",outcomes,0,0,2
10661479,"Irregular heart rhythm aggravated in one patient during the first month of treatment with rhGH , but was overcome by a -blocking agent .",outcomes,0,0,3
10661479,"CONCLUSION The treatment with rhGH of adult chronic hemodialysis patients for 6 months increased the left ventricular mass significantly , but without any effect on ejection fraction or maximal working capacity .",outcomes,0,0,4
10661479,No electrocardiographic signs of ischemia were associated with the increasing muscle mass and only one patient developed symptoms that might relate to ischemia .,none,0,0,0
10661479,"No changes in B-Hb , blood pressure or pulse were observed during the treatment period .",outcomes,0,0,3
10663363,Randomized trial of the effects of risedronate on vertebral fractures in women with established postmenopausal osteoporosis .,participants,3,1,2
10663363,Vertebral Efficacy with Risedronate Therapy ( VERT ) Study Group .,none,0,0,0
10663363,"The purpose of this randomized , double-masked , placebo-controlled study was to determine the efficacy and safety of risedronate in the prevention of vertebral fractures in postmenopausal women with established osteoporosis .",outcomes,4,0,5
10663363,The study was conducted at 80 study centers in Europe and Australia .,none,0,0,0
10663363,"Postmenopausal women ( n = 1226 ) with two or more prevalent vertebral fractures received risedronate 2.5 or 5 mg/day or placebo ; all subjects also received elemental calcium 1000 mg/day , and up to 500 IU/day vitamin D if baseline levels were low .",participants,11,8,2
10663363,"The study duration was 3 years ; however , the 2.5 mg group was discontinued by protocol amendment after 2 years .",none,0,0,0
10663363,"Lateral spinal radiographs were taken annually for assessment of vertebral fractures , and bone mineral density was measured by dual-energy X-ray absorptiometry at 6-month intervals .",outcomes,0,0,5
10663363,Risedronate 5 mg reduced the risk of new vertebral fractures by 49 % over 3 years compared with control ( p < 0.001 ) .,outcomes,0,0,2
10663363,A significant reduction of 61 % was seen within the first year ( p = 0.001 ) .,none,0,0,0
10663363,The fracture reduction with risedronate 2.5 mg was similar to that in the 5 mg group over 2 years .,outcomes,0,0,2
10663363,The risk of nonvertebral fractures was reduced by 33 % compared with control over 3 years ( p = 0.06 ) .,outcomes,0,0,2
10663363,Risedronate significantly increased bone mineral density at the spine and hip within 6 months .,outcomes,0,0,3
10663363,"The adverse-event profile of risedronate , including gastrointestinal adverse events , was similar to that of control .",outcomes,0,0,3
10663363,"Risedronate 5 mg provides effective and well-tolerated therapy for severe postmenopausal osteoporosis , reducing the incidence of vertebral fractures and improving bone density in women with established disease .",participants,7,0,0
10665129,"Bronchodilatory responses to formoterol , ipratropium , and their combination in patients with stable COPD .",participants,5,3,2
10665129,"We studied 27 patients with stable chronic obstuctive pulmonary disease ( COPD ) in a randomised , single-blind , within-patient , placebo-controlled clinical study .",interventions,0,1,0
10665129,Each patient was assigned on six separate days to receive one of the following drug regimens in random order : A .,none,0,0,0
10665129,"40 micrograms ipratropium bromide ( Atrovent MDI , 20 micrograms/puff ) plus 2 puffs placebo ; B .",interventions,0,12,0
10665129,"12 micrograms formoterol fumarate ( Foradil MDI , 12 micrograms/puff ) plus 3 puffs placebo ; C. 80 micrograms ipratropium ; D. 24 micrograms formoterol plus 2 puffs placebo ; E. 12 micrograms formoterol plus 40 micrograms ipratropium plus 1 puff placebo ; F. 4 puffs placebo .",interventions,0,34,0
10665129,"On each study day , spirometric indices and vital signs were measured at 5 , 10 , 15 and 60 minutes , and hourly thereafter up to and including 12 hours after study drug administration .",outcomes,0,0,5
10665129,"Mean peak FEV1 change ( primary endpoint ) was maximum with the administration of the combination of ipratropium and formoterol ( 335.2 ml , SE 24.6 ) , and it differed significantly from the observed peak changes following single administration of the two tested doses of ipratropium ( p < 0.05 and p < 0.05 respectively ) .",outcomes,0,3,4
10665129,Safety and tolerability were satisfactory throughout the study .,outcomes,0,0,3
10671339,Granulocyte-macrophage colony-stimulating factor as immunomodulating factor together with influenza vaccination in stem cell transplant patients .,interventions,3,5,0
10671339,The effect of granulocyte-macrophage colony-stimulating factor ( GM-CSF ) on the serological response at influenza vaccination was studied in 117 patients who had undergone stem cell transplantation ( SCT ) .,interventions,6,8,2
10671339,The vaccine response was evaluated as significant increases in levels of influenza hemagglutination-inhibition ( HAI ) antibodies and of IgG antibodies measured by enzyme-linked immunosorbent assay ( ELISA ) .,outcomes,0,0,12
10671339,"There was no difference in antibody response to either influenza A or B in 64 patients who received GM-CSF at vaccination , compared with the 53 who did not .",outcomes,0,1,2
10671339,"In the subgroup of allogeneic SCT patients , HAI showed that the response rate to the influenza B vaccine was significantly higher in the treatment group ( P < .05 ) .",interventions,0,3,0
10671339,ELISA showed that autologous SCT patients with breast cancer who received GM-CSF had a better response to influenza A ( P < .05 ) and B ( P < .01 ) .,outcomes,0,0,3
10671339,"At early vaccination , 4-12 months after stem cell transplantation , these responses were more pronounced .",none,0,0,0
10671339,"GM-CSF appears to improve the response to influenza vaccination in some groups of SCT patients , but only to a limited extent .",participants,2,1,2
10674229,Differential effects of amino acid and ketoacid on protein metabolism in humans .,none,0,0,0
10674229,"We examined the effects of insulin , amino acid ( AA ) , and branched-chain ketoacid ( KA ) availability on leucine kinetics in eight healthy volunteers ( age = 22 +/- 2 y , body mass index = 24 +/- 1 kg ) by using the euglycemic insulin clamp and [ 1-14C ] leucine turnover techniques .",participants,16,10,0
10674229,"Four experimental conditions were studied : study I , hyperinsulinemia ; study II , hyperinsulinemia with maintenance of basal plasma AA and branched-chain KA concentrations ; study III , hyperinsulinemia with hyperaminoacidemia and basal plasma branched-chain KA concentrations ; and study IV , hyperinsulinemia plus basal plasma AA concentrations and elevated branched-chain KA levels .",none,0,0,0
10674229,"Basal endogenous leucine flux ( ELF ) averaged 1.20 +/- 0.05 ( mumol.kg-1.min-1 , mean +/- SE ) ; basal leucine oxidation ( LOX ) was 0.25 +/- 0.01 ; and basal non-oxidative leucine disposal ( NOLD ) was 0.95 +/- 0.04 .",outcomes,0,0,17
10674229,"ELF significantly decreased in study I ( 0.77 +/- 0.06 mumol.kg-1.min-1 , P < 0.01 versus basal ) .",outcomes,0,0,1
10674229,"When plasma AA and branched-chain KA were either maintained at their basal levels ( study II ) or increased above baseline values ( studies III and IV ) , ELF declined further ( 0.64 +/- 0.05 , 0.66 +/- 0.02 , and 0.66 +/- 0.03 mumol.kg-1.min-1 , respectively ; all Ps < 0.01 versus basal and P < 0.01 versus study I ) .",none,0,0,0
10674229,"LOX declined in study I ( 0.12 +/- 0.02 mumol.kg-1.min-1 , P < 0.01 versus basal ) but increased significantly in studies II , III , and IV ( 0.31 +/- 0.04 , 0.37 +/- 0.03 , and 0.40 +/- 0.03 mumol.kg-1.min-1 , respectively , all Ps < 0.01 versus basal , P < 0.05 study IV versus study II , and P < 0.05 study III versus study II ) .",outcomes,0,0,1
10674229,"NOLD declined in study I ( 0.65 +/- 0.05 mumol/kg.min , P < 0.01 versus basal ) , whereas neither the maintenance of basal plasma AA/branched-chain KA levels ( study II ; 0.89 +/- 0.2 mumol.kg-1.min-1 ) nor the elevation of plasma branched-chain KA concentration ( study IV ; 0.96 +/- 0.1 mumol.kg-1.min-1 ) increased NOLD above baseline level .",outcomes,0,0,2
10674229,"A stimulation of NOLD was observed only when plasma AA levels were increased ( study III ; 1.23 +/- 0.03 mumol/kg.min , P < 0.01 versus basal ) .",outcomes,0,0,1
10674229,"In conclusion , the present data do not support the concept of a direct anabolic action of ketoanalogs but do provide additional evidence for the pivotal role of AA availability in the stimulation of whole-body protein synthesis .",none,0,0,0
10674680,Assessment of therapeutic response of Plasmodium falciparum to chloroquine and sulfadoxine-pyrimethamine in an area of low malaria transmission in Colombia .,participants,2,2,1
10674680,"Although chloroquine ( CQ ) resistance was first reported in Colombia in 1961 and sulfadoxine-pyrimethamine ( SP ) resistance in 1981 , the frequency of treatment failures to these drugs in Colombia is unclear .",interventions,0,2,0
10674680,A modified World Health Organization 14-day in vivo drug efficacy test for uncomplicated Plasmodium falciparum malaria in areas with intense malaria transmission was adapted to reflect the clinical and epidemiologic features of a low-intensity malaria transmission area in the Pacific Coast Region of Colombia .,none,0,0,0
10674680,"Patients > or =1 year of age with a parasite density > or =1,000 asexual parasites per microliter were enrolled in this study .",participants,6,0,0
10674680,"Forty-four percent ( 24 of 54 ) of the CQ-treated patients were therapeutic failures , including 7 early treatment failures ( ETFs ) and 17 late treatment failures ( LTFs ) .",outcomes,1,1,14
10674680,Four ( 6 % ) of 67 SP-treated patients were therapeutic failures ( 2 ETFs and 2 LTFs ) .,outcomes,0,0,2
10674680,"Therapeutic failure in the CQ-treated group was associated with an age < 15 years old ( P < 0.01 ) , but was not associated with initial parasite density , the presence of CQ or sulfa-containing drugs in urine , or a history of malaria .",interventions,0,2,2
10674680,The high level of therapeutic failures to CQ detected in this study underscores the need and importance of drug efficacy evaluation in the development of a rational national antimalarial drug policy .,outcomes,0,1,3
10674680,The relatively low level of therapeutic failures to SP compared with other South American countries raises further questions regarding factors that might have prevented the rapid development of in vivo resistance to this drug combination .,outcomes,0,0,2
10674681,Efficacy of primaquine regimens for primaquine-resistant Plasmodium vivax malaria in Thailand .,participants,2,2,0
10674681,"To define the current efficacy of Fansidar ( F. Hoffmann-La Roche Ltd. , Basel Switzerland ) ( pyrimethamine and sulfadoxine ) , primaquine in a high dose , and artesunate for treating acute Plasmodium vivax malaria , we conducted a comparative clinical trial of these 3 drugs in an open-label study .",interventions,0,11,0
10674681,Patients ( 15-65 years old ) were assigned to 1 of 4 treatments regimens in a serial order .,none,0,0,0
10674681,Ninety percent of the patients were infected at Thailand-Myanmar border .,none,0,0,0
10674681,"Patients in group I ( n = 23 ) received Fansidar ( 3 tablets , 75 mg of pyrimethamine and 1,500 mg of sulfadoxine , a single dose on the first day ) , group II ( n = 23 ) received Fansidar ( 3 tablets , 75 mg of pyrimethamine and 1,500 mg of sulfadoxine , a single dose on the first day ) and then received primaquine ( 30 mg a day for 14 days ) , group III ( n = 23 ) received primaquine ( 30 mg a day for 14 days ) , and group IV ( n = 23 ) received artesunate ( 200 mg once a day for 3 days ) and then primaquine ( 30 mg a day for 14 days ) .",interventions,0,29,0
10674681,"Cure rates on day 28 of follow-up were 40 % , 100 % , 100 % , and 100 % in groups I , II , II , and IV , respectively .",outcomes,0,0,2
10674681,"There were 4 and 5 patients in group I showing post-treatment reappearance of parasitemia at < or = 16 days and between 17 and 28 days , respectively .",outcomes,0,0,4
10674681,Patients in the other 3 groups showed negative parasitemias within 7 days after treatment .,outcomes,0,0,2
10674681,Artesunate plus primaquine ( group IV ) cleared parasitemia faster than the other 3 regimens .,outcomes,0,0,1
10674681,There is a high proportion of ineffectiveness of Fansidar for treatment of P. vivax malaria and it should be no longer used for treatment of P. vivax malaria acquired at the Thailand-Myanmar border .,outcomes,0,0,1
10674681,A high dose of primaquine is safe and effective in the treatment of P. vivax malaria during the 28-day follow-up period .,outcomes,0,0,3
10678548,Safety of the combination of valsartan and benazepril in patients with chronic renal disease .,interventions,3,4,1
10678548,European Group for the Investigation of Valsartan in Chronic Renal Disease .,interventions,0,1,0
10678548,OBJECTIVE Several experimental and clinical studies indicate that the renin system may play a pivotal role in progressing renal disease .,none,0,0,0
10678548,The combination of an angiotensin-converting enzyme inhibitor and an angiotensin receptor blocker could provide a higher degree of blockade of the renin-angiotensin system than either agent alone .,none,0,0,0
10678548,Such enhanced suppression might be of benefit for patients exhibiting a progressive decline in renal function because of chronic renal disease .,participants,8,0,0
10678548,"METHODS A pilot multinational , multicentre , randomized , active-controlled , parallel group open-label study has been conducted in a group of patients with progressive chronic renal failure ( creatinine clearance 20-45 ml/min ) either with or without proteinuria and hypertension .",none,0,0,0
10678548,The primary aim of the study was to investigate the safety and tolerability of the combination of valsartan and benazepril .,interventions,0,4,3
10678548,Patients were randomly assigned to one of three groups : group 1 received valsartan 160 mg once daily ( n = 22 ) ; group 2 received valsartan 80 mg once daily plus benazepril 5 or 10 mg once daily ( n = 42 ) ; group 3 received valsartan 160 mg once daily plus benazepril 5 or 10 mg once daily ( n = 44 ) .,interventions,3,23,0
10678548,"The study lasted for 5 weeks , and in groups 2 and 3 benazepril was added on top of valsartan after the first week of therapy with the angiotensin receptor blocker .",none,0,0,0
10678548,"RESULTS Serum creatinine increased in all three groups ( mean change within a group : 11 micromol/l in group 1 , P= 0.045 ; 9 micromol/l in group 2 , P= 0.030 ; 15 micromol/l in group 3 , P= 0.0006 ) .",outcomes,0,0,2
10678548,"Serum potassium also increased in all three groups of patients ( mean change within a group : 0.28 mmol/l in group 1 , P= 0.28 ; 0.48 mmol/l in group 2 , P= 0.0008 ; 0.36 mmol/l in group 3 , P= 0.02 ) .",outcomes,0,0,2
10678548,"After 5 weeks of treatment , the largest decrease in blood pressure was observed in group 3 ( the mean change from baseline in seated diastolic blood pressure ( SDBP ) and seated systolic blood pressure ( SSBP ) , respectively , were : -2.0 and -11.5 mmHg in group 1 ; -7.6 and -15.4 mmHg in group 2 ; -12.6 and -21.6 mmHg in group 3 ) .",outcomes,0,0,16
10678548,"In addition , both combination treatments resulted in the reduction of proteinuria .",outcomes,0,0,1
10678548,"The total number of patients with adverse experiences were 10 ( 45.5 % ) , 14 ( 33.3 % ) and 11 ( 25 % ) in groups 1,2 and 3 , respectively .",outcomes,0,0,2
10678548,In six patients ( 5.6 % ) therapy was discontinued as a result of adverse experiences .,none,0,0,0
10678548,"Only one patient in each of the combined therapy groups withdrew from the study because of hyperkalaemia and no patients were forced to withdraw because of an increase in serum creatinine , acute renal failure or hospitalization .",outcomes,0,0,7
10678548,CONCLUSIONS These results indicate that short-term combination of an angiotensin-converting enzyme inhibitor and an angiotensin receptor blocker is safe and well tolerated in patients with moderate chronic renal failure .,outcomes,0,0,3
10682031,[ Administration of tobramycin aerosols in patients with nosocomial pneumonia : a preliminary study ] .,participants,4,2,0
10682031,OBJECTIVE The aim of this study was to assess renal and respiratory tolerance of aerosolized tobramycin in intubated and mechanically ventilated patients with nosocomial pneumonia .,participants,7,1,4
10682031,"PATIENTS AND METHODS This was a multicenter , randomized , double-blind , placebo controlled study .",none,0,0,0
10682031,Thirty-eight mechanically ventilated patients with documented nosocomial pneumonia were included .,participants,8,0,0
10682031,"Patients treated with intravenous betalactam and tobramycin were randomly allocated to receive aerosolized tobramycin ( 6 mg/kg/day , n = 21 ) or placebo ( n = 17 ) .",interventions,0,5,0
10682031,The aerosol was administered via a pneumatic nebulizer once a day for 5 days .,interventions,0,1,0
10682031,RESULTS Respiratory tolerance was good in all but two patients .,outcomes,0,0,2
10682031,No acute renal failure occurred .,outcomes,0,0,4
10682031,"By day 10 , 7 patients in the tobramycin group ( 35 % ) had been extubated versus 3 in the placebo group ( 18.5 % , p = 0.18 ) .",outcomes,0,0,1
10682031,"By day 28 , 6 patients had died ( 2 in the tobramycin group and 4 in the placebo group , p = 0.23 ) .",outcomes,0,0,1
10682031,CONCLUSION Aerosolized tobramycin was well tolerated in ventilated patients with documented nosocomial pneumonia .,participants,6,0,0
10683506,Effect of sensory stimulation ( acupuncture ) on sympathetic and parasympathetic activities in healthy subjects .,participants,3,2,0
10683506,UNLABELLED It has been postulated that sensory stimulation ( acupuncture ) affects the cardiovascular system via the autonomic nervous system .,interventions,0,5,0
10683506,"Previously , skin temperature , thermography , plethysmography and blood pressure changes have been used in evaluation of sympathetic nerve activity following acupuncture .",outcomes,0,0,6
10683506,"By using power spectral analysis , the low frequency and high frequency components of heart rate variability can be calculated reflecting the sympathetic and parasympathetic activity .",none,0,0,0
10683506,The purpose of this study was to investigate to what extent acupuncture applied into the thenar muscle and into the cavum concha of the ear induced changes in the sympathetic and/or parasympathetic nervous system in healthy subjects .,none,0,0,0
10683506,"MATERIALS AND METHODS Twelve healthy volunteers , six men and six women , mean age 34.4 ( range 23-48 ) participated in three balanced , randomly distributed sessions .",participants,14,0,0
10683506,At an individual initial visit the 12 volunteers were introduced to the needle sensation by having a needle inserted into the point LI 11 .,interventions,0,2,0
10683506,The needle sensation was evoked and the subject was trained to identify the characteristic needle sensation .,none,0,0,0
10683506,The introduction was followed by three test sessions .,none,0,0,0
10683506,"SESSION A A short acupuncture needle , ( Seirin no 3 , & emptyv ; 0.20x15 mm ) was inserted perpendicular into the earpoint , Lu 1 , in the left inferior hemi-conchae .",interventions,0,3,0
10683506,"SESSION B An acupuncture needle ( Hwato , & emptyv ; 0.30x30 mm ) was inserted perpendicular into the Hegu point ( LI 4 ) in the middle of the right dorsal thenar muscle .",none,0,0,0
10683506,"SESSION C An acupuncture needle ( Hwato , & emptyv ; 0.30x30 mm ) was inserted perpendicular superficially into the skin overlying the Hegu point on the left hand .",none,0,0,0
10683506,Stimulation of the ear induced a significant increase in the parasympathetic activity during the stimulation period of 25 min ( P < 0.05 ) and during the post-stimulation period of 60 min ( P < 0.05 ) .,outcomes,0,0,2
10683506,"No significant changes were observed in either the sympathetic activity , blood pressure or heart rate .",outcomes,0,0,6
10683506,"Stimulation of the thenar muscle resulted in a significant increase in the sympathetic and the parasympathetic activity during the stimulation period ( P < 0.01 ) and during the post-stimulation period ( P < 0.01 and P < 0.001 , respectively ) .",outcomes,0,0,5
10683506,A significant decrease in the heart rate frequency ( P < 0.05 ) at the end of the post-stimulation period was also demonstrated .,outcomes,0,0,3
10683506,The superficial needle insertion into the skin overlaying the right thenar muscle caused a pronounced balanced increase in both the sympathetic and parasympathetic activity during the post stimulation period of 60 min ( P < 0.01 ) while no changes were observed during the stimulation period .,outcomes,0,0,3
10683506,CONCLUSION It is indicated that sensory stimulation ( acupunctura ) in healthy persons is associated with changed activity in the sympathetic and parasympathetic nervous system depending on site of stimulation and period of observation .,outcomes,0,0,3
10685169,Effect of topical rh-TGF-beta 1 on second intention wound healing in horses .,participants,4,2,4
10685169,"OBJECTIVE To investigate the effects on wound healing of transforming growth factor-beta 1 as a topical treatment to full-thickness , excisional wounds of the distal limb of horses .",interventions,0,3,0
10685169,"DESIGN A randomised block study using four horses , each with wounds assigned to four treatment groups .",participants,1,0,0
10685169,ANIMALS Four adult Standardbred geldings .,none,0,0,0
10685169,"PROCEDURE Four , 4 cm2 , full-thickness wounds were created on the dorsomedial and dorsolateral aspect of the metacarpus or metatarsus of each limb of four horses , giving a total of 64 wounds .",none,0,0,0
10685169,"For each limb , wounds were randomly assigned to four treatment groups : no treatment ( control ) , carrier ( Methyl Cellulose gel ) , 50 ng/wound rhTGF-beta 1 in carrier , and 500 ng/wound rhTGF-beta 1 in carrier .",interventions,0,21,0
10685169,Wounds were treated on day 0 and day 8 .,none,0,0,0
10685169,"Effects of treatment were evaluated on the basis of the presence of exuberant granulation tissue requiring excision , number of times excision was required , total wound area , area of epithelialisation , area of granulation , and histological evaluation of biopsy samples of wounds on day 8 and excised wounds on day 21 .",outcomes,0,0,35
10685169,"RESULTS Topical application of TGF-beta 1 at the two concentrations studied had no significant effect on the total area of wounds ( P = 0.7 ) , the area of granulation tissue ( P = 0.78 ) , the area of epithelialisation ( P = 0.92 ) , histological assessment or subjective clinical assessment of wounds .",outcomes,0,0,18
10685169,CONCLUSION TGF-beta 1 had no beneficial effects on wound healing .,interventions,0,2,2
10685169,Additional trials are needed to test if it has value for wound treatment in horses .,none,0,0,0
10685722,Efficacy and safety of a fixed low-dose perindopril/indapamide combination in essential hypertension .,participants,2,2,2
10685722,A randomised controlled study .,none,0,0,0
10685722,"This multicenter , double-blind , parallel-group study was designed to assess the efficacy and the safety of fixed low dose combination perindopril 2 mg/indapamide 0.625 mg ( Per/Ind ) versus atenolol 50 mg ( Ate ) .",interventions,0,7,2
10685722,"After a 4-week placebo run-in , 446 hypertensive patients ( mean age : 55.8 +/- 11.0 years ) were randomised to receive Per/Ind or Ate for 12 weeks .",participants,9,2,0
10685722,"The primary outcome measures were the changes in trough supine systolic and diastolic blood pressure ( sSBP , sDBP ) between baseline and the last observation .",outcomes,0,0,14
10685722,Equivalence was assessed in an intention-to-treat analysis using a two one-sided tests procedure .,outcomes,0,0,1
10685722,"Per/Ind and Ate decreased sSBP by -20.5 mmHg and -20.1 mmHg , respectively ; the 90 % confidence interval [ -2.3 ; 1.5 ] of the intertreatment difference ( -0.4 mmHg ) fell within the predefined equivalence interval [ -8 ; +8 mmHg ] .",outcomes,0,0,3
10685722,"Similarly , the sDBP decreased by -15.1 mmHg ( Per/Ind ) and -16.2 mmHg ( Ate ) with an intertreatment difference of 1.1 mmHg whose 90 % confidence interval [ -0.1 ; 2.2 mmHg ] fell within the predefined equivalence interval [ -4 ; +4 mmHg ] ; thus antihypertensive efficacy of Per/Ind and Ate were equivalent ( P < 0.001 ) .",outcomes,0,0,6
10685722,"In patients older than 65 , Per/Ind induces a statistically greater decrease in sSBP than Ate ( P < 0.05 ) .",outcomes,0,0,1
10685722,Per/Ind was well tolerated .,outcomes,0,0,1
10685722,Further controlled studies are needed to confirm these results on a long-term period .,none,0,0,0
10685817,Treatment of whiplash associated neck pain [ corrected ] with botulinum toxin-A : a pilot study .,interventions,0,3,0
10685817,OBJECTIVE Up to 87 % of patients with whiplash associated disorder ( WAD ) have some degree of muscle spasm that is contributory to both pain and dysfunction .,none,0,0,0
10685817,Botulinum toxin A ( BTX-A ) produces prolonged muscle relaxation that is dose-dependent and can be easily targeted to affected muscles .,interventions,0,6,0
10685817,BTX-A therapy may be an effective form of therapy offering an alternative or adjunct to conventional modalities .,none,0,0,0
10685817,We investigated BTX-A as therapy in patients with WAD .,participants,1,1,0
10685817,"METHODS This randomized , double blind , placebo controlled study compares outcome measures in 26 patients with chronic neck pain ( WAD-II chronic ) subsequent to a motor vehicle accident .",participants,4,1,0
10685817,"One-half of the patients received 100 units BTX-A , diluted in 1 ml saline , while the other half received just saline ( 1 ml ) .",interventions,0,14,0
10685817,Five trigger points received 0.2 ml each of injectant via a 30 gauge needle .,none,0,0,0
10685817,"Outcome measures included total subjective neck , shoulder , and head pain based on visual analog scales ; objective total range of neck motion ( ROM ) , and the Vernon-Mior subjective function index .",outcomes,0,0,28
10685817,Followup assessments were carried out at 2 and 4 weeks post-treatment .,none,0,0,0
10685817,RESULTS Fourteen subjects receiving BTX-A and 12 receiving saline completed the study .,participants,1,1,0
10685817,The treatment group showed a trend toward improvement in ROM and reduction in pain at 2 weeks post-injection .,outcomes,0,0,2
10685817,At 4 weeks post-injection the treatment group was significantly improved from preinjection levels ( p < 0.01 ) .,none,0,0,0
10685817,The placebo group showed no statistically significant changes at any post-treatment time .,none,0,0,0
10685817,The Vernon-Mior scale revealed a trend to improvement for both groups .,outcomes,0,0,2
10685817,"CONCLUSION BTX-A treatment of subjects with chronic WAD II neck pain resulted in a significant ( p < 0.01 ) improvement in ROM and subjective pain compared to a placebo group , but only a trend to improvement in subjective functioning .",outcomes,0,1,5
10690138,Comparison of 0.25 % S ( - ) -bupivacaine with 0.25 % RS-bupivacaine for epidural analgesia in labour .,participants,3,0,1
10690138,"We have compared the efficacy of 0.25 % S ( - ) -bupivacaine with 0.25 % RS-bupivacaine in providing epidural analgesia for labour in a randomized , multicentre , double-blind study .",interventions,0,6,2
10690138,Analgesia was initiated with 10 ml of the study solution and maintained with 10-ml top-ups .,none,0,0,0
10690138,"We studied 137 women and treatments were found to be equivalent for onset , duration and quality of block .",participants,2,0,0
10690138,"Median onset of pain relief was 12 min for both drugs and median duration was 49 ( range 3-129 ) min and 51 ( 7-157 ) min for S ( - ) -bupivacaine and RS bupivacaine , respectively .",outcomes,0,0,5
10690138,"The estimated treatment difference for duration of pain relief was -4 ( 90 % CI -13 , 6 ) min .",outcomes,0,0,4
10690138,Thirty patients failed to achieve pain relief after the first injection ( 20 patients after S ( - ) -bupivacaine and 10 after RS-bupivacaine ; P = 0.039 ) .,outcomes,0,0,3
10690138,"However , median duration of pain relief from the first top-up was 82 ( range 3-164 ) min for S ( - ) -bupivacaine and 76 ( 22-221 ) min for RS-bupivacaine .",outcomes,0,0,5
10690138,"There were no significant differences in the quality of analgesia , as assessed by the investigators .",outcomes,0,0,3
10690138,"There were no significant differences in the extent of sensory block , percentage of patients with motor block or incidence of adverse events .",outcomes,0,0,14
10690697,Hip protectors improve falls self-efficacy .,interventions,0,2,0
10690697,OBJECTIVES To investigate the effect of use of external hip protectors on subjects ' fear of falling and falls self-efficacy ( belief in their own ability to avoid falling ) .,interventions,0,3,0
10690697,DESIGN Randomized controlled trial .,none,0,0,0
10690697,"SETTING Aged-care health services in Sydney , Australia .",participants,3,0,0
10690697,"PARTICIPANTS 131 women aged 75 years or older , who had two or more falls or one fall requiring hospital admission in the previous year and who live at home .",participants,25,0,0
10690697,Sixty-one subjects were in the intervention group and 70 in the control group .,participants,2,1,0
10690697,INTERVENTION Use of external hip protectors and encouragement to use the protectors by an adherence nurse .,interventions,0,13,0
10690697,"MEASUREMENTS At the time of enrolment into a wider study examining the effect of hip protectors on hip fractures , participants recruited at home completed an assessment of fear of falling and falls efficacy as measured by the Falls Efficacy Scale and the Modified Falls Efficacy Scale .",outcomes,0,2,12
10690697,"At 4-month follow-up , these scales were readministered by an observer who was not aware of the allocation of the participant to intervention or control groups .",none,0,0,0
10690697,"RESULTS Fear of falling and falls self-efficacy , as measured by the Falls Efficacy and Modified Falls Efficacy Scales , were similar at baseline in both groups .",outcomes,0,0,11
10690697,"Fear of falling was present at follow-up in 43 % of subjects using hip protectors and 57 % of the control group ( chi2 = 2.58 , P = 0.11 ) .",outcomes,0,0,3
10690697,"Hip protector users had greater improvement in falls self-efficacy at follow-up as measured by the Falls Efficacy Scale ( t = 2.44 , P = 0.016 ) and the Modified Falls Efficacy Scale ( t = 2.08 , P = 0.039 ) .",outcomes,0,2,8
10690697,CONCLUSION Hip protectors improve falls self-efficacy .,interventions,0,2,0
10690697,"As users of hip protectors feel more confident that they can complete tasks safely , they may become more physically active and require less assistance with activities of daily living .",interventions,0,2,0
10693733,Sun protection counseling for children : primary care practice patterns and effect of an intervention on clinicians .,interventions,1,6,0
10693733,OBJECTIVES To describe current primary care sun protection advice for children and assess the effect on clinicians of an intervention to enhance their sun protection advocacy .,outcomes,0,4,7
10693733,"SETTING Primary care practices caring for children in New Hampshire with special attention to clinicians serving 10 towns that were involved in a randomized controlled trial of the multicomponent SunSafe intervention involving schools , recreation areas , and primary care practices .",interventions,0,1,0
10693733,DESIGN/INTERVENTION A statewide survey of all primary care clinicians serving children addressed their self-reported sun protection advocacy practices .,participants,5,0,5
10693733,Clinicians in 10 systematically selected rural towns were involved in the subsequent intervention study .,none,0,0,0
10693733,The primary care intervention provided assistance to practices in establishing an office system that promoted sun protection advice to children and their parents during office visits .,interventions,0,26,0
10693733,"MAIN OUTCOME MEASURES Sun protection promotion activities of primary care clinicians as determined by their self report , research assistant observation , and parent interviews .",outcomes,0,0,4
10693733,"RESULTS Of 261 eligible clinicians responding to the statewide survey , about half provide sun protection counseling "" most of the time "" or "" almost always "" during summer well care visits .",outcomes,3,0,15
10693733,Pediatricians do so more often than family physicians .,none,0,0,0
10693733,"Clinicians involved in the intervention increased their use of handouts , waiting room educational materials , and sunscreen samples .",outcomes,0,0,13
10693733,"Compared with control town parents , parents in intervention towns reported an increase in clinician sun protection advice .",outcomes,0,0,4
10693733,CONCLUSIONS The SunSafe primary care intervention increased sun protection counseling activities of participating clinicians .,outcomes,0,0,4
10693733,A single-focus preventive service office system is feasible to include in community interventions to promote sun protection .,outcomes,0,0,3
10703628,Efficacy of a barrier cream and its vehicle as protective measures against occupational irritant contact dermatitis .,outcomes,4,4,5
10703628,The actual advantage of barrier creams over bland emollients for skin protection is still hotly debated .,interventions,0,2,0
10703628,"In a randomized , double-blinded study , a newly-introduced barrier cream and its moisturizing vehicle were compared regarding their skin compatibility , efficacy and resulting acceptance .",outcomes,0,2,7
10703628,"Thus , 2 panels of 25 hospital nurses with mild signs of skin irritation were asked to use 1 of the test products provided ( verum or vehicle ) over a period of 4 weeks .",interventions,6,10,0
10703628,Effects of both types of preparations were studied weekly by clinical examination and the instrumental assessment of bioengineering parameters .,none,0,0,0
10703628,Results showed no significant differences between barrier cream and vehicle .,interventions,0,3,0
10703628,"In both groups , clinical skin status improved and stratum corneum hydration increased significantly during the study period .",outcomes,0,0,6
10703628,"Both preparations were tolerated and accepted well , thus showing both skin protection and skin care .",outcomes,0,0,10
10703628,"These results contribute to the debate as to whether a strict distinction between "" skin care "" and "" skin protection "" products is justified .",none,0,0,0
10703628,The vehicle alone is capable of positively influencing skin status .,interventions,0,1,0
10703628,"Emphasis must be laid on regular , frequent , and correct application of a product for it to be effective .",none,0,0,0
10706930,The effects of hormone replacement therapy on hemostatic variables in women with angiographically verified coronary artery disease : results from the estrogen in women with atherosclerosis study .,participants,8,3,0
10706930,"Data on the effect of hormone replacement therapy on hemostasis are inconsistent , and there are few data in women with coronary artery disease .",interventions,0,3,0
10706930,"In a single-center , open , randomized study , 118 postmenopausal women with angiographically verified coronary artery disease were randomized to hormone replacement therapy , given as long-cycle transdermal 17-beta-estradiol ( 50 microg/24 hour ) for 3 months with sequential medroxy-progesterone acetate for 14 days , or to a control group receiving no therapy .",interventions,1,7,0
10706930,Hemostatic parameters were measured at baseline and after 3 and 12 months of therapy .,none,0,0,0
10706930,"The coagulation inhibitors antithrombin , protein C , and protein S , but not tissue factor pathway inhibitor , decreased significantly from baseline in the hormone replacement therapy group at both 3 and 12 months as compared with the control group .",outcomes,0,0,14
10706930,The absolute decreases within the hormone replacement therapy group were 3 to 10 % .,none,0,0,0
10706930,"No significant differences between the two treatment groups were observed for the coagulation products prothrombin fragment 1+2 or thrombin-antithrombin complex or for D-dimer , although there were significant decreases in the levels within the hormone replacement therapy group .",outcomes,0,0,8
10706930,"Levels of fibrinogen , activated factor VII , and factor VII antigen were not significantly influenced by hormone replacement therapy treatment .",outcomes,0,0,9
10706930,"Similarly , nonsignificant changes were detected for the fibrinolytic parameters tissue plasminogen activator activity , tissue plasminogen activator antigen , and global fibrinolytic activity , but plasminogen activator inhibitor type 1 was significantly lower in the hormone replacement therapy group due to a questionable increase in the levels in the control group .",outcomes,0,0,18
10706930,"In conclusion , treatment with transdermal estradiol combined with long-cycle progestins was associated with no net activation of coagulation despite reduced levels of coagulation inhibitors .",interventions,0,6,5
10707032,"Treatment with metformin of non-diabetic men with hypertension , hypertriglyceridaemia and central fat distribution : the BIGPRO 1.2 trial .",participants,8,1,0
10707032,"BACKGROUND In the BIGPRO 1 trial , one year of treatment with metformin in non-diabetic obese subjects with a central fat distribution had no significant effect on fasting plasma triglyceride concentration or on blood pressure despite a decrease in weight , fasting plasma insulin and glucose concentrations .",participants,8,1,0
10707032,"To re-evaluate the effect of metformin on fasting triglyceride concentration and on blood pressure , the BIGPRO 1.2 trial included non-diabetic men ( n=168 ) with a fasting plasma triglyceride concentration > or =1.7 and < or =6.5 mmol/l , high blood pressure ( systolic > or =140 and < or =180 and/or diastolic > or =90 and < or =105 mmHg , or treatment for hypertension ) and a waist-to-hip ratio > or =0.95 .",participants,48,1,0
10707032,METHODS A randomised double-blind trial comparing metformin treatment ( 850 mg bid ) with placebo .,interventions,0,2,0
10707032,RESULTS Metformin had no significant effect either on blood pressure or plasma triglyceride concentration .,outcomes,0,1,7
10707032,"In comparison with the placebo group , fasting plasma insulin ( p < 0.04 ) , total cholesterol ( p < 0.05 ) and Apo B ( p < 0.008 ) concentrations decreased more in the metformin group in the BIGPRO 1 .",outcomes,0,1,8
10707032,"2 trial , confirming most of the previous results of the BIGPRO 1 trial .",none,0,0,0
10707032,"Tissue plasminogen activator antigen concentration decreased significantly ( p < 0.01 ) only in the metformin group , but this was not significantly different from the placebo group ( p < 0.12 ) ; further , there were no significant differences in the change in plasminogen activator inhibitor 1 .",outcomes,0,2,5
10707032,CONCLUSIONS The consistency of the two BIGPRO trials supports the conclusion that metformin affects several cardiovascular risk factors favourably in non-diabetic subjects with a central fat distribution .,participants,7,1,0
10714690,Combination cyclopentolate and phenylephrine for mydriasis in premature infants with heavily pigmented irides .,participants,5,0,0
10714690,PURPOSE This study examined whether safe and effective mydriasis can be achieved in premature infants with heavily pigmented irides using combination cyclopentolate 0.2 % and phenylephrine 1 % eyedrops .,none,0,0,0
10714690,"METHODS A prospective , randomized double-blind study was performed to compare combination cyclopentolate 0.2 % and phenylephrine 1 % eye-drops with triple instillation of tropicamide 0.5 % and phenylephrine 2.5 % .",none,0,0,0
10714690,Twenty-eight consecutive babies with dark irides and birthweight < 1600 g referred for screening for retinopathy of prematurity comprised the study population .,participants,2,0,0
10714690,Infants ' eyes were randomly dilated twice with both regimens within a 2-week period .,none,0,0,0
10714690,"Blood pressure , heart rate , and pupil size were measured .",outcomes,0,0,9
10714690,"RESULTS Good mydriasis was achieved in both groups with no significant differences in pupil size or blood pressure ( systolic , diastolic , or mean arterial pressures ) over starting baseline values .",outcomes,0,0,17
10714690,"Pulse rates decelerated below the baseline values in both groups , but these differences were not large .",outcomes,0,0,2
10714690,CONCLUSION The single combination eyedrop of cyclopentolate 0.2 % and phenylephrine 1 % is as effective and safe a mydriatic for infants with dark irides as both tropicamide 0.5 % and phenylephrine 2.5 % .,none,0,0,0
10715372,"Study of the vaginal tolerance to Acidform , an acid-buffering , bioadhesive gel .",interventions,0,4,0
10715372,"Vaginal tolerance tests were performed with a new potential microbicidal and spermicidal product , an acid-buffering vaginal gel ( Acidform ) without or with nonoxynol-9 ( N-9 ) .",interventions,0,10,0
10715372,"The potential advantages over other vaginal products include keeping a low pH , decrease of the irritating effect of N-9 on the cervix or vaginal mucosa associated with greater retention of the product after application , and decreasing "" messiness "" as compared to other vaginal products .",interventions,0,1,0
10715372,"Three groups of six women were admitted and randomly assigned to use Acidform with 0 % , 2.5 % , and 5 % N-9 .",participants,4,2,0
10715372,"Colposcopic evaluation for vulvar , vaginal , and cervical signs of irritation was performed and photographs were taken , following a specific World Health Organization protocol , at time 0 , and after 24 h and 6 days of application of the gel .",none,0,0,0
10715372,No irritation or symptom was reported by users of Acidform without N-9 .,outcomes,0,3,4
10715372,A generalized and intense erythema in cervix was observed in 10 of 12 Acidform/N-9 users and abrasion occurred in nine of them .,outcomes,0,1,7
10715372,Vulvar irritation was seen in seven of these 10 volunteers .,outcomes,0,0,2
10715372,N-9 concentration in the gel ( 2.5 % or 5.0 % ) was not related to the findings .,outcomes,0,0,5
10715372,"No ulcer , exulceration , or de-epithelialization was observed .",outcomes,0,0,7
10715372,"Acidform without N-9 was well tolerated by volunteers , but it was unable to protect the cervix , vagina , and vulva from the N-9 effects .",interventions,0,3,0
10719133,Blood pressure biofeedback treatment of white-coat hypertension .,interventions,0,4,2
10719133,OBJECTIVE The objective of the study was to compare blood pressure ( BP ) biofeedback treatment ( BF ) effects between white-coat hypertension and essential hypertension .,interventions,0,5,2
10719133,METHODS Fifteen white-coat hypertensive out-patients and 23 essential hypertensive out-patients were randomly assigned to groups A or B .,participants,6,0,0
10719133,Subjects in group A underwent BF once a week for a total of four sessions .,interventions,0,1,0
10719133,Those in group B visited the clinic only to measure BP and later underwent the same BF .,interventions,0,4,1
10719133,"RESULTS In group A , BPs of white-coat hypertensives and essential hypertensives were significantly reduced by 22/11 and 14/8 mmHg , respectively .",outcomes,0,0,7
10719133,"In group B , they were unchanged during the same period but later suppressed by BF .",interventions,0,1,0
10719133,"Under BF , pulse and respiratory rates were significantly higher , and elevation of diastolic BP due to mental stress testing was better suppressed in white-coat hypertensives than in essential hypertensives .",outcomes,0,0,12
10719133,"CONCLUSION This treatment was effective in both types of hypertension , and pressor response to stress seems to be important in the differentiated BF effect .",interventions,0,1,1
10720081,Growth hormone ( GH ) responses to GH-releasing hormone alone or combined with arginine in patients with adrenal incidentaloma : evidence for enhanced somatostatinergic tone .,interventions,2,6,6
10720081,Spontaneous and stimulated GH secretion is blunted in hypercortisolemic states due to increased hypothalamic somatostatinergic tone .,none,0,0,0
10720081,"However , no data are available on the characteristics of GH secretion in patients with incidentally discovered adrenal adenomas .",participants,3,0,0
10720081,"They represent an interesting model for studying GH secretion , as a slight degree of cortisol excess may frequently be observed in such patients who do not present with any clear Cushingoid sign .",none,0,0,0
10720081,"In the present study , 10 patients ( 3 men and 7 women , aged 48-63 yr ) with an adrenal mass discovered serendipitously underwent , on separate occasions , a GHRH injection alone or combined with an infusion of the functional somatostatin antagonist , arginine .",participants,7,3,0
10720081,Thirteen age-matched healthy volunteers served as controls .,participants,4,1,0
10720081,"Briefly , arginine ( 30 g ) was infused from -30 to 0 min , and GHRH ( 100 microg ) was injected as a bolus at 0 min , with measurement of serum GH [ immunoradiometric assay ( IRMA ) ] every 15 min for 150 min .",interventions,0,19,0
10720081,Plasma IGF-I ( RIA after acid-ethanol extraction ) was measured in a morning sample .,interventions,0,8,0
10720081,The diagnosis of cortical adenoma was based on computed tomography features and pattern of uptake on adrenal scintigraphy .,none,0,0,0
10720081,Patients with obesity and/or diabetes were excluded .,participants,5,0,0
10720081,"The study design included also an endocrine work-up aimed to study the hypothalamic-pituitary-adrenal axis [ urinary free cortisol ( UFC ) excretion , serum cortisol at 0800 h , plasma ACTH at 0800 h , morning cortisol after overnight 1 mg dexamethasone ] .",outcomes,0,0,27
10720081,"Five of 10 patients showed abnormalities of the hypothalamic-pituitary-adrenal axis , including borderline or increased UFC excretion in 4 of them accompanied by blunted ACTH in 2 cases and failure of cortisol to suppress after dexamethasone in 1 ; the fifth patient displayed low ACTH and resistance to dexamethasone suppression .",outcomes,0,0,10
10720081,"However , all patients had a unilateral uptake of the tracer on the side of the mass with suppression of the contralateral normal adrenal gland .",none,0,0,0
10720081,"As a group , the patients displayed greater UFC excretion and lower ACTH concentrations than the controls .",outcomes,0,0,5
10720081,"GH release after GHRH treatment was blunted in patients bearing adrenal incidentaloma compared with controls ( GH peak , 5.7 +/- 5.2 vs. 18.0 +/- 7.0 microg/L ; P < 0.0001 ) , whereas GHRH plus arginine was able to elicit a comparable response in the 2 groups ( GH peak , 33.5 +/- 20.3 vs. 33.7 +/- 17.5 microg/L ; P = NS ) .",interventions,2,5,5
10720081,The ratio between GH peaks after GHRH plus arginine and after GHRH plus saline was significantly greater in patients than in controls ( 751 +/- 531 % vs. 81 +/- 45 % ; P = 0.0001 ) .,outcomes,0,3,9
10720081,Similar data were obtained when comparing GH area under the curve after GHRH plus saline or GHRH plus arginine between the 2 groups .,none,0,0,0
10720081,"In summary , the present data suggest that in patients with incidental adrenal adenomas the GH response to GHRH is blunted due to increased somatostatinergic tone , as it can be restored to normal by pretreatment with the functional somatostatin antagonist arginine .",outcomes,3,0,4
10720081,The blunted GH release to GHRH may be an early and long lasting sign of autonomous cortisol secretion by the adrenal adenoma .,none,0,0,0
10726430,Evaluating a test protocol for predicting maximum lactate steady state .,outcomes,0,0,5
10726430,BACKGROUND Maximum lactate steady state ( MLSS ) is defined as the highest steady state exercise level one can maintain while also maintaining an equilibrium between the elimination of blood lactate and the diffusion of lactate into the blood .,none,0,0,0
10726430,"MLSS is an excellent tool for assessing fitness level , predicting endurance performance , and designing training programs .",none,0,0,0
10726430,"METHODS This investigation assesses the validity of the Lactate Minimum Test ( LMT ) , which consists of inducing lactic acidosis through a VO2peak test , followed by an eight-minute walking recovery and an incremental exercise test , to determine if the running velocity associated with the minimum lactate value predicts the MLSS velocity .",interventions,0,6,0
10726430,"Following this LMT , two constant velocity 28-minute runs were performed , one at the predicted MLSS velocity ( trial 1 ) and the other 0.13 m sec-1 ( 4-8 % ) above the predicted MLSS velocity ( trial 2 ) .",none,0,0,0
10726430,Ten active female subjects participated ( 32 +/- 7 yrs ( mean +/- SD ) ; 65.7 +/- 16.4 kg ; VO2peak 40.0 +/- 7.5 ml.kg-1.min-1 ) .,participants,10,0,0
10726430,"RESULTS During trial 1 , there was a -0.6 +/- 0.3 mmol l-1 ( mean +/- SE ) change in lactate .",outcomes,0,0,4
10726430,"Based on a definition of lactate steady state ( LSS ) as less than a 0.5 mmol.l-1 increase , this value signified LSS .",outcomes,0,0,6
10726430,"A similar comparison during trial 2 revealed a 1.8 +/- 0.3 mmol.l-1 increase in lactate , signifying a workload above LSS and therefore confirming trial 1 as the maximum LSS ( MLSS ) .",outcomes,0,0,1
10726430,CONCLUSIONS These results suggest that the test protocol accurately predicted the MLSS velocity .,outcomes,0,0,3
10734271,Computer-assisted instruction : an effective instructional method for HIV prevention education ?,interventions,0,2,2
10734271,PURPOSE To compare the effectiveness of a computer-assisted instruction ( CAI ) -based intervention to a more traditional lecture-based intervention for influencing psychosocial correlates of human immunodeficiency virus ( HIV ) preventive behaviors .,interventions,0,5,0
10734271,"METHODS Students enrolled in a Human Sexuality course ( N = 152 ) were randomly assigned to one of three groups : CAI , Lecture , or No Intervention group .",interventions,1,4,0
10734271,"Participants in the CAI group reviewed a 1-hour long CAI program , participants in the Lecture group were presented with a 1-hour long lecture , and participants in the No Intervention group received no intervention .",interventions,0,2,0
10734271,"After completing the respective interventions , all participants completed the HIV questionnaire , which measured selected Social Cognitive Theory constructs associated with HIV preventive behaviors .",outcomes,0,0,8
10734271,"MANCOVA , ANCOVA and Post Hoc analyses were utilized to test for significant differences among the three groups .",none,0,0,0
10734271,"RESULTS The analyses disclosed that , compared to participants in the Lecture group , participants in the CAI group scored significantly higher on the scales measuring autoimmune deficiency syndrome ( AIDS ) knowledge , self-evaluative outcome motivation , and intention to practice HIV preventive behaviors with current partner .",outcomes,0,0,18
10734271,"In addition , compared to the No Intervention group , the CAI group scored significantly higher on the scales measuring physical outcome motivation and social outcome motivation .",outcomes,0,0,8
10734271,CONCLUSIONS CAI-based programs can be effective for delivering instruction on HIV prevention .,none,0,0,0
10734271,"However , because of certain limitations , this type of program is best utilized as part of a more comprehensive intervention that uses several different delivery systems .",none,0,0,0
10735838,A comparison of local anaesthetics for venepuncture .,interventions,1,2,0
10735838,AIM To compare the effectiveness of EMLA cream and Ametop gel in providing analgesia for venous cannulation .,interventions,2,4,0
10735838,METHODS Single blind study in 120 children .,participants,2,0,0
10735838,RESULTS Both anaesthetic agents produced adequate analgesia .,outcomes,0,0,2
10735838,"However , Ametop gel was more effective , with a statistically significant difference in the pain scores of the two groups ( p < 0.05 ) .",interventions,0,2,2
10735900,Use of recombinant human granulocyte colony-stimulating factor to increase chemotherapy dose-intensity : a randomized trial in very high-risk childhood acute lymphoblastic leukemia .,interventions,4,6,0
10735900,PURPOSE To determine whether the use of a recombinant human granulocyte colony-stimulating factor ( [ G-CSF ] lenogastrim ) can increase the chemotherapy dose-intensity ( CDI ) delivered during consolidation chemotherapy of childhood acute lymphoblastic leukemia ( ALL ) .,interventions,5,13,0
10735900,"PATIENTS AND METHODS Sixty-seven children with very high-risk ALL were randomized ( slow early response to therapy , 55 patients ; translocation t ( 9 ; 22 ) or t ( 4 ; 11 ) , 12 patients ) .",participants,2,0,0
10735900,"Consolidation consisted of six courses of chemotherapy ; the first , third , and fifth courses were a combination of high-dose cytarabine , etoposide , and dexamethasone ( R3 ) , whereas the second , fourth , and sixth courses included vincristine , prednisone , cyclophosphamide , doxorubicin , and methotrexate ( COPADM ) .",interventions,0,10,0
10735900,"G-CSF was given after each course , and the next scheduled course was started as soon as neutrophil count was > 1 x 10 ( 9 ) /L and platelet count was > 100 x 10 ( 9 ) /L .",interventions,0,1,0
10735900,CDI was calculated using the interval from day 1 of the first course to hematologic recovery after the fifth course ( 100 % CDI = 105-day interval ) .,outcomes,0,0,1
10735900,"RESULTS CDI was significantly increased in the G-CSF group compared with the non-G-CSF group ( mean +/- 95 % confidence interval , 105 +/- 5 % v 91 +/- 4 % ; P < .001 ) .",interventions,0,2,1
10735900,"This higher intensity was a result of shorter post-R3 intervals in the G-CSF group , whereas the post-COPADM intervals were not statistically reduced .",interventions,0,2,2
10735900,"After the R3 courses , the number of days with fever and intravenous antibiotics and duration of hospitalization were significantly decreased by G-CSF , whereas reductions observed after COPADM were not statistically significant .",outcomes,0,2,15
10735900,"Duration of granulocytopenia was reduced in the G-CSF group , but thrombocytopenia was prolonged , and the number of platelet transfusions was increased .",outcomes,0,1,4
10735900,"Finally , the 3-year probability of event-free survival was not different between the two groups .",outcomes,0,0,2
10735900,CONCLUSION G-CSF can increase CDI in high-risk childhood ALL .,participants,3,1,0
10735900,Its effects depend on the chemotherapy regimen given before G-CSF administration .,interventions,0,2,0
10735900,"In our study , a higher CDI did not improve disease control .",none,0,0,0
10741095,Comparison of different long-term asthma treatments in subjects with mild-to-moderate asthma .,participants,5,0,0
10741095,"In order to compare the efficacy of different asthma treatment in subjects with mild-to-moderate asthma , three groups of 11 patients were treated with nedocromil sodium ( NS ) , beclomethasone dipropionate ( BDP ) and beclomethasone dipropionate plus salmeterol ( BDP + S ) in an open , randomized study .",interventions,10,13,0
10741095,"Symptom score , peak expiratory flow ( PEF ) maximal amplitude , forced expiratory volume in one second ( FEV1 ) , and methacholine reactivity were measured at the baseline and at intervals of 3 months up to 12 months .",none,0,0,0
10741095,"After 3 months , symptoms reduced significantly in all treatment groups , while PEF variability improved in BDP and BDP + S groups ; FEV1 and bronchial responsiveness to methacholine were significantly improved in comparison with baseline value in the BDP + S group only .",none,0,0,0
10741095,"No significant difference was observed after 6 and 12 months of treatment in PEF variability , FEV1 or bronchial hyperreactivity in the NS group compared with baseline values , while a significant difference was observed in symptom score .",outcomes,0,0,5
10741095,BDP group showed a significant improvement in FEV1 and bronchial reactivity to methacholine after 6 and 12 months of treatment .,outcomes,0,0,3
10741095,"In the BDP + S group , the improvement in symptoms and pulmonary function persisted until the end of the study .",outcomes,0,0,4
10741095,"In conclusion , the combination of beclomethasone dipropionate and salmeterol improved pulmonary function and bronchial reactivity earlier than beclomethasone dipropionate alone , while nedocromil sodium improved symptoms but not pulmonary function .",outcomes,0,0,4
10741095,"Assuming that bronchial reactivity could be an indirect measurement of airway inflammation , overtreatment of asthma in relationship with the classification of asthma severity of the International Guidelines could improve both airway inflammation and the prognosis of airway obstruction .",outcomes,0,0,2
10741842,Asthma and the home environment of low-income urban children : preliminary findings from the Seattle-King County healthy homes project .,participants,1,0,0
10741842,OBJECTIVES Childhood asthma is a growing public health concern in low-income urban communities .,none,0,0,0
10741842,Indoor exposure to asthma triggers has emerged as an important cause of asthma exacerbations .,none,0,0,0
10741842,"We describe indoor environmental conditions related to asthma triggers among a low-income urban population in Seattle/King County , Washington , as well as caregiver knowledge and resources related to control of these triggers .",none,0,0,0
10741842,"METHODS Data are obtained from in-person , structured , closed-end interviews with the caretakers of children aged 4-12 years with persistent asthma living in households with incomes less than 200 % of poverty .",participants,3,0,0
10741842,Additional information is collected during a home inspection .,none,0,0,0
10741842,"The children and their caregivers are participants in the ongoing Seattle-King County Healthy Homes Project , a randomized controlled trial of an intervention to empower low-income families to reduce exposure to indoor asthma triggers .",participants,2,1,0
10741842,We report findings on the conditions of the homes prior to this intervention among the first 112 enrolled households .,participants,1,0,0
10741842,RESULTS A smoker was present in 37.5 % of homes .,none,0,0,0
10741842,"Mold was visible in 26.8 % of homes , water damage was present in 18.6 % of homes , and damp conditions occurred in 64.8 % of households , while 39.6 % of caregivers were aware that excessive moisture can increase exposures to allergens .",outcomes,0,0,7
10741842,Dust-trapping reservoirs were common ; 76.8 % of children 's bedrooms had carpeting .,outcomes,0,0,2
10741842,"Cockroach infestation in the past 3 months was reported by 23.4 % of caregivers , while 57.1 % were unaware of the association of roaches and asthma .",outcomes,0,0,12
10741842,Only 19.8 % of the children had allergy-control mattress covers .,outcomes,0,0,4
10741842,CONCLUSIONS Many low-income urban children with asthma in King County live in indoor environments that place them at substantial risk of ongoing exposure to asthma triggers .,participants,2,0,0
10741842,Substandard housing and lack of resources often underlie these exposures .,none,0,0,0
10741842,"Initiatives involving health educators , outreach workers , medical providers , health care insurers , housing agencies , and elected officials are needed to reduce these exposures .",none,0,0,0
10742359,Impact of an encounter-based prompting system on resident vaccine administration performance and immunization knowledge .,participants,8,3,8
10742359,OBJECTIVES To evaluate an encounter-based immunization prompting system on resident performance in administering vaccines and knowledge of immunization guidelines .,interventions,0,4,0
10742359,"DESIGN/METHODS Prospective randomized , controlled trial .",none,0,0,0
10742359,Subjects were first- and second-year pediatric residents in a hospital-based continuity clinic .,none,0,0,0
10742359,The intervention group received manual prompts of immunizations due .,interventions,0,5,0
10742359,Postclinic chart review compared immunizations due with those administered .,none,0,0,0
10742359,Acceptable and unacceptable reasons for not administering vaccines were assigned .,none,0,0,0
10742359,Resident knowledge was measured by a 70-item examination .,outcomes,0,0,2
10742359,RESULTS The intervention group had significantly less missed opportunities/vaccine administration errors ( 11.4 % vs 21.6 % ) .,outcomes,0,0,6
10742359,The most common reason for unacceptable errors in the intervention group : vaccine was given too early ; in the control group : vaccine was postponed to next visit .,none,0,0,0
10742359,"Pre- and postintervention knowledge scores were similar : intervention group ( 75.5 % vs 80.7 % , control group ; 76.5 % vs 81.3 % ) .",outcomes,0,0,3
10742359,"CONCLUSION An immunization prompting system in a hospital-based pediatric resident continuity clinic reduced missed opportunities/vaccine administration errors without significantly impacting resident knowledge of immunization guidelines.immunization schedule , vaccination , immunization , prompting systems , resident education .",outcomes,0,0,5
10754477,The GH response to low-dose bolus growth hormone-releasing hormone ( GHRH ( 1-29 ) NH2 ) is attenuated in patients with longstanding post-irradiation GH insufficiency .,interventions,6,12,0
10754477,"OBJECTIVE Previous studies have suggested that post-irradiation GH insufficiency results from a loss of GHRH secretion , since many patients were able to release GH following exogenous GHRH stimulation .",none,0,0,0
10754477,"However , supramaximal doses of GHRH were used and the response may decline with time after radiotherapy .",interventions,0,5,0
10754477,We re-evaluated the GHRH dose-response curve in patients post cranial irradiation and in controls .,participants,5,1,0
10754477,DESIGN Randomized controlled study .,none,0,0,0
10754477,"METHODS Five adult male long-term survivors of childhood brain tumours ( median age 21.8 years ( 18.4-26.7 ) ; 13.7 years ( 11.4-15.7 ) post-radiotherapy , > 30Gy ) and five matched controls were studied .",participants,7,0,0
10754477,"An intravenous bolus of GHRH ( 1-29 ) NH ( 2 ) was administered in doses at the lower ( 0.05 microg/kg ) and upper ( 0.15 microg/kg ) range of the dose-response curves for young males , as well as the standard supramaximal dose ( 1 .",interventions,1,8,0
10754477,0 microg/kg ) .,none,0,0,0
10754477,"GH was measured before stimulation , every 2min for the first hour and every 5min for the second hour .",outcomes,0,0,1
10754477,All studies were conducted in a random fashion .,none,0,0,0
10754477,"RESULTS Significantly lower peak and area under the curve ( AUC ) GH concentrations occurred in the irradiated group using 0.15 microg/kg ( median peak Irradiated , 4 .",outcomes,0,0,13
10754477,"5mU/l vs median Controls , 37.4mU/l ; P < 0.01 ) and 1.0 microg/kg ( median peak Irradiated , 4.8mU/l vs median Controls , 15.2mU/l ; P < 0 .",none,0,0,0
10754477,05 ) GHRH ( 1-29 ) NH ( 2 ) .,none,0,0,0
10754477,In irradiated subjects there was an incremental rise in GH output with increasing doses of GHRH ( 1-29 ) NH ( 2 ) ( median AUC : 122mU/l.min vs 179mU/l.min vs 268mU/l.min ; P=0.007 ) reflecting altered pituitary sensitivity and reduced responsiveness .,outcomes,0,8,10
10754477,CONCLUSION The GH response to bolus GHRH ( 1-29 ) NH ( 2 ) is attenuated in adult long-term survivors of childhood brain tumours .,interventions,4,8,0
10754477,This may reflect direct pituitary damage and/or the loss of the tropic effects of chronic GHRH deficiency .,none,0,0,0
10755175,Auditory integration training for children with autism : no behavioral benefits detected .,participants,4,3,1
10755175,Auditory integration training and a control treatment were provided for 16 children with autism in a crossover experimental design .,interventions,3,5,1
10755175,"Measures , blind to treatment order , included parent and teacher ratings of behavior , direct observational recordings , IQ , language , and social/adaptive tests .",outcomes,0,0,13
10755175,Significant differences tended to show that the control condition was superior on parent-rated measures of hyperactivity and on direct observational measures of ear-occlusion .,outcomes,0,0,15
10755175,No differences were detected on teacher-rated measures .,outcomes,0,0,4
10755175,"Children 's IQs and language comprehension did not increase , but adaptive/social behavior scores and expressive language quotients decreased .",outcomes,0,0,17
10755175,The majority of parents ( 56 % ) were unable to report in retrospect when their child had received auditory integration training .,outcomes,0,3,5
10755175,No individual child was identified as benefiting clinically or educationally from the treatment .,outcomes,0,0,4
10757250,Antisaccade and smooth pursuit eye movements in healthy subjects receiving sertraline and lorazepam .,interventions,0,2,0
10757250,Patients suffering from some psychiatric and neurological disorders demonstrate abnormally high levels of saccadic distractibility when carrying out the antisaccade task .,none,0,0,0
10757250,This has been particularly thoroughly demonstrated in patients with schizophrenia .,none,0,0,0
10757250,A large body of evidence has been accumulated from studies of patients which suggests that such eye movement abnormalities may arise from frontal lobe dysfunction .,none,0,0,0
10757250,"The psychopharmacology of saccadic distractibility is less well understood , but is relevant both to interpreting patient studies and to establishing the neurological basis of their findings .",none,0,0,0
10757250,"Twenty healthy subjects received lorazepam 0.5 mg , 1 mg and 2 mg , sertraline 50 mg and placebo in a balanced , repeated measures study design .",interventions,0,13,0
10757250,"Antisaccade , no-saccade , visually guided saccade and smooth pursuit tasks were carried out and the effects of practice and drugs measured .",none,0,0,0
10757250,Lorazepam increased direction errors in the antisaccade and no-saccade tasks in a dose-dependent manner .,outcomes,0,1,8
10757250,Sertraline had no effect on these measures .,outcomes,0,1,4
10757250,"Correlation showed a statistically significant , but rather weak , association between direction errors and smooth pursuit measures .",outcomes,0,0,6
10757250,Practice was shown to have a powerful effect on antisaccade direction errors .,outcomes,0,0,3
10757250,"This study supports our previous work by confirming that lorazepam reliably worsens saccadic distractibility , in contrast to other psychotropic drugs such as sertraline and chlorpromazine .",interventions,0,2,2
10757250,"Our results also suggest that other studies in this field , particularly those using parallel groups design , should take account of practice effects .",none,0,0,0
10757579,Ropivacaine-clonidine combination for caudal blockade in children .,participants,3,2,0
10757579,BACKGROUND Adding clonidine to weak ropivacaine solutions ( < 0.2 % ) could potentially enhance analgesia as well as further reduce the risk for unwanted motor blockade .,outcomes,0,4,10
10757579,The aim of the present study was to compare the postoperative pain-relieving quality of a ropivacaine 0.1 % -clonidine mixture to that of plain ropivacaine 0.2 % following caudal administration in children .,interventions,0,7,2
10757579,"METHODS In a prospective , observer-blinded fashion , 40 ASA 1 paediatric patients undergoing subumbilical surgery were randomly allocated to receive a caudal injection of either plain ropivacaine 0.2 % ( 1 ml/kg ) ( R0.2 ) or a mixture of ropivacaine 0.1 % with clonidine 2 microg/kg ( 1 ml/kg ) ( R0.1C ) .",interventions,5,18,0
10757579,Objective pain scale score and need for supplemental analgesia were used to evaluate analgesia during the first 24 h postoperatively .,outcomes,0,4,9
10757579,Residual postoperative sedation was also assessed .,outcomes,0,0,3
10757579,RESULTS A significantly higher number of patients in the R0.1C group ( 18/20 ) could be managed without supplemental analgesia during the first 24 h postoperatively compared to the R0.2 group ( 11/20 ) ( P=0.034 ) .,outcomes,0,0,2
10757579,Both the degree and the duration of postoperative sedation was similar in both groups .,outcomes,0,0,7
10757579,No signs of postoperative motor blockade were observed .,outcomes,0,0,3
10757579,CONCLUSIONS The combination of clonidine ( 2 microg/kg ) and ropivacaine 0.1 % is associated with an improved quality of postoperative analgesia compared to plain 0.2 % ropivacaine .,interventions,0,13,5
10757579,The improved analgesic quality of the clonidine-ropivacaine mixture is achieved without causing any significant degree of postoperative sedation .,outcomes,0,0,3
10758987,American College of Cardiology/European Society of Cardiology International Study of Angiographic Data Compression Phase I : The effect of lossy data compression on recognition of diagnostic features in digital coronary angiography .,interventions,3,5,0
10758987,OBJECTIVES This study intended to determine the effect of varying degrees of lossy Joint Photographic Experts Group ( JPEG ) compression on detection of coronary angiographic features .,interventions,0,9,6
10758987,BACKGROUND Compression of digital coronary angiograms facilitates playback of images and decreases cost .,none,0,0,0
10758987,There are little data on the effect of compression on the accuracy of coronary angiography .,none,0,0,0
10758987,"METHODS At six centers , 71 angiographers each reviewed a set of 100 angiographic sequences .",participants,1,0,0
10758987,"The 100 sequences were divided into four , 25-sequence subsets .",none,0,0,0
10758987,"Each subset of 25 was displayed either as original images or at one of three compression ratios ( CRs ) ( 6:1 , 10:1 or 16:1 ) .",none,0,0,0
10758987,The effect of lossy compression on the sensitivity and specificity for detection of diagnostic features was determined .,outcomes,0,0,14
10758987,The effect of compression on subjective measures of image quality graded by the angiographers was also examined .,outcomes,0,0,13
10758987,RESULTS Lossy compression at a ratio of 16:1 decreased the sensitivity for the detection of diagnostic features ( 76 % vs. 80 % p = 0.004 ) .,outcomes,0,0,2
10758987,"The largest effect was in the detection of calcification ( 52 % vs. 63 % at 16:1 compression vs. original images , p < 0.001 ) .",outcomes,0,0,3
10758987,Subjective indicators of image quality indicated a reduction in confidence in interpretation at CRs of 10:1 and 16:1 .,outcomes,0,0,3
10758987,"CONCLUSIONS With increased ratios of lossy compression , a degradation of digital coronary angiograms occurs that results in decreased diagnostic accuracy .",outcomes,0,0,3
10758987,"The sensitivity for detection of common diagnostic features was decreased , and subjective assessment of image quality was impaired .",outcomes,0,0,8
10758987,Caution is warranted in the interpretation of coronary angiograms that have been subjected to lossy JPEG compression beyond a ratio of 6:1 .,interventions,0,4,0
10759619,Pharmacokinetic interaction between proton pump inhibitors and roxithromycin in volunteers .,interventions,1,4,0
10759619,BACKGROUND Triple therapy including two antibiotics and a proton pump inhibitor is a rational approach to the treatment of Helicobacter pylori induced peptic ulcer disease .,none,0,0,0
10759619,The interaction of antimicrobial therapy and acid suppression is not yet well elucidated .,none,0,0,0
10759619,AIMS To investigate the effects of proton pump inhibitors on roxithromycin levels in plasma and gastric tissue under steady-state conditions in volunteers .,interventions,0,4,0
10759619,"METHODS In two crossover studies omeprazole 20 mg b.d. , lansoprazole 30 mg b.d. , roxithromycin 300 mg b.d. , and the combination of roxithromycin with either omeprazole or lansoprazole were administered to 12 healthy volunteers over 6 days .",interventions,2,16,0
10759619,Blood plasma levels of the drugs were measured .,outcomes,0,0,3
10759619,"In addition , roxithromycin concentrations were also determined in gastric juice and gastric tissue obtained during endoscopy .",outcomes,0,0,2
10759619,RESULTS The proton pump inhibitors and roxithromycin did not alter the blood plasma pharmacokinetics of each other .,interventions,0,4,3
10759619,"When compared to roxithromycin administered alone , its combination with a proton pump inhibitor significantly increased the roxithromycin concentrations in gastric juice ( 3.0-5.0 microg/mL vs. 0.3-0.4 microg/mL ) and gastric tissue ( antrum : 3.8-4.0 vs. 2.8 microg/g , fundus : 5.9-7.4 vs. 4.2-4.4 microg/g ) .",outcomes,0,1,7
10759619,CONCLUSIONS Proton pump inhibitors and roxithromycin do not alter the systemic bioavailability of each other .,interventions,0,4,0
10759619,"However , proton pump inhibitors increase the local concentration of roxithromycin in the stomach which may contribute to the clinically proven synergic beneficial action in eradication therapy of H. pylori .",interventions,0,3,3
10768434,Photodynamic therapy with 5-aminolaevulinic acid or placebo for recalcitrant foot and hand warts : randomised double-blind trial .,participants,5,5,5
10768434,BACKGROUND Photodynamic therapy ( PDT ) with topical 5-aminolaevulinic acid ( ALA ) followed by irradiation with incoherent light ( ALA-PDT ) for recalcitrant warts have had beneficial results .,interventions,0,21,0
10768434,"Therefore , we undertook a randomised , parallel , double-blind clinical trial of ALA-PDT versus placeboPDT for recalcitrant foot and hand warts .",none,0,0,0
10768434,METHODS Recalcitrant foot and hand warts were randomly assigned to six repetitive ALA-PDT or placebo-PDT interventions combined with standard treatment encompassing paring followed by a keratolytic ( Verucid ) .,participants,2,2,0
10768434,"Standardised photographs of each wart were taken before , during ( week 7 ) and after treatment ( weeks 14 and 18 ) .",none,0,0,0
10768434,"The area of each wart compared with entry area was the primary outcome variable , measured from photographs by an evaluator unaware of treatment allocation for intervention .",outcomes,0,0,8
10768434,Pain intensity immediately and 24 h after each intervention was assessed by a five-point scale .,outcomes,0,0,2
10768434,FINDINGS A total of 232 foot and hand warts in 45 patients were entered into the trial : 117 warts were allocated to ALA-PDT and 115 warts to placebo-PDT .,interventions,1,2,0
10768434,"In week 14 , the median relative reduction in wart area was 98 % in the ALA-PDT group ( interquartile range 100 % , 55 % ) versus 52 % ( 100 % , 0 ) in the placebo group ( p=0.0006 ) .",outcomes,0,1,6
10768434,"In week 18 , the median relative reduction in wart area was 100 % in the ALA-PDT group ( 100 % , 57 % ) versus 71 % ( 100 % , 0 ) in the placebo-PDT arm ( p=0.008 ) .",outcomes,0,2,6
10768434,Both the number of vanishing warts and the difference in relative wart area of persisting warts at week 14 and 18 were significant ( p < 0.05 ) in favour of ALA-PDT .,outcomes,0,0,12
10768434,Significantly more ALA-PDT warts were graded at a higher pain intensity after treatment than placebo-PDT warts .,outcomes,0,2,3
10768434,INTERPRETATION ALA-PDT is superior to placebo-PDT when both wart area and number of vanishing warts are considered .,outcomes,0,1,6
10770301,Low molecular-weight heparin versus aspirin in patients with acute ischaemic stroke and atrial fibrillation : a double-blind randomised study .,participants,5,4,0
10770301,HAEST Study Group .,none,0,0,0
10770301,Heparin in Acute Embolic Stroke Trial .,none,0,0,0
10770301,"BACKGROUND Patients with acute ischaemic stroke and atrial fibrillation have an increased risk of early stroke recurrence , and anticoagulant treatment with heparins has been widely advocated , despite missing data on the balance of risk and benefit .",participants,5,1,3
10770301,"METHODS Heparin in Acute Embolic Stroke Trial ( HAEST ) was a multicentre , randomised , double-blind , and double-dummy trial on the effect of low-molecular-weight heparin ( LMWH , dalteparin 100 IU/kg subcutaneously twice a day ) or aspirin ( 160 mg every day ) for the treatment of 449 patients with acute ischaemic stroke and atrial fibrillation .",participants,7,7,0
10770301,"The primary aim was to test whether treatment with LMWH , started within 30 h of stroke onset , is superior to aspirin for the prevention of recurrent stroke during the first 14 days .",interventions,0,2,2
10770301,"FINDINGS The frequency of recurrent ischaemic stroke during the first 14 days was 19/244 ( 8.5 % ) in dalteparin-allocated patients versus 17/225 ( 7.5 % ) in aspirin-allocated patients ( odds ratio=1.13 , 95 % CI 0.57-2.24 ) .",outcomes,0,0,5
10770301,The secondary events during the first 14 days also revealed no benefit of dalteparin compared with aspirin : symptomatic cerebral haemorrhage 6/224 versus 4/225 ; symptomatic and asymptomatic cerebral haemorrhage 26/224 versus 32/225 ; progression of symptoms within the first 48 hours 24/224 versus 17/225 ; and death 21/224 versus 16/225 .,outcomes,0,3,16
10770301,There were no significant differences in functional outcome or death at 14 days or 3 months .,outcomes,0,0,4
10770301,INTERPRETATION The present data do not provide any evidence that LMWH is superior to aspirin for the treatment of acute ischaemic stroke in patients with atrial fibrillation .,interventions,0,1,0
10770301,"However , the study could not exclude the possibility of smaller , but still worthwhile , effects of either of the trial drugs .",none,0,0,0
10770979,"Lack of effect of a low-fat , high-fiber diet on the recurrence of colorectal adenomas .",interventions,0,4,4
10770979,Polyp Prevention Trial Study Group .,none,0,0,0
10770979,"BACKGROUND We tested the hypothesis that dietary intervention can inhibit the development of recurrent colorectal adenomas , which are precursors of most large-bowel cancers .",outcomes,0,0,5
10770979,"METHODS We randomly assigned 2079 men and women who were 35 years of age or older and who had had one or more histologically confirmed colorectal adenomas removed within six months before randomization to one of two groups : an intervention group given intensive counseling and assigned to follow a diet that was low in fat ( 20 percent of total calories ) and high in fiber ( 18 g of dietary fiber per 1000 kcal ) and fruits and vegetables ( 3.5 servings per 1000 kcal ) , and a control group given a standard brochure on healthy eating and assigned to follow their usual diet .",interventions,6,22,0
10770979,"Subjects entered the study after undergoing complete colonoscopy and removal of adenomatous polyps ; they remained in the study for approximately four years , undergoing colonoscopy one and four years after randomization .",none,0,0,0
10770979,RESULTS A total of 1905 of the randomized subjects ( 91.6 percent ) completed the study .,participants,1,0,0
10770979,"Of the 958 subjects in the intervention group and the 947 in the control group who completed the study , 39.7 percent and 39.5 percent , respectively , had at least one recurrent adenoma ; the unadjusted risk ratio was 1.00 ( 95 percent confidence interval , 0.90 to 1.12 ) .",outcomes,0,0,6
10770979,"Among subjects with recurrent adenomas , the mean ( +/-SE ) number of such lesions was 1.85+/-0.08 in the intervention group and 1.84+/-0.07 in the control group .",outcomes,0,0,4
10770979,"The rate of recurrence of large adenomas ( with a maximal diameter of at least 1 cm ) and advanced adenomas ( defined as lesions that had a maximal diameter of at least 1 cm or at least 25 percent villous elements or evidence of high-grade dysplasia , including carcinoma ) did not differ significantly between the two groups .",outcomes,0,0,6
10770979,"CONCLUSIONS Adopting a diet that is low in fat and high in fiber , fruits , and vegetables does not influence the risk of recurrence of colorectal adenomas .",outcomes,0,0,3
10778276,Human motor responses to simultaneous aversive stimulation and failure on a valued task .,interventions,0,4,0
10778276,The effects of presentation of an aversive stimulus and simultaneous failure on a bogus intelligence test upon a subject 's aggressive reactions were studied .,interventions,0,10,2
10778276,The subject 's fist clenching was used as an indicator of aggression .,outcomes,4,0,5
10778276,"Four conditions , generated by the combinations of two kinds of stimulus delivered to the subjects ( aversive or nonaversive ) and two outcomes of the task ( failure or success ) , were investigated .",interventions,0,3,0
10778276,"20 female and 20 male students ( ages : 17-34 years ) were instructed , upon the reception of an aversive or nonaversive acoustic signal , to press with the right hand a device that displayed a slide .",interventions,0,5,0
10778276,"Each slide presented an item from an intelligence test , to which the subjects were either allowed to answer successfully ( success ) or not ( failure ) .",none,0,0,0
10778276,"Failure increased the subject 's autonomic arousal , as measured by photoplethysmographic sensors , in all stimulation conditions , but only the condition with aversive stimulation increased the speed of clenching .",outcomes,0,0,6
10778276,This was interpreted as indicating subject 's tendencies to aggression .,outcomes,0,0,3
10778276,These results are discussed in relation to the effects of frustration .,none,0,0,0
10781855,Immunogenicity and reactogenicity of a group C meningococcal conjugate vaccine compared with a group A+C meningococcal polysaccharide vaccine in adolescents in a randomised observer-blind controlled trial .,outcomes,1,0,2
10781855,This study evaluated the immunogenicity and reactogenicity of a group C meningococcal conjugate vaccine ( MenC ) compared with a group A+C meningococcal polysaccharide vaccine ( MenPS ) in healthy adolescents .,interventions,0,19,2
10781855,Subjects were randomised to receive one dose of either MenC ( n=92 ) or MenPS ( n=90 ) .,interventions,0,2,0
10781855,"Group C meningococcal IgG antibody concentrations and bactericidal titres were higher in the MenC group than the MenPS group at 1 month ( 22.8 U/ml vs 4.0 U/ml , p < 0.001 , and 87 vs 20 , p < 0.001 , respectively ) and 12 months ( 6.1 U/ml vs 3.0 U/ml , p < 0.001 , and 81.3 vs 20.2 , p < 0.001 , respectively ) .",outcomes,0,0,7
10781855,No differences in post immunisation reaction rates were noted between the two vaccinated groups .,outcomes,0,0,4
10781855,This study demonstrated the safety and enhanced immunogenicity of the candidate meningococcal conjugate vaccine as compared with the licensed polysaccharide vaccine in adolescents .,outcomes,0,0,1
10790473,"Language , speech sound production , and cognition in three-year-old children in relation to otitis media in their first three years of life .",participants,15,0,0
10790473,"OBJECTIVE As part of a prospective study of possible effects of early-life otitis media on speech , language , cognitive , and psychosocial development , we tested relationships between children 's cumulative duration of middle ear effusion ( MEE ) in their first 3 years of life and their scores on measures of language , speech sound production , and cognition at 3 years of age .",outcomes,0,0,10
10790473,METHODS We enrolled 6350 healthy infants by 2 months of age who presented for primary care at 1 of 2 urban hospitals or 1 of 2 small town/rural and 4 suburban private pediatric practices .,none,0,0,0
10790473,"We intensively monitored the children 's middle ear status by pneumatic otoscopy , supplemented by tympanometry , throughout their first 3 years of life ; we monitored the validity of the otoscopic observations on an ongoing basis ; and we treated children for otitis media according to specified guidelines .",interventions,0,7,0
10790473,Children who met specified minimum criteria regarding the persistence of MEE became eligible for a clinical trial in which they were assigned randomly to undergo tympanostomy tube placement either promptly or after a defined extended period if MEE remained present .,interventions,0,3,0
10790473,"From among those remaining , we selected randomly , within sociodemographic strata , a sample of 241 children who represented a spectrum of MEE experience from having no MEE to having MEE whose cumulative duration fell just short of meeting randomization criteria .",none,0,0,0
10790473,"In subjects so selected , the estimated duration of MEE ranged from none to 65.6 % of the first year of life and 44.8 % of the first 3 years of life .",none,0,0,0
10790473,"In these 241 children we assessed language development , speech sound production , and cognition at 3 years of age , using both formal tests and conversational samples .",outcomes,0,0,9
10790473,"RESULTS We found weak to moderate , statistically significant negative correlations between children 's cumulative durations of MEE in their first year of life or in age periods that included their first year of life , and their scores on formal tests of receptive vocabulary and verbal aspects of cognition at 3 years of age .",outcomes,0,0,12
10790473,"However , the percent of variance in these scores explained by time with MEE in the first year of life beyond that explained by sociodemographic variables ranged only from 1.2 % to 2.9 % , and the negative correlations were concentrated in the subgroup of children whose families had private health insurance ( rather than Medicaid ) .",none,0,0,0
10790473,"We found no significant correlations in the study population as a whole or in any subgroup between time with MEE during antecedent periods and children 's scores on measures of spontaneous expressive language , speech sound production , or other measured aspects of cognition .",outcomes,0,0,14
10790473,"In contrast , by wide margins , scores on all measures were consistently highest among the most socioeconomically advantaged children and lowest among the most socioeconomically disadvantaged children .",outcomes,0,0,4
10790473,"CONCLUSIONS Our findings suggest either that persistent early-life MEE actually causes later small , circumscribed impairments of receptive language and verbal aspects of cognition in certain groups of children or that unidentified , confounding factors predispose children both to early-life otitis media and to certain types of developmental impairment .",outcomes,0,0,2
10790473,"Findings in the randomized clinical trial component of the larger study should help distinguish between causality and confounding as explanations for our findings.language , speech , cognition , development , otitis media , middle ear effusion .",outcomes,0,0,5
10807619,"Randomised , double blind , placebo controlled study of fluticasone propionate in patients with moderate to severe chronic obstructive pulmonary disease : the ISOLDE trial .",participants,7,3,0
10807619,"OBJECTIVES To determine the effect of long term inhaled corticosteroids on lung function , exacerbations , and health status in patients with moderate to severe chronic obstructive pulmonary disease .",outcomes,7,1,8
10807619,"DESIGN Double blind , placebo controlled study .",interventions,0,1,0
10807619,SETTING Eighteen UK hospitals .,none,0,0,0
10807619,PARTICIPANTS 751 men and women aged between 40 and 75 years with mean forced expiratory volume in one second ( FEV ( 1 ) ) 50 % of predicted normal .,participants,8,0,0
10807619,INTERVENTIONS Inhaled fluticasone propionate 500 microgram twice daily from a metered dose inhaler or identical placebo .,interventions,0,11,0
10807619,"MAIN OUTCOME MEASURES Efficacy measures : rate of decline in FEV ( 1 ) after the bronchodilator and in health status , frequency of exacerbations , respiratory withdrawals .",outcomes,0,0,22
10807619,"Safety measures : morning serum cortisol concentration , incidence of adverse events .",outcomes,0,0,8
10807619,RESULTS There was no significant difference in the annual rate of decline in FEV ( 1 ) ( P=0.16 ) .,outcomes,0,0,9
10807619,Mean FEV ( 1 ) after bronchodilator remained significantly higher throughout the study with fluticasone propionate compared with placebo ( P < 0.001 ) .,outcomes,0,0,7
10807619,Median exacerbation rate was reduced by 25 % from 1.32 a year on placebo to 0.99 a year on with fluticasone propionate ( P=0.026 ) .,outcomes,0,0,3
10807619,Health status deteriorated by 3.2 units a year on placebo and 2.0 units a year on fluticasone propionate ( P=0.0043 ) .,outcomes,0,0,3
10807619,"Withdrawals because of respiratory disease not related to malignancy were higher in the placebo group ( 25 % v 19 % , P=0.034 ) .",outcomes,0,0,1
10807619,CONCLUSIONS Fluticasone propionate 500 microgram twice daily did not affect the rate of decline in FEV ( 1 ) but did produce a small increase in FEV ( 1 ) .,outcomes,0,0,18
10807619,Patients on fluticasone propionate had fewer exacerbations and a slower decline in health status .,outcomes,0,0,6
10807619,These improvements in clinical outcomes support the use of this treatment in patients with moderate to severe chronic obstructive pulmonary disease .,participants,7,0,0
10808042,Increased growth hormone response to sumatriptan challenge in adult autistic disorders .,participants,3,1,3
10808042,Serotonergic ( 5-HT ) abnormalities have been documented in autism .,none,0,0,0
10808042,"To assess sensitivity of the 5-HT1d receptor , growth hormone response to the 5-HT1d receptor agonist sumatriptan was studied in adult autistic patients and matched normal controls .",interventions,0,4,3
10808042,"In this study , 11 adult patients with autism or Asperger 's disorder were compared with nine matched controls .",none,0,0,0
10808042,"All subjects were randomized to single dose sumatriptan ( 6 mg SQ ) and placebo challenges , separated by a 1-week interval , and growth hormone was measured before and during the challenges .",interventions,0,19,2
10808042,The results showed a highly significant diagnosisxdrugxtime interaction on repeated measure analysis covaried for baseline .,outcomes,0,0,2
10808042,"This suggests that autistic patients had significantly greater growth hormone response to sumatriptan than normal controls , independent of placebo effects .",outcomes,0,1,3
10808042,"Therefore , abnormalities in 5-HT regulation in autism may be related to increased sensitivity of the 5-HT1d inhibitory receptor in autism .",none,0,0,0
10811665,Outcome of CNS disease at diagnosis in disseminated small noncleaved-cell lymphoma and B-cell leukemia : a Children 's Cancer Group study .,participants,9,0,0
10811665,PURPOSE To examine the impact of initial CNS involvement on outcome and patterns of failure in patients with disseminated small noncleaved-cell lymphoma and B-cell leukemia who were treated in four successive Children 's Cancer Group trials .,participants,9,5,0
10811665,"PATIENTS AND METHODS Of 462 patients with disseminated disease , 49 ( 10.6 % ) had CNS disease at diagnosis ( CNS+ ) .",participants,6,0,0
10811665,CNS disease included meningeal disease or CNS parenchymal masses with or without cranial neuropathies ( CSF+/Mass ; CNPs ) in 36 patients and isolated CNPs in 13 .,none,0,0,0
10811665,"Of the CNS+ patients , 28 had M2 ( 5 % to 25 % blasts ) or M3 ( > 25 % blasts ) bone marrow involvement .",participants,2,0,0
10811665,All patients received protocol-based systemic and intrathecal chemotherapy .,interventions,1,5,0
10811665,Thirty-six patients also received CNS irradiation .,interventions,0,2,0
10811665,"RESULTS Relapses occurred in 21 ( 43 % ) of 49 patients , predominantly in the CNS ( 71 % ) and bone marrow ( 52 % ) .",outcomes,0,0,1
10811665,The 3-year event-free survival +/- SE for all patients with CNS+ disease was 45 % +/- 7 % .,outcomes,0,0,3
10811665,"Patients with CSF+/Mass had a nominally higher treatment failure rate compared with patients with CNS- after adjusting for marrow status and lactate dehydrogenase ( LDH ) diagnosis , with a relative failure rate ( RFR ) of 1.52 ( 95 % confidence interval [ CI ] , 0.88 to 2.6 ; P =.15 ) .",outcomes,0,0,10
10811665,"In comparison , the RFRs for patients with M2 or M3 marrow and for those with LDH levels greater than 500 IU/L after adjusting for CNS disease were 1.4 ( 95 % CI , 0.96 to 2.0 ; P =.029 ) and 2.2 ( 95 % CI , 1.5 to 3.0 ; P < .001 ) , respectively .",outcomes,0,0,3
10811665,"The RFR for patients with isolated CNPs was 0.87 ( 95 % CI , 0.36 to 2.1 ; P =.76 ) .",none,0,0,0
10811665,"CONCLUSION We conclude that , with the treatments used during the period covered by these studies , the presence of CSF+/Mass CNS disease at diagnosis was associated with a nominally worse outcome independent of initial bone marrow status and LDH level , but the effect was not statistically significant .",outcomes,0,0,3
10814606,Effects of ATP infusion on glucose turnover and gluconeogenesis in patients with advanced non-small-cell lung cancer .,participants,4,0,0
10814606,"Cancer cachexia is associated with elevated lipolysis , proteolysis and gluconeogenesis .",none,0,0,0
10814606,"ATP infusion has been found to significantly inhibit loss of body weight , fat mass and fat-free mass in patients with advanced lung cancer .",none,0,0,0
10814606,"The present study was aimed at exploring the effects of ATP on whole-body glucose turnover , alanine turnover and gluconeogenesis from alanine .",none,0,0,0
10814606,Twelve patients with advanced non-small-cell lung cancer ( NSCLC ) were studied 1 week before and during 22-24 h of continuous ATP infusion .,participants,1,0,0
10814606,"After an overnight fast , turnover rates of glucose and alanine , and gluconeogenesis from alanine , were determined using primed constant infusions of Â¿6 , 6- ( 2 ) H ( 2 ) ÄŸlucose and Â¿3- ( 13 ) CÄƒlanine .",none,0,0,0
10814606,Thirteen NSCLC patients and eleven healthy subjects were studied as control groups without ATP infusion .,none,0,0,0
10814606,"During high-dose ATP infusion ( 75 microg.min ( -1 ) .kg ( -1 ) ) , glucose turnover was 0.62+/-0.07 mmol.h ( -1 ) .kg ( -1 ) , compared with 0 .",outcomes,0,0,2
10814606,44+/-0.13 mmol.h ( -1 ) .kg ( -1 ) at baseline ( P=0.04 ) .,none,0,0,0
10814606,"For gluconeogenesis a similar , but non-significant , trend was observed Â¿baseline , 0.30+/-0.16 mmol.h ( -1 ) .kg ( -1 ) ; during ATP , 0.37+/-0.13 mmol.h ( -1 ) .kg ( -1 ) ( P=0.08 ) .",outcomes,0,0,1
10814606,At lower ATP doses ( 37-50 microg .,none,0,0,0
10814606,min ( -1 ) .kg ( -1 ) ) these effects were not detected .,none,0,0,0
10814606,"The relative increase in glucose turnover during ATP infusion compared with baseline showed a significant correlation with the ATP dose ( r=0.58 , P=0.02 ) .",outcomes,0,0,5
10814606,No change in alanine turnover was observed at any ATP dose .,outcomes,0,0,2
10814606,The results of this study indicate an increase in glucose turnover during high-dose ATP infusion compared with baseline levels .,outcomes,0,0,2
10814606,"During high-dose ATP infusion , glucose turnover was similar to that during low-dose ATP infusion and to that in control NSCLC patients .",outcomes,0,0,2
10814606,"Between ATP infusions , however , glucose turnover in patients treated with high-dose ATP was significantly lower than that in the low-dose and control NSCLC patients ( P=0.04 and P=0.03 respectively ) , and similar to that in healthy subjects .",outcomes,0,0,2
10814606,This would suggest that repeated high-dose ATP infusions may inhibit glucose turnover between infusion periods .,none,0,0,0
10816058,Heparin-coated cardiopulmonary bypass circuits reduce circulating complement factors and interleukin-6 in paediatric heart surgery .,interventions,0,4,0
10816058,Children are sensitive to the inflammatory side effects of cardiopulmonary bypass ( CPB ) .,none,0,0,0
10816058,Our intention was to investigate if the biocompatibility benefits of heparin-coated CPB circuits apply to children .,interventions,0,3,0
10816058,"In 20 operations , 19 children were randomized to heparin-coated ( group HC , n = 10 ) or standard ( group C , n = 10 ) bypass circuits .",interventions,0,2,0
10816058,"Plasma levels of acute phase reactants , interleukins , granulocytic proteins and complement factors were measured .",outcomes,0,0,11
10816058,All were significantly elevated after CPB .,none,0,0,0
10816058,"Levels of complement factor C3a ( 851 ( 791-959 ) ng/ml [ median with quartiles ] in group C , 497 ( 476-573 ) ng/ml in group HC , p < 0.001 ) , Terminal Complement Complex ( 114 ( 71-130 ) AU/ml in group C , 35.5 ( 28.9-51.4 ) AU/ml in group HC , p < 0.001 ) , and interleukin-6 ( 570 ( 203-743 ) pg/ml in group C , 168 ( 111-206 ) pg/ml in group HC , p = 0.005 ) , were significantly reduced in group HC .",outcomes,0,0,9
10816058,"Heparin-coated CPB circuits improve the biocompatibility of CPB during heart surgery in the paediatric patient population , as reflected by significantly reduced levels of circulating complement factors and interleukin-6 .",interventions,0,3,0
10826576,"Identifying the indications for laparoscopically assisted vaginal hysterectomy : a prospective , randomised comparison with abdominal hysterectomy in patients with symptomatic uterine fibroids .",interventions,3,6,0
10826576,OBJECTIVE To compare laparoscopically assisted vaginal hysterectomy ( LAVH ) and total abdominal hysterectomy ( TAH ) in patients with uterine fibroids .,interventions,2,13,0
10826576,DESIGN A prospective randomised study .,none,0,0,0
10826576,"SETTING The San Paolo Hospital , Milan .",none,0,0,0
10826576,"POPULATION Sixty-two patients , who were not suitable for a vaginal hysterectomy , requiring treatment for uterine fibroids .",participants,3,0,0
10826576,METHODS Randomisation between LAVH and TAH .,interventions,0,2,0
10826576,"Comparison of outcomes on the whole series , patients with uteri < or = 500 g ( Group 1 ) and patients with uteri > 500 g ( Group 2 ) .",none,0,0,0
10826576,"MAIN OUTCOME MEASURES To establish operating time , blood loss , complications , febrile morbidity , analgesics administration and hospital stay for both treatment approaches .",outcomes,0,0,11
10826576,RESULTS Median uterine weight was 400 g in both LAVH and TAH group .,outcomes,0,2,3
10826576,"Median operating time was longer for LAVH ( 135 min compared with 120 min for TAH ; P = 0.001 ) , but patients undergoing LAVH had less analgesics administration ( 23 % compared with 77 % , P < 0.001 ) and a shorter median hospital stay ( 3.8 compared with 5.8 days ; P < 0.001 ) .",outcomes,0,3,8
10826576,"LAVH , when compared with TAH in the two weight subgroups , required a significantly longer operating time only in Group 2 , significantly reduced analgesics administration only in Group 1 , and significantly reduced hospital stay in both groups .",outcomes,0,2,6
10826576,Conversions of LAVH to laparotomy were significantly more frequent in Group 2 ( 3/11 ) than in Group 1 ( 0/20 ) ( P = 0.04 ) .,none,0,0,0
10826576,"CONCLUSIONS Compared with TAH , LAVH has advantages in removing uteri weighing < or = 500 g , with comparable operating time , less post-operative pain and shorter recovery .",outcomes,0,2,6
10826576,"Among uteri weighing > 500 g LAVH showed a shorter recovery , but longer operating time than TAH and a 27 % rate of conversion to laparotomy .",interventions,0,3,3
10832772,Secretin and autism : a two-part clinical investigation .,none,0,0,0
10832772,"Recent anecdotal reports have touted the gastrointestinal ( GI ) hormone secretin as a treatment modality for autism , though there is little clinical evidence or literature to support its viability .",interventions,0,1,0
10832772,We undertook a two-part clinical trial to investigate these claims .,none,0,0,0
10832772,"Fifty-six patients ( 49 boys , 7 girls , mean age = 6.4 years , SD = 2.7 ) enrolled in an open-label trial of secretin , during which they received one injection of the hormone ( 2 IU/kg ) .",participants,14,1,0
10832772,"All subjects were evaluated by their parents at baseline and follow-up visits ( 3-6 weeks later , M = 3.7 , SD = 1.4 weeks ) with Childhood Autism Rating Scales ( CARS ) .",outcomes,0,0,7
10832772,"Thirty-four patients were labeled with Pervasive Developmental Disorder Not Otherwise Specified , and 22 met diagnostic criteria for Autistic Disorder .",participants,7,0,0
10832772,Forty-five patients were concurrently on other drug treatments .,participants,3,0,0
10832772,"At follow-up , some reported minimal but potentially significant improvements including changes in GI symptoms , expressive and/or receptive language function , and improved awareness and social interactions .",outcomes,0,0,16
10832772,No adverse effects were reported or observed .,outcomes,0,0,2
10832772,"Subsequently , 17 of the most responsive patients from Study 1 began a double-blind trial that also included 8 newly enrolled patients .",none,0,0,0
10832772,Patients in this second study were alternatively entered into one of two groups and received injections of secretin or placebo with crossover at 4 weeks .,interventions,0,2,0
10832772,Patients from Study 1 entered into Study 2 at an average of 6.5 ( SD = 0.8 ) weeks after beginning Study 1 .,none,0,0,0
10832772,"Results of both inquiries indicate that although treatment with secretin was reported to cause transient changes in speech and behavior in some children , overall it produced few clinically meaningful changes when compared to children given placebo injections .",outcomes,0,2,6
10832773,"Comments on "" Secretin and autism : a two-part clinical investigation "" by M.G .",participants,2,1,2
10832773,Chez et al .,none,0,0,0
10832774,Assessment in multisite randomized clinical trials of patients with autistic disorder : the Autism RUPP Network .,participants,2,0,2
10832774,Research Units on Pediatric Psychopharmacology .,none,0,0,0
10832774,"Assessment of autistic disorder ( autism ) symptoms , primary and secondary , poses more challenging problems than ordinarily found in multisite randomized clinical trial ( RCT ) assessments .",outcomes,0,0,10
10832774,"For example , subjects may be uncommunicative and extremely heterogeneous in problem presentation , and current pharmacological treatments are not likely to alter most core features of autism .",none,0,0,0
10832774,The Autism Research Units on Pediatric Psychopharmacology ( RUPP Autism Network ) resolved some of these problems during the design of a risperidone RCT in children/adolescents .,interventions,1,2,0
10832774,"The inappropriateness of the usual anchors for a Clinical Global Impression of Severity ( CGI-S ) was resolved by defining uncomplicated autism without secondary symptoms as a CGI-S of 3 , mildly ill .",participants,1,0,0
10832774,"The communication problems , compromising use of the patient as an informant , were addressed by several strategies , including careful questioning of care providers , rating scales , laboratory tests , and physical exams .",outcomes,0,0,13
10832774,The broad subject heterogeneity requires outcome measures sensitive to individual change over a wide spectrum of treatment response and side effects .,outcomes,0,0,4
10832774,"The problems of neuropsychologically testing nonverbal , lower functioning , sometimes noncompliant subjects requires careful instrument selection/adaptation and flexible administration techniques .",none,0,0,0
10832774,"The problems of assessing low-end IQs , neglected by most standardized test developers , was resolved by an algorithm of test hierarchy .",outcomes,0,0,2
10832774,"Scarcity of other autism-adapted cognitive and neuropsychological tests and lack of standardization required development of a new , specially adapted battery .",none,0,0,0
10832774,"Reliability on the Autism Diagnostic Interview ( currently the most valid diagnostic instrument ) and other clinician instruments required extensive cross-site training ( in-person , videotape , and teleconference sessions ) .",outcomes,0,0,3
10832774,"Definition of a treatment responder required focus on individually relevant target symptoms , synthesis of possible modest improvements in many domains , and acceptance of attainable though imperfect goals .",none,0,0,0
10832774,"The assessment strategy developed is implemented in a RCT of risperidone ( McDougle et al. , 2000 ) for which the design and other methodological challenges are described elsewhere ( Scahill et al. , 2000 ) .",interventions,0,1,0
10832774,Some of these problems and solutions are partially shared with RCTs of other treatments and other disorders .,none,0,0,0
10837440,Comparison of a 5 day regimen of cefdinir with a 10 day regimen of cefprozil for treatment of acute exacerbations of chronic bronchitis .,outcomes,0,2,6
10837440,"Patients with acute exacerbations of chronic bronchitis were treated with cefdinir 300 mg bd for 5 days or cefprozil 500 mg bd for 10 days in a prospective , randomized , double-blind , multicentre study .",participants,5,2,0
10837440,"Of the 548 patients enrolled , 281 ( 51 % ) were evaluable .",participants,2,0,0
10837440,"The clinical cure rates at the test-of-cure visit were 80 % ( 114/142 ) and 72 % ( 100/139 ) for the evaluable patients treated with cefdinir and cefprozil , respectively .",participants,3,2,3
10837440,"Respiratory tract pathogens were isolated from 409 ( 75 % ) of 548 admission sputum specimens , with the predominant pathogens being Haemophilus parainfluenzae , Haemophilus influenzae , Staphylococcus aureus and Moraxella catarrhalis .",outcomes,0,0,3
10837440,"The microbiological eradication rates at the test-of-cure visit were 81 % ( 157 of 193 pathogens ) and 84 % ( 166 of 198 pathogens ) for the evaluable patients treated with cefdinir and cefprozil , respectively .",outcomes,0,2,3
10837440,Adverse event rates while on treatment were equivalent between the two treatment groups .,outcomes,0,0,3
10837440,"The incidence of diarrhoea during therapy was higher for patients treated with cefdinir ( 17 % ) than for patients treated with cefprozil ( 6 % ) ( P < 0.01 ) , but most cases were mild and did not lead to discontinuation of treatment .",outcomes,1,2,3
10837440,These results indicate that a 5 day regimen of cefdinir is as effective and safe in the treatment of patients with acute exacerbations of chronic bronchitis as a 10 day regimen of cefprozil .,outcomes,5,2,8
10848655,"The effectiveness of omeprazole , clarithromycin and tinidazole in eradicating Helicobacter pylori in a community screen and treat programme .",interventions,0,3,3
10848655,Leeds Help Study Group .,none,0,0,0
10848655,INTRODUCTION Helicobacter pylori screening and treatment has been proposed as a cost-effective method of preventing gastric cancer .,none,0,0,0
10848655,"AIM To assess , in a randomized controlled trial , the efficacy of therapy in eradicating H. pylori as part of a screening programme , and to report the adverse events associated with this strategy .",none,0,0,0
10848655,METHODS Subjects between the ages of 40-49 years were randomly selected from the lists of 36 primary care centres .,participants,6,0,0
10848655,Participants attended their local practice and H. pylori status was determined by 13C-urea breath test .,none,0,0,0
10848655,"Infected subjects were randomized to receive omeprazole 20 mg b.d. , clarithromycin 250 mg b.d .",interventions,0,8,0
10848655,and tinidazole 500 mg b.d .,interventions,0,6,0
10848655,for 7 days ( OCT ) or identical placebos .,interventions,0,1,0
10848655,Eradication was determined by a 13C-urea breath test 6 months and 2 years after the first visit .,outcomes,0,0,1
10848655,Successful eradication was defined as two negative 13C-urea breath tests or one negative and one missing test .,outcomes,0,0,12
10848655,Adverse events and compliance were assessed at the 6-month visit .,outcomes,0,0,3
10848655,"RESULTS A total of 32 929 subjects were invited to attend , 8407 were evaluable , and 2329 ( 28 % ) of these were H. pylori-positive .",participants,6,0,1
10848655,A total of 1161 subjects were randomized to OCT and 1163 to placebo ; over 80 % returned for a repeat 13C-urea breath test on at least one occasion .,participants,1,0,0
10848655,"The eradication rates in those allocated to OCT were as follows : intention-to-treat , 710 out of 1161 ( 61 % ; 95 % confidence interval : 58-64 % ) ; evaluable 710 out of 967 ( 73 % ; 95 % CI : 71-76 % ) ; took all medication 645 out of 769 ( 84 % ; 95 % CI : 81-87 % ) .",outcomes,0,0,2
10848655,Adverse events occurred in 45 % of the treatment group and in 18 % of the placebo group ( relative risk 2.5 ; 95 % CI : 2.1-2.9 ) .,outcomes,0,0,2
10848655,"Compliance , male gender , no antibiotic prescription in the subsequent 2 years and experiencing a bitter taste with the medication were independently associated with treatment success .",outcomes,0,0,4
10848655,CONCLUSIONS The OCT regimen has an eradication rate of 61 % in intention-to-treat analysis and is therefore less successful in treating H. pylori as part of a screening programme compared with hospital studies in dyspeptic patients .,outcomes,1,0,2
10850381,Reduction of oral mucositis by filgrastim ( r-metHuG-CSF ) in patients receiving chemotherapy .,outcomes,3,3,4
10850381,"Mucositis , the inflammation and necrosis of mucosal membranes , is a serious and debilitating consequence of many cancer therapies .",outcomes,0,0,1
10850381,"We were interested in the potential role of filgrastim ( recombinant methionyl human granulocyte colony-stimulating factor , r-metHuG-CSF ) in the reduction of mucositis .",interventions,0,8,3
10850381,"Patients with newly diagnosed small-cell lung cancer ( SCLC ) were treated with CAE chemotherapy ( cyclophosphamide , doxorubicin , and etoposide ) and placebo or filgrastim .",participants,8,6,0
10850381,"If patients had an episode of febrile neutropenia , they received unblinded filgrastim in subsequent CAE cycles .",none,0,0,0
10850381,Oral mucositis was considered to have occurred if a patient reported any clinical sign or symptom of oral mucositis with or without oral candidiasis .,outcomes,0,0,11
10850381,"Oral mucositis was analyzed using the unadjusted chi-square test , and time to first episode of mucositis was analyzed using the stratified log-rank test as well as the Cox proportional hazards regression model .",outcomes,0,0,8
10850381,"During cycle 1 , placebo-treated patients had more episodes of mucositis ( 47 % ) compared with those patients randomized to filgrastim ( 28 % ) .",outcomes,0,0,1
10850381,"Across all cycles of treatment , 70 % of placebo-treated patients experienced mucositis , compared with 53 % of patients randomized to filgrastim .",outcomes,0,0,1
10850381,A significant reduction in the incidence of chemotherapy-related oral mucositis occurred across multiple cycles of treatment in patients treated with filgrastim .,outcomes,0,0,2
10860330,A laser-powered hydrokinetic system for caries removal and cavity preparation .,none,0,0,0
10860330,BACKGROUND Laser systems have been developed for the cutting of dental hard tissues .,interventions,0,2,0
10860330,"The erbium , chromium : yttrium-scandium-gallium-garnet , or Er , Cr : YSGG , laser system used in conjunction with an air-water spray has been shown to be efficacious in vitro for cavity preparation .",interventions,0,8,0
10860330,"METHODS The authors randomly selected subjects for cavity preparation with conventional air turbine/bur dental surgery or an Er , Cr : YSGG laser-powered system using a split-mouth design .",interventions,5,12,0
10860330,"They prepared Class I , III and V cavities , placed resin restorations and evaluated subjects on the day of the procedure and 30 days and six months postoperatively for pulp vitality , recurrent caries , pain and discomfort , and restoration retention .",outcomes,0,2,9
10860330,Sixty-seven subjects completed the study .,participants,1,0,0
10860330,RESULTS There were no statistical differences between the two treatment groups for the parameters measured with one exception ; there was a statistically significant decrease in discomfort levels for the laser system at the time of cavity preparation for subjects who declined to receive local anesthetic .,outcomes,0,0,6
10860330,"CONCLUSIONS The Er , Cr : YSGG laser system is effective for preparation of Class I , III and V cavities and resin restorations are retained by lased tooth surfaces .",interventions,0,7,0
10860330,CLINICAL IMPLICATIONS Hard-tissue cutting lasers are being introduced for use in operative dentistry .,none,0,0,0
10860330,"In this study , an Er , Cr : YSGG laser has been shown to be effective for cavity preparation and restoration replacement .",interventions,0,6,0
10861653,Response of pre-core mutant chronic hepatitis B infection to lamivudine .,participants,6,1,0
10861653,"The proportion of chronic liver disease associated with the pre-core mutant of hepatitis B virus ( HBV ) infection is increasing , particularly in Mediterranean Europe and in Asia .",participants,10,0,0
10861653,"The pre-core mutant HBV is unable to produce hepatitis B e antigen ( HBeAg ) , so that patients with this variant do not present with HBV characterised by HBeAg in the serum .",outcomes,0,0,5
10861653,Pre-core mutant chronic hepatitis B infection usually proceeds to serious liver disease .,none,0,0,0
10861653,"Wild-type HBV infection may be mild and respond relatively well to interferon ( IFN ) alpha therapy , but IFN alpha is not an effective therapeutic option in pre-core mutant hepatitis B infection and new therapeutic options are needed .",none,0,0,0
10861653,Clinical data show that lamivudine is an effective treatment for patients with pre-core mutant hepatitis B .,interventions,0,1,1
10861653,There is profound suppression of HBV replication and improvement in indicators of liver disease in most patients .,outcomes,0,0,6
10861653,"In conclusion , lamivudine is suitable for treatment of a wide range of patients with chronic hepatitis B , including those with pre-core mutant HBV infection .",interventions,0,1,0
10870534,"Clinical pathway for fractured neck of femur : a prospective , controlled study .",participants,5,0,0
10870534,OBJECTIVE To assess outcomes of using a clinical pathway for managing patients with fractured neck of femur .,participants,4,0,0
10870534,"DESIGN Prospective , pseudorandomised , controlled trial .",none,0,0,0
10870534,"SETTING St Vincent 's Hospital , Melbourne , Victoria ( a tertiary referral , university teaching hospital ) , 1 October 1997 to 30 November 1998 .",none,0,0,0
10870534,"PARTICIPANTS 111 patients ( 80 women and 31 men ; mean age , 81 years ) admitted via the emergency department with a primary diagnosis of fractured neck of femur .",participants,4,0,0
10870534,"INTERVENTIONS Management guided by a clinical pathway ( 55 patients ) or established standard of care ( control group , 56 patients ) .",interventions,0,15,0
10870534,MAIN OUTCOME MEASURES Timing of referrals and discharge planning ; total length of stay ; and complication and readmission rates within 28 days of discharge .,outcomes,0,0,19
10870534,"RESULTS Patients managed according to the clinical pathway had a shorter total stay ( 6.6 versus 8.0 days ; P = 0.03 ) , even if assessment for placement by the Aged Care Assessment Service was required ( 9.5 versus 13.6 days ; P = 0.03 ) .",none,0,0,0
10870534,"There were no significant differences in complication and readmission rates between pathway and control patients ( complication rates , 24 % versus 36 % ; P = 0.40 ; readmission rates , 4 % versus 11 % ; P = 0.28 ) .",none,0,0,0
10870534,CONCLUSION Coordinated multidisciplinary care of patients with fractured neck of femur reduces length of stay without increasing complications .,none,0,0,0
10871578,Plasma antioxidant status after high-dose chemotherapy : a randomized trial of parenteral nutrition in bone marrow transplantation patients .,participants,3,2,0
10871578,BACKGROUND Chemotherapy and radiation therapy result in increased free radical formation and depletion of tissue antioxidants .,interventions,0,4,0
10871578,It is not known whether parenteral nutrition ( PN ) administered during bone marrow transplantation ( BMT ) supports systemic antioxidant status .,interventions,0,11,0
10871578,OBJECTIVE The aims of the study were to determine 1 ) whether high-dose chemotherapy decreases concentrations of major circulating antioxidants in patients undergoing BMT and 2 ) whether administration of standard PN maintains systemic antioxidant concentrations compared with PN containing micronutrients and minimal lipids alone .,interventions,0,5,0
10871578,"DESIGN Twenty-four BMT patients were randomly assigned to receive either standard PN containing conventional amounts of dextrose , amino acids , micronutrients , and lipid ( 120 kJ/d ) or a solution containing only micronutrients ( identical to those in standard PN ) and a small amount of lipid ( 12 kJ/d ) .",interventions,1,20,0
10871578,"Plasma antioxidant status was measured before conditioning therapy and serially at days 1 , 3 , 7 , 10 , and 14 after BMT .",outcomes,0,0,3
10871578,RESULTS Plasma glutathione ( GSH ) and alpha- and gamma-tocopherol concentrations decreased and the GSH redox state became more oxidized after conditioning chemotherapy .,outcomes,0,0,12
10871578,"Plasma cysteine concentrations were unchanged , whereas cystine concentrations increased .",outcomes,0,0,3
10871578,Plasma vitamin C and zinc concentrations and GSH peroxidase activity increased over time .,outcomes,0,0,9
10871578,Plasma alpha-tocopherol concentrations were lower in patients given standard PN .,outcomes,0,0,3
10871578,There were no differences in other plasma antioxidants between groups .,outcomes,0,0,2
10871578,"CONCLUSIONS A significant decline in GSH-glutathione disulfide , cysteine-cystine , and vitamin E status occurs after chemotherapy and BMT .",outcomes,0,2,6
10871578,Standard PN does not improve antioxidant status compared with administration of micronutrients alone .,none,0,0,0
10871578,Further evaluation of PN formulations to support patients undergoing high-dose chemotherapy and BMT are needed .,participants,4,3,0
10889149,"Atrophy and intestinal metaplasia one year after cure of H. pylori infection : a prospective , randomized study .",participants,5,0,0
10889149,"BACKGROUND & AIMS Helicobacter pylori-infected gastric mucosa evolves through stages of chronic gastritis , intestinal metaplasia ( IM ) , glandular atrophy ( GA ) , and dysplasia before carcinoma develops .",none,0,0,0
10889149,We studied if H. pylori eradication would alter the course of premalignant histologic changes in the stomach .,none,0,0,0
10889149,METHODS Volunteers from the Yantai County in China underwent upper endoscopy with biopsy specimens obtained from the antrum and corpus .,interventions,0,4,0
10889149,"H. pylori-infected subjects were randomized to receive either a 1-week course of omeprazole , amoxicillin , and clarithromycin ( OAC ) or placebo .",interventions,0,13,0
10889149,"At 1 year , endoscopies with biopsies were repeated .",none,0,0,0
10889149,RESULTS A total of 587 H. pylori-infected subjects were randomized to OAC ( n = 295 ) and placebo ( n = 292 ) .,participants,1,1,0
10889149,"At 1 year , H. pylori was eradicated in 226 subjects assigned to OAC .",interventions,0,1,0
10889149,"In the placebo group , 245 patients remained H. pylori infected .",participants,1,1,0
10889149,Analysis of paired samples obtained from the same patients showed that acute and chronic gastritis decreased in both the antrum and corpus after H. pylori eradication ( P < 0.001 ) and activity of IM decreased in antrum ( P = 0.014 ) .,outcomes,0,0,7
10889149,"In the H. pylori-infected group , antral biopsy specimens had more pronounced acute gastritis ( P = 0.01 ) , whereas corpus specimens showed increased acute and chronic gastritis ( P < 0.001 ) and a marginal increase in GA ( P = 0.052 ) .",outcomes,0,0,7
10889149,"When histologic changes were compared between the 2 groups , decrease in acute and chronic gastritis was more frequent after H. pylori eradication ( P < 0.001 ) but changes in IM were similar .",outcomes,0,0,5
10889149,"In the H. pylori-infected group , increase in GA was seen in the corpus ( P = 0.01 ) .",outcomes,0,0,1
10889149,"CONCLUSIONS At 1 year , H. pylori eradication is beneficial in preventing progression of pathologic changes of the gastric mucosa .",outcomes,0,0,2
10889804,The Finnish Diabetes Prevention Study .,participants,1,0,0
10889804,The aim of the Finnish Diabetes Prevention Study is to assess the efficacy of an intensive diet-exercise programme in preventing or delaying type 2 diabetes in individuals with impaired glucose tolerance ( IGT ) and to evaluate the effect of the programme on the risk factors of atherosclerotic vascular diseases and the incidence of cardiovascular events .,participants,10,3,4
10889804,"In this ongoing study , a total of 523 overweight subjects with IGT based on two oral glucose tolerance tests were randomized to either an intervention group or a control group .",participants,2,0,0
10889804,The main measure in the intervention group is individual dietary advice aimed at reducing weight and intake of saturated fat and increasing intake of dietary fibre .,interventions,0,17,0
10889804,The intervention subjects are individually guided to increase their level of physical activity .,interventions,0,7,6
10889804,"The control group receives general information about the benefits of weight reduction , physical activity and healthy diet in the prevention of diabetes .",interventions,0,23,0
10889804,"A pilot study began in 1993 , and recruitment ended in 1998 .",none,0,0,0
10889804,"By the end of April 1999 there were 65 new cases of diabetes , 34 drop-outs and one death .",outcomes,0,0,2
10889804,"The weight reduction was greater ( -4.6 kg ) at 1 year in the intervention group ( n = 152 ) than in the control group ( n = 143 , -0.9 kg , P < 0.0001 ) , and this difference was sustained in the second year of follow-up .",outcomes,0,0,2
10889804,"At 1 year 43.4 % and at 2 years 41.8 % of the intervention subjects had achieved a weight reduction of at least 5 kg , while the corresponding figures for the control subjects were 14.0 and 12.0 % ( P < 0.001 between the groups ) .",outcomes,0,0,2
10889804,"At 1 year the intervention group showed significantly greater reductions in 2 h glucose , fasting and 2 h insulin , systolic and diastolic blood pressure , and serum triglycerides .",outcomes,0,0,21
10889804,Most of the beneficial changes in cardiovascular risk factors were sustained for 2 years .,outcomes,0,0,3
10889804,These interim results of the ongoing Finnish Diabetes Prevention Study demonstrate the efficacy and feasibility of the lifestyle intervention programme .,outcomes,0,0,3
10901647,Transesophageal echocardiography in quantification of emboli during femoral nailing : reamed versus unreamed techniques .,interventions,0,4,0
10901647,We quantified the embolic load to the lungs created with two different techniques of femoral nailing .,interventions,0,2,0
10901647,Eleven patients with 12 traumatic femur fractures were randomized to reamed ( 7 fractures ) and unreamed ( 5 fractures ) groups .,interventions,0,2,0
10901647,Intramedullary nailing was with the AO/ASIF* universal reamed or unreamed nail .,interventions,0,3,0
10901647,Transesophageal echocardiography ( TEE ) was used to evaluate the quantity and quality of emboli generated by nailing .,outcomes,0,4,8
10901647,Data were analyzed using software that digitized the TEE images and quantified the area of embolic particles in each frame .,none,0,0,0
10901647,"The duration of each level of embolic phenomena ( zero , moderate , severe ) was used to determine total embolic load with various steps ( fracture manipulation , proximal portal opening , reaming , and nail passage ) .",none,0,0,0
10901647,Manual grading of emboli correlated highly with software quantification .,outcomes,0,0,1
10901647,Our data confirm the presence and similarity of emboli generation with both methods of intramedullary nailing .,outcomes,0,0,8
10901647,Unreamed nails do not protect the patient from pulmonary embolization of marrow contents .,outcomes,0,0,2
10902449,[ Comparative study between 5 % prilocaine and 2 % mepivacaine by the subarachnoid route in transurethral resections ] .,interventions,0,6,0
10902449,OBJECTIVE To compare the duration of spinal block with 5 % prilocaine and 2 % mepivacaine in short procedures for transurethral resection and to assess possible complications in the immediate postoperative period .,interventions,0,6,4
10902449,MATERIAL AND METHODS Fifty-seven patients scheduled for transurethral resection of the prostate or a vesical tumor .,participants,3,0,0
10902449,"Patients were ASA I-III , over 55 years of age and randomly assigned to two groups to receive 5 % prilocaine ( 1 mg/kg , n = 27 ) or 2 % mepivacaine ( 0.8 mg/kg , n = 30 ) .",interventions,1,26,0
10902449,"We collected data on anesthetic technique , levels of extension of motor and sensory blockades , duration of blockades and complications within the first 24 hours after surgery .",interventions,0,28,19
10902449,"RESULTS Demographic data , ASA classification and duration of surgery were similar in both groups .",none,0,0,0
10902449,We found statistically significant differences ( p < 0.05 ) in duration of sensory blockade ( 120.92 +/- 36.21 min with prilocaine and 145.83 +/- 35.81 min with mepivacaine ) and in motor blockade ( 106.29 +/- 38.16 min with prilocaine and 133.16 +/- 42.21 min with mepivacaine ) .,outcomes,0,2,6
10902449,Five cases of hypotension and 4 of bradycardia occurred in each group and one patient in the mepivacaine group suffered slight postoperative cephalea .,outcomes,0,0,2
10902449,CONCLUSIONS Both local anesthetics offer good surgical conditions with hemodynamic stability and few complications .,outcomes,0,0,3
10902449,"The duration of sensory and motor blockade is shorter with prilocaine than with mepivacaine , making prilocaine more appropriate for short interventions .",outcomes,0,0,3
10926339,"Comparison of high and low dose of the inhaled steroid , budesonide , as an initial treatment in newly detected asthma .",interventions,1,4,0
10926339,The importance of early initiation of inhaled steroids even in mild asthma has been documented in several studies .,interventions,0,2,0
10926339,"It is not , however , clear whether the treatment should be started with a high or a low dose of the inhaled steroid .",none,0,0,0
10926339,"We have compared the effects of high and low dose inhaled steroid , budesonide , in patients with newly detected asthma .",interventions,1,7,0
10926339,We studied 101 adult patients with newly detected bronchial asthma who were without inhaled steroid or any regular pharmacological treatment for their asthma .,participants,10,0,0
10926339,The patients were randomly allocated to two treatment groups : one to receive 800 microg inhaled budesonide per day and the other to receive 200 microg inhaled budesonide per day .,interventions,0,8,0
10926339,The drugs were given with a Turbuhaler dry powder inhaler .,interventions,0,4,0
10926339,"During the 3-month treatment period , no significant differences between the treatment groups were noted in morning or evening PEF values , in spirometric parameters , in asthmatic symptoms or in the use of rescue beta2-agonists .",outcomes,0,0,5
10926339,"The decrease in bronchial hyperresponsiveness was , however , more marked in the high dose budesonide group , reaching a borderline significance ( P=0.10 high vs. low dose budesonide ) .",outcomes,0,1,6
10926339,"In addition , in serum markers of asthmatic inflammation significant differences were shown between the treatment groups .",outcomes,0,0,5
10926339,The decrease in the number of blood eosinophils during the treatment was more marked in the high dose budesonide group ( P=0.02 ; high vs. low dose budesonide ) .,outcomes,0,1,9
10926339,"In serum ECP no change was observed in the low dose budesonide group , but a marked decrease in the high-dose budesonide group ( P=0.008 ; high vs. low dose budesonide ) .",outcomes,0,0,2
10926339,The change was even more marked with regard to serum EPX ( P=0.005 ; high vs. low dose budesonide ) .,outcomes,0,0,5
10926339,Our results support the view that the treatment of newly detected asthma should be started with a high dose of inhaled steroid .,none,0,0,0
10926339,The low dose may not be enough to suppress asthmatic inflammation despite good clinical primary response .,none,0,0,0
10928228,Is a calculated total hip BMD of clinical use ?,none,0,0,0
10928228,The diagnosis of osteoporosis is based on bone mass measurement .,none,0,0,0
10928228,To avoid the errors associated with the measurement of spinal bone density the total hip has been accepted as the standard measurement site .,none,0,0,0
10928228,This information is not available for many early measurements .,none,0,0,0
10928228,We have assessed whether it is possible to derive clinically useful information about total hip bone mineral density ( BMD ) from measurements at other hip sites .,none,0,0,0
10928228,The bone mass measurements of 46 patients participating in a current trial of therapy for osteoporosis were reviewed .,participants,2,0,0
10928228,The total hip BMD as directly measured was compared with that obtained from the formula : Total hip BMD = 0.48 x Neck BMD + 0.62 x Trochanteric BMD + 0.03 .,outcomes,0,0,10
10928228,In 30 patients with follow-up data the rate of change in hip BMD over a year was also determined by both methods .,outcomes,1,0,6
10928228,"In the pretreatment state there was good agreement between the two measures ( r2 = 0.96 , SEE 0.012 g/cm2 ) .",outcomes,0,0,1
10928228,"If the formula was used to compute a change in total hip BMD , the agreement between both methods remained good .",outcomes,0,0,6
10928228,"However , the standard error of the estimate of the change represented 59 % of the observed change .",none,0,0,0
10928228,This indicates that the error associated with this estimate is too great to allow clinically meaningful conclusions to be drawn from calculated total hip BMD .,outcomes,0,0,10
10928228,"We conclude that , whilst it may be possible to obtain reasonable point estimates of total hip BMD from other measures in the hip , these estimates are too imprecise to allow conclusions about change in BMD to be made .",outcomes,0,0,6
10934908,On the search for the neurophysiological manifestation of recollective experience .,participants,5,0,0
10934908,"Smith ( 1993 ) obtained event-related brain potentials ( ERPs ) from subjects performing a recognition memory task using "" remember "" ( R ) and "" know "" ( K ) judgments , and reported observing in the ERP a "" neurophysiological manifestation of recollective experience "" as a difference between the positive waveforms elicited by stimuli that yielded R and K judgments .",participants,6,3,0
10934908,We replicated his experiment and examined the componential structure of the R > K effect in two ways .,none,0,0,0
10934908,"First , we found that correction for P300 latency jitter eliminated the effect reported by Smith .",outcomes,0,0,3
10934908,"Second , the application of principal component analysis indicated that the positive waveform elicited by the words in the test list was a P300 .",outcomes,0,0,2
10934908,"These analyses do not support the hypothesis that there is a new component ( the "" memory-evoked shift "" ) that is a specific manifestation of recollection .",outcomes,0,0,5
10939601,5-fluorouracil plus folinic acid with or without ifosfamide in advanced colorectal cancer : a phase II randomized trial .,interventions,0,4,0
10939601,AIM This phase II trial evaluated the biomodulation of 5-fluorouracil ( 5-FU ) plus folinic acid ( FA ) with or without ifosfamide ( IFO ) in chemotherapy-naive patients with colorectal cancer .,interventions,2,9,0
10939601,"PATIENTS AND METHODS Forty-eight patients were randomized to receive : FA ( 25 mg/m2 iv bolus days 1 to 3 ) , followed by 5-FU ( 750 mg/m2 iv bolus days 1 to 3 ) , arm A ; or FA ( 25 mg/m2 iv bolus days 1 to 3 ) , followed by 5-FU ( 750 mg/m2 iv bolus days 1 to 3 ) plus IFO ( 2,000 mg/m2 in 1000 mL 5 % dextrose in a 2-hr infusion , days 1 to 3 ) , arm B. Mesna was added during and after IFO to prevent hemorrhagic cystitis .",interventions,1,5,0
10939601,Treatment was repeated every 21 days in both arms .,none,0,0,0
10939601,"RESULTS Forty-five patients were assessable for response : in arm A , 5 patients achieved a partial response ( overall response , 25 % ) , and in arm B , 2 patients achieved a complete and 1 a partial response ( overall response , 12 % ) .",outcomes,1,0,5
10939601,"Time to failure was 3.5 months ( range , 1-38 ) in patients treated with 5-FU plus FA , and 3 months ( range , 1-21 ) in patients treated with the IFO combination .",outcomes,0,0,3
10939601,"The median survival time was 13.5 months ( range , 1-49 months ) in arm A and 16 months ( range , 1-43 months ) in arm B .",outcomes,0,0,3
10939601,"Diarrhea , stomatitis and vomiting were the most common nonhematologic toxicities in both arms .",outcomes,0,0,5
10939601,"The most notable hematologic toxicity was leukopenia ; 15 % and 20 % of patients experienced grade 4 in arm A and arm B , respectively .",outcomes,0,0,3
10939601,CONCLUSIONS IFO does not increase the activity of the 5-FU plus FA combination in advanced colorectal cancer .,outcomes,0,0,3
10945514,Combination hydrocodone and ibuprofen versus combination codeine and acetaminophen for the treatment of chronic pain .,interventions,2,6,0
10945514,OBJECTIVE The objective of this study was to compare the effectiveness of combination hydrocodone 7.5 mg and ibuprofen 200 mg with that of combination codeine 30 mg and acetaminophen 300 mg for the treatment of chronic pain .,interventions,0,4,0
10945514,BACKGROUND Hydrocodone 7.5 mg with ibuprofen 200 mg is the only approved fixed-dose combination analgesic containing an opioid and ibuprofen .,interventions,0,2,0
10945514,"METHODS In this randomized , parallel-group , double-blind , repeated-dose , active-comparator , 4-week , multicenter study , 469 patients were randomly assigned to receive a 1-tablet ( n = 156 ) or 2-tablet ( n = 153 ) dose of combination hydrocodone 7.5 mg and ibuprofen 200 mg ( HI1 and HI2 , respectively ) or a 2-tablet dose of combination codeine 30 mg and acetaminophen 300 mg ( CA , n = 160 ) , the active comparator , every 6 to 8 hours as needed for pain .",interventions,1,15,0
10945514,"Efficacy was measured through pain relief scores , number of daily doses of study medication , number of daily doses of supplemental analgesics , number of patients who discontinued therapy due to an unsatisfactory analgesic response , and global assessment scores .",outcomes,0,0,29
10945514,"RESULTS Of the 469 patients , 255 ( 54.4 % ) were female and 214 ( 45.6 % ) were male .",participants,5,0,0
10945514,The mean age was 51.1 years .,participants,2,0,0
10945514,"Types of chronic pain included back ( 214 ; 45.6 % ) , arthritic ( 145 ; 30.9 % ) , other musculoskeletal ( 65 ; 13.9 % ) , cancer ( 6 ; 1.3 % ) , diabetic neuropathic ( 3 ; 0.6 % ) , postherpetic neuralgic ( 5 ; 1.1 % ) , other neurologic ( 21 ; 4.5 % ) , and other unclassified chronic pain ( 10 ; 2.1 % ) .",participants,16,0,0
10945514,"During the 48 hours prior to the study , 351 ( 74.8 % ) patients had been treated with opioid or opioid-nonopioid combination analgesics .",none,0,0,0
10945514,The overall mean daily pain relief score was significantly greater in the HI2 group ( 2.25+/-0.89 ) than in the HI1 group ( 1.98+/-0.87 ) ( P = 0.003 ) or the CA group ( 1.85+/-0.96 ) ( P < 0.001 ) .,outcomes,0,0,6
10945514,The overall mean number of daily doses of study medication was significantly less in the HI2 group ( 2.94+/-0.99 ) than in the HI1 group ( 3.23+/-0.76 ) ( P = 0.036 ) or the CA group ( 3.26+/-0.75 ) ( P = 0.014 ) .,outcomes,0,0,9
10945514,The overall mean number of daily doses of supplemental analgesics was significantly less in the HI2 group ( 0.24+/-0.49 ) than in the HI1 group ( 0.34+/-0.58 ) ( P = 0.021 ) or CA group ( 0.49+/-0.85 ) ( P = 0.010 ) .,outcomes,0,0,9
10945514,The number of patients who discontinued treatment due to an unsatisfactory analgesic response was significantly less in the HI2 group ( 2 ; 1.3 % ) than in the CA group ( 12 ; 7.5 % ) ( P = 0.008 ) .,outcomes,0,0,12
10945514,"HI2 was more effective than HI1 and CA as measured by pain relief scores for week 1 ( P < 0.001 vs HI1 and CA ) , week 2 ( P < 0.001 vs HI1 and CA ) , and week 3 ( P = 0.008 vs HI1 and P < 0.001 vs CA ) ; daily doses of study medication for week 1 ( P = 0.019 vs HI1 and P = 0.011 vs CA ) ; daily doses of supplemental analgesics for week 1 ( P = 0.010 vs HI1 and CA ) ; and global assessment scores for week 1 ( P = 0.018 vs HI1 and P < 0.001 vs CA ) , week 2 ( P = 0.005 vs HI1 and P < 0.001 vs CA ) , and week 4 ( P = 0.013 vs HI1 and P = 0.023 vs CA ) .",outcomes,0,0,13
10945514,There were no significant differences between HI1 and CA in any efficacy variable .,outcomes,0,0,1
10945514,"There were no significant differences in the number of patients experiencing adverse events in the HI2 ( 127 ; 83 % ) , HI1 ( 124 ; 79.5 % ) , and CA ( 129 ; 80.6 % ) groups .",outcomes,0,0,6
10945514,"However , the mean number of patients who discontinued treatment due to adverse events was significantly greater in the HI2 group ( 40 ; 26.1 % ) than in the HI1 group ( 23 ; 14.7 % ) ( P = 0.013 ) .",outcomes,0,0,11
10945514,CONCLUSIONS The results of this study suggest that 2-tablet doses of combination hydrocodone 7.5 mg and ibuprofen 200 mg may be more effective than either 1-tablet doses of this combination or 2-tablet doses of combination codeine 30 mg and acetaminophen 300 mg .,interventions,0,4,0
10945514,"Moreover , 1-tablet doses of combination hydrocodone 7.5 mg and ibuprofen 200 mg may be as effective as 2-tablet doses of combination codeine 30 mg and acetaminophen 300 mg .",interventions,0,8,0
10947757,The effect of halothane and isoflurane on plasma cytokine levels .,outcomes,0,2,3
10947757,The aim of this study was to investigate the effect of halothane vs. isoflurane on cytokine production during minor elective surgery .,interventions,0,2,2
10947757,"Forty adult patients , ASA I-II were randomly allocated to receive halothane or isoflurane .",interventions,0,2,0
10947757,"Venous samples for interleukin ( IL ) -1beta , IL-2 , IL-6 , tumour necrosis factor-alpha ( TNF-alpha ) and interferon-gamma ( IFN-gamma ) were taken before anaesthesia , before incision , at the end of anaesthesia and 24 h postoperatively .",none,0,0,0
10947757,"In both groups , IL-6 and TNF-alpha levels remained low throughout the study period .",outcomes,0,0,4
10947757,"Before incision , in both groups IL-1beta and IFN-gamma showed a decrease ( p < 0.01 for IL-1beta in isoflurane group and p < 0.05 for the others ) compared with pre-induction .",outcomes,0,0,4
10947757,"By the end of anaesthesia and surgery , IL-1beta had increased significantly ( p < 0.05 ) and IFN-gamma had decreased significantly ( p < 0.05 ) in both groups compared with pre-incisional levels .",outcomes,0,0,2
10947757,"By 24 h postoperatively in both groups , IL-1beta had decreased significantly ( p < 0.05 ) , whereas IFN-gamma had increased significantly ( p < 0.05 ) compared with the end of anaesthesia and surgery level .",outcomes,0,0,2
10947757,"Pre-incisionally , IL-2 increased in the halothane group ( p < 0.01 ) , whereas it decreased significantly in the isoflurane group ( p < 0.001 ) compared with the pre-induction level .",interventions,0,2,1
10947757,"By the end of anaesthesia and surgery and by 24 h postoperatively , IL-2 had decreased significantly in the halothane group ( p < 0.001 ) , whereas it increased significantly in the isoflurane group ( p < 0.001 ) compared with pre-incision and end of anaesthesia and surgery levels , respectively .",interventions,0,2,1
10957888,"A comparative efficacy and safety study of clarithromycin , roxithromycin and erythromycin stearate in mild pneumonia .",interventions,1,4,3
10957888,"The efficacy and safety of clarithromycin , roxithromycin and erythromycin stearate in mild pneumonia were compared in an open randomized trial .",interventions,0,4,3
10957888,"Eighty-six male patients , doing their obligatory military service , ranging between 19 and 24 years of age ( mean 20 ) , were randomly treated : 29 with clarithromycin 500 mg 12-hourly , 30 with roxithromycin 150 mg 12-hourly , and 27 with erythromycin stearate 500 mg 6-hourly , each course being administered for 10 days .",participants,6,6,0
10957888,"Seventy-eight patients were able to be evaluated for efficacy , 28 receiving clarithromycin , 28 roxithromycin , and 22 erythromycin stearate .",interventions,1,4,1
10957888,"There were no significant differences among the groups in terms of clinical success rates ( clinical cure or improvement : 89 % for clarithromycin , 82 % for roxithromycin , and 73 % for erythromycin stearate , p = 0.32 ) .",outcomes,0,4,5
10957888,"However , we found that there were significant differences among the groups in terms of clinical cure rates ( 75 % for clarithromycin , 64 % for roxithromycin , and 41 % for erythromycin stearate , p = 0.04 ) .",interventions,0,4,3
10957888,"Adverse events , mostly gastrointestinal , caused discontinuation of treatment in 3.4 % of the patients in the clarithromycin group , in 6.6 % of the patients in the roxithromycin group , and in 18.5 % of the patients in the erythromycin stearate group .",outcomes,0,4,5
10957888,"The results indicate that there were no statistically significant differences among the three treatment groups in terms of clinical success rates , but that clarithromycin and roxithromycin were better tolerated .",interventions,0,2,1
10960380,The anesthetic and recovery profile of two doses ( 60 and 80 mg ) of plain mepivacaine for ambulatory spinal anesthesia .,participants,3,2,0
10960380,"UNLABELLED Reports of transient neurological symptoms with the use of subarachnoid lidocaine has generated interest in alternate local anesthetics of intermediate duration , such as mepivacaine .",interventions,0,3,0
10960380,"This prospective randomized , double-blinded , dose-response study examined the anesthetic and recovery profiles of 60- and 80-mg doses of preservative-free plain mepivacaine for ambulatory spinal anesthesia .",interventions,0,3,0
10960380,Sixty patients undergoing ambulatory anterior cruciate ligament repair of the knee under spinal anesthesia were randomized into two groups ; Group 1 ( 29 patients ) received 4 mL of 1.5 % ( 60-mg dose ) and Group 2 ( 31 patients ) received 4 mL of 2 % ( 80-mg dose ) of plain mepivacaine .,participants,4,2,0
10960380,All patients received a combined spinal-epidural anesthetic technique .,interventions,0,3,0
10960380,The epidural catheter was used only in the event the surgery outlasted the duration of surgical anesthesia with subarachnoid mepivacaine .,interventions,0,2,0
10960380,Epidural supplementation was administered in three patients ( 12 % ) in Group 1 and one patient ( 3 % ) in Group 2 when the sensory block regressed to L-1 with surgery expected to last longer than 15 min .,none,0,0,0
10960380,The cephalad dermatome level of the block and degree of motor block was comparable in the two groups .,outcomes,0,0,10
10960380,Times to two-segment and T-10 regression were comparable in the two groups ( 112 +/- 26 min in Group 1 versus 122 +/- 28 min in Group 2 ) .,outcomes,0,0,5
10960380,Time to L-1 regression was significantly longer in Group 2 ( 146 +/- 28 min in Group 1 versus 159 +/- 19 min in Group 2 ) .,outcomes,0,0,4
10960380,All of the ambulatory milestones were significantly faster in Group 1 .,none,0,0,0
10960380,"Side effects , such as hypotension and emesis were negligible , severe bradycardia and urinary retention did not occur , and none of the patients in the two groups reported transient neurological symptoms over 24 h. In conclusion , plain mepivacaine in a 60- or 80-mg dose is a suitable local anesthetic choice for ambulatory spinal anesthesia with respect to anesthetic , as well as recovery profiles .",outcomes,0,1,9
10960380,IMPLICATIONS We evaluated the anesthetic and recovery profiles of 60- and 80-mg doses of plain mepivacaine for ambulatory spinal anesthesia .,none,0,0,0
10960380,Both doses produced comparable sensory and motor block .,none,0,0,0
10960380,Sensory and motor regression and ambulatory milestones were 20-30 min longer with the 80-mg dose .,outcomes,0,0,4
10960380,Side effects were negligible and transient neurological symptoms were not reported during a 24-h follow-up .,outcomes,0,0,5
10963640,Epirubicin-based chemotherapy in metastatic breast cancer patients : role of dose-intensity and duration of treatment .,participants,3,2,0
10963640,PURPOSE To determine whether the duration and the dose of epirubicin modify the long-term outcome of patients with metastatic breast cancer ( MBC ) .,participants,6,1,0
10963640,"PATIENTS AND METHODS Four hundred seventeen anthracycline-naive MBC patients were randomized to receive one of the following regimens : arm A : 11 cycles of fluorouracil 500 mg/m ( 2 ) , epirubicin 75 mg/m ( 2 ) , and cyclophosphamide 500 mg/m ( 2 ) ( FEC 75 ) every 21 days ; arm B : four cycles of FEC 100 ( same regimen but with epirubicin 100 mg/m ( 2 ) ) then eight cycles of FEC 50 ( epirubicin 50 mg/m ( 2 ) ) ; and arm C : four cycles of FEC 100 then restart the same regimen at disease progression in case of prior response or stabilization .",interventions,5,13,0
10963640,RESULTS Hematologic toxicity was similar .,outcomes,0,0,2
10963640,"Nausea/vomiting and stomatitis were significantly less frequent in arm A as was left ventricular ejection fraction decrease in arm C ( A = six patients , B = five patients , and C = one patient ) .",outcomes,0,0,7
10963640,Six patients died of infections ( A = four patients and C = two patients ) .,outcomes,0,0,3
10963640,"After four cycles , the objective response rate ( ORR ) was better with FEC 100 than with FEC 75 ( 49.2 % v 40 % , respectively ; P : =.07 ) .",outcomes,0,2,6
10963640,"The ORR was better with the longer regimens ( arm A , 56.9 % ; B , 64 % ; and C , 47.6 % ; P : =.06 ) and was 41 % after second-line FEC 100 .",interventions,0,1,1
10963640,"After a median follow-up of 41 months , the response duration and time to progression ( TTP ) were significantly better with arm B , the longer regimen ( P : =.012 and P : < 10 ( -3 ) , respectively ) .",outcomes,0,0,9
10963640,"The median survival times for arms A , B , and C were similar ( 17.9 , 18.9 , and 16 .",outcomes,0,0,3
10963640,"3 months , respectively ; P : =.49 ) .",none,0,0,0
10963640,"CONCLUSION In MBC , longer epirubicin-based regimens are better in terms of response duration and TTP .",outcomes,0,0,4
10963640,FEC 100 regimens improve the ORR .,interventions,0,1,1
10963640,"However , four initial cycles of FEC 100 and identical retreatment at disease progression yielded equivalent overall survival to longer regimens .",outcomes,0,1,2
10968308,The effect of case management on the costs of health care for enrollees in Medicare Plus Choice plans : a randomized trial .,outcomes,0,2,4
10968308,OBJECTIVE To measure the effects of case management on an older population 's costs of health care .,outcomes,3,0,4
10968308,DESIGN A 1-year randomized controlled trial .,none,0,0,0
10968308,"SETTING Multiple sites of care in San Francisco , California .",none,0,0,0
10968308,PARTICIPANTS Patients aged 65 or older of primary care physicians in a large provider organization bearing financial risk for their care ( n = 6409 ) .,participants,5,0,0
10968308,INTERVENTION Screening for high risk and provision of social work-based case management .,interventions,0,12,0
10968308,"OUTCOME MEASURES Volume and cost of hospital , physician , case management , and other health-related services .",outcomes,0,0,15
10968308,"RESULTS The experimental group used more case management services than the control group ( 0.09 vs. 0.02 months per person , P < .001 ) .",outcomes,0,0,3
10968308,"The experimental group 's average total payments for health care were slightly lower ( $ 3148 vs $ 3277 , P = .40 ) .",outcomes,0,0,5
10968308,CONCLUSIONS This study provides no statistically significant evidence that social work-oriented case management reduces the use or the cost of health care for high-risk older people .,outcomes,0,0,4
10968308,"Other potentially favorable effects of this type of case management need to be evaluated , as do the effects of other types of case management .",none,0,0,0
10969304,Physostigmine reverses propofol-induced unconsciousness and attenuation of the auditory steady state response and bispectral index in human volunteers .,interventions,0,1,0
10969304,BACKGROUND It is postulated that alteration of central cholinergic transmission plays an important role in the mechanism by which anesthetics produce unconsciousness .,none,0,0,0
10969304,"The authors investigated the effect of altering central cholinergic transmission , by physostigmine and scopolamine , on unconsciousness produced by propofol .",interventions,0,2,0
10969304,"METHODS Propofol was administered to American Society of Anesthesiologists physical status 1 ( n = 17 ) volunteers with use of a computer-controlled infusion pump at increasing concentrations until unconsciousness resulted ( inability to respond to verbal commands , abolition of spontaneous movement ) .",participants,8,1,0
10969304,Central nervous system function was assessed by use of the Auditory Steady State Response ( ASSR ) and Bispectral Index ( BIS ) analysis of electrooculogram .,outcomes,0,0,21
10969304,"During continuous administration of propofol , reversal of unconsciousness produced by physostigmine ( 28 microgram/kg ) and block of this reversal by scopolamine ( 8.6 microgram/kg ) were evaluated .",outcomes,0,2,7
10969304,RESULTS Propofol produced unconsciousness at a plasma concentration of 3.2 +/- 0.8 ( +/- SD ) microgram/ml ( n = 17 ) .,outcomes,0,0,3
10969304,"Unconsciousness was associated with reductions in ASSR ( 0.10 +/- 0.08 microV [ awake baseline 0.32 +/- 0.18 microV ] , P < 0.001 ) and BIS ( 55.7 +/- 8.8 [ awake baseline 92.4 +/- 3.9 ] , P < 0.001 ) .",outcomes,0,0,3
10969304,"Physostigmine restored consciousness in 9 of 11 subjects , with concomitant increases in ASSR ( 0.38 +/- 0.17 microV , P < 0.01 ) and BIS ( 75.3 +/- 8.3 , P < 0.001 ) .",outcomes,0,0,4
10969304,"In all subjects ( n = 6 ) scopolamine blocked the physostigmine-induced reversal of unconsciousness and the increase of the ASSR and BIS ( ASSR and BIS during propofol-induced unconsciousness : 0.09 +/- 0.09 microV and 58.2 +/- 7.5 , respectively ; ASSR and BIS after physostigmine administration : 0.08 +/- 0.06 microV and 56.8 +/- 6.7 , respectively , NS ) .",outcomes,0,0,17
10969304,CONCLUSIONS These findings suggest that the unconsciousness produced by propofol is mediated at least in part via interruption of central cholinergic muscarinic transmission .,none,0,0,0
10971307,"Influence of asimadoline , a new kappa-opioid receptor agonist , on tubular water absorption and vasopressin secretion in man .",participants,5,1,0
10971307,"AIMS The purpose of the study was to investigate the effects of asimadoline , a new kappa-opioid agonist , on renal function and on hormones related to body fluid balance as well as its tolerability in healthy subjects .",participants,2,1,1
10971307,"METHODS In a placebo-controlled , randomised , double-blind crossover design we studied the effects of single oral doses of 1 , 5 , and 10 mg of asimadoline , in 24 healthy volunteers .",interventions,1,10,0
10971307,Two hour control urine collections were followed by 2 h postdose urine collections and subsequently 2.5 % saline was given i.v .,interventions,0,3,0
10971307,at a rate of 0.3 ml min ( -1 ) kg ( -1 ) during another 2 h urine collection .,none,0,0,0
10971307,Blood was obtained hourly .,none,0,0,0
10971307,"Arginine-vasopressin ( AVP ) , atrial natriuretic peptide ( alpha-hANP ) , endothelin ( ET-1 ) and cAMP were determined by r.i.a .",outcomes,0,0,16
10971307,"RESULTS GC-MS measurements revealed Cmax values of asimadoline in plasma ranging from 18 ng ml ( -1 ) at the 1 mg dose , 91 ng ml ( -1 ) at the 5 mg dose , to 214 ng ml ( -1 ) at the 10 mg dose after an average of 1.1-1.4 h. Without effects on blood pressure , heart rate , GFR or urine electrolyte excretion , urine volume increased after 1-2 h after administration of 5 and 10 mg asimadoline from 3.3+/-1.3 to 5.6+/-1.4 ( P < 0.05 ) and from 3.2 +/-1.6 to 5.5+/-2.2 ml min ( -1 ) ( P < 0.01 ) , respectively .",outcomes,0,0,16
10971307,CH2O rose from 0.2+/-1.5 to 2.0+/-1.6 ( P < 0.05 ) and from 0.6+/-1.6 to 3.0+/-1.6 ml min ( -1 ) ( P < 0.01 ) .,outcomes,0,0,1
10971307,Urinary excretion of AVP was suppressed only with the 10 mg dose from 46+/-23 to 25+/-15 fmol min ( -1 ) ( P < 0.05 ) without and from 410+/-206 to 181+/-125 fmol min ( -1 ) ( P < 0.05 ) with stimulation by 2.5 % saline .,outcomes,0,0,2
10971307,Plasma AVP was suppressed only by the 10 mg dose of asimadoline in six of eight subjects during the 2.5 % saline infusion .,outcomes,0,0,2
10971307,Changes in the alpha-hANP or ET-1 systems were not affected by asimadoline .,none,0,0,0
10971307,CONCLUSIONS Asimadoline is diuretic in man after single doses of 5 or 10 mg probably through a direct effect at the renal tubular level .,none,0,0,0
10971307,Suppression of AVP secretion was observed only at the highest dose level of 10 mg of asimadoline .,none,0,0,0
10971538,Uvulopalatopharyngoplasty versus laser assisted uvulopalatoplasty for the treatment of snoring : an objective randomised clinical trial .,interventions,0,4,0
10971538,This study was designed to evaluate objectively the clinical effectiveness of surgery for snoring and to compare the results of conventional uvulopalatopharyngoplasty ( UPPP ) and laser assisted uvulopalatoplasty ( LAUP ) in the treatment of snoring .,interventions,0,11,0
10971538,Patients who had been referred for investigation and treatment of their snoring were randomly allocated to receive either UPPP or LAUP .,interventions,1,2,0
10971538,Forty-seven patients with confirmed palatal flutter had surgery and all of them had a preoperative and postoperative objective assessment of their snoring loudness and duration in the home .,outcomes,1,0,6
10971538,"The recording device ( Snore Box ) is simple for the patient to operate , portable with a built in microphone , and able to produce objective results , which can be automatically analysed .",none,0,0,0
10971538,"Of the 38 patients , who had technically valid recordings , 22 underwent LAUP and 16 UPPP .",interventions,0,1,0
10971538,"Overall the mean postoperative Snore Index ( SI ) was less than the preoperative SI ( P < 0.0001 ) , the average difference being 78.2 snores/h .",outcomes,0,0,8
10971538,There was no significant difference between the LAUP and UPPP regarding the fall in the SI .,outcomes,0,0,1
10971538,This study is the first objective comparative study to demonstrate the effectiveness of snoring surgery .,outcomes,0,0,4
10973645,"Randomized trial of a "" stage-of-change "" oriented smoking cessation intervention in infertile and pregnant women .",interventions,5,7,0
10973645,"OBJECTIVE To assess a "" stage-of-change "" oriented smoking cessation intervention for infertile and pregnant women , compared with standard of care .",interventions,0,7,0
10973645,DESIGN Randomized controlled trial .,none,0,0,0
10973645,"SETTING Three university teaching hospitals in Hamilton , Ontario , Canada .",none,0,0,0
10973645,PATIENT ( S ) Infertile women at their first visit to a tertiary referral infertility clinic ( n = 94 ) and new patients seeking pre-natal care ( n = 110 ) who had smoked > /= 3 cigarettes in the past six months .,participants,2,0,0
10973645,"INTERVENTION ( S ) A three to five minute scripted intervention and booklet specific to the woman 's "" stage-of-change "" in the smoking continuum , versus standard of care .",interventions,0,10,0
10973645,Exhaled carbon-monoxide ( CO ) monitoring was used to validate exposure in both groups .,interventions,0,6,0
10973645,"MAIN OUTCOME MEASURE ( S ) Delta "" stage-of-change "" and rate of maintained cessation at 12 months post follow-up .",outcomes,0,0,9
10973645,"RESULT ( S ) Intervention and control were similarly effective for infertile women : the rate of maintained cessation rose significantly from 4 % to 24 % over twelve months , with a mean delta "" stage-of-change "" 0.28 .",outcomes,0,0,9
10973645,"In prenatal women , neither approach was effective .",none,0,0,0
10973645,Maintained cessation did not significantly change from 0 to 12 months ( 19 % to 18 % ) .,outcomes,0,0,2
10973645,"Mean delta "" stage-of-change "" declined by -0.62 .",outcomes,0,0,4
10973645,"CONCLUSION ( S ) For infertile women , basic information describing the impact of smoking on fertility , along with exhaled CO monitoring and a more intensive intervention were both highly effective .",none,0,0,0
10973645,"In pregnant women neither approach was beneficial , with some evidence of post-partum relapse .",none,0,0,0
10986219,"Effect of L-ornithine-L-aspartate on patients with and without TIPS undergoing glutamine challenge : a double blind , placebo controlled trial .",participants,9,1,0
10986219,BACKGROUND AND AIM An oral glutamine load in cirrhotic patients awaiting liver transplantation was shown to cause a rise in blood ammonia and psychometric abnormalities which were reversed by hepatic transplantation .,outcomes,0,0,4
10986219,L-Ornithine-L-aspartate ( LOLA ) has been shown to reduce ammonia and improve psychometric function in patients with hepatic encephalopathy .,interventions,0,4,3
10986219,The aim of the present study was to assess the effect of LOLA in healthy patients with cirrhosis and no evidence of clinical encephalopathy after challenging the central nervous system by administration of oral glutamine .,interventions,0,1,0
10986219,"PATIENTS AND METHODS Eight cirrhotics ( Child 's B or C ) without transjugular intrahepatic portosystemic shunts ( TIPS ) and seven with TIPS underwent two oral glutamine ( 20 g ) challenges , receiving LOLA ( 5 g intravenously ) on one occasion and placebo on the other in random order .",interventions,0,9,0
10986219,"Psychometric tests , including choice reaction time ( CRT ) and number connection test , were performed before and after glutamine , together with electroencephalography and blood ammonia .",none,0,0,0
10986219,RESULTS Mean basal ammonia was 27 ( SEM 5 ) micromol/l in non-TIPS and 76 ( 10 ) micromol/l in TIPS patients ( p < 0.05 ) .,outcomes,0,0,3
10986219,Basal CRT 2 was 0.643 ( 0.033 ) s in non-TIPS and 0.825 ( 0.076 ) s in TIPS patients ( p < 0.02 ) .,outcomes,0,0,3
10986219,"In non-TIPS patients , ammonia increased to 36 ( 10 ) micromol/l when LOLA was administered and to 62 ( 13 ) micromol/l with placebo ( p < 0.02 ) .",interventions,0,1,1
10986219,"There was no alteration in psychometric function in non-TIPS patients after glutamine when LOLA was given but when placebo was given , glutamine caused prolongation of CRT ( p=0.02 ) .",outcomes,0,2,3
10986219,Glutamine did not affect psychometric function in TIPS patients with or without LOLA .,outcomes,0,0,2
10986219,CONCLUSION This study showed that LOLA ameliorated the deleterious psychometric effects of glutamine in Child 's grade B and C patients with cirrhosis without TIPS and supports its use in clinical practice in hepatic encephalopathy .,outcomes,0,1,2
10986363,Superior modulation of activation levels of stimulus representations does not underlie superior discrimination in autism .,none,0,0,0
10986363,The performance of children with and without autism was compared in object-based positive and negative priming tasks within a visual search procedure .,interventions,0,10,0
10986363,Object-based positive and negative priming effects were found in both groups of children .,outcomes,0,0,5
10986363,This result provides the first evidence for the activation of object-based representations during visual search task performance and further supports the notion that both excitatory and inhibitory guidance mechanisms are involved in target location in visual search .,outcomes,0,4,7
10986363,"The children with autism were overall better than the typically developing children at visual search , thus replicating demonstrations of superior discrimination in autism .",outcomes,0,0,2
10986363,"Furthermore , there was no difference between the magnitude of the positive nor the negative priming effects of the groups .",outcomes,0,0,2
10986363,This finding suggests that excitatory and inhibitory control operate comparably in autism and normal development .,outcomes,0,0,8
10986363,These results are discussed in the light of the superior ability of individuals with autism to discriminate between items .,none,0,0,0
10986363,"More specifically , it is argued that superior discrimination in autism does not result from enhanced top-down excitatory and inhibitory control .",none,0,0,0
10992833,Onset/offset characteristics and intubating conditions of rapacuronium : a comparison with rocuronium .,outcomes,0,0,5
10992833,"We compared onset and offset of action and tracheal intubating conditions after rapacuronium and rocuronium in 60 patients in a randomized , assessor-blinded study .",outcomes,5,2,9
10992833,"Following induction of anaesthesia with propofol 2.5 mg kg-1 , either rapacuronium 1.5 mg kg-1 ( n = 30 ) or rocuronium 0.6 mg kg-1 ( n = 30 ) was administered to facilitate tracheal intubation .",interventions,0,3,0
10992833,"Anaesthesia was maintained with either a propofol infusion ( 100 micrograms kg-1 min-1 ) or sevoflurane ( 1 % end-tidal ) with 66 % nitrous oxide ( N2O ) , n = 15 in each subgroup .",interventions,0,22,0
10992833,Neuromuscular monitoring was performed using an electromyographic ( EMG ) device ( Datex Relaxograph ) .,interventions,0,3,2
10992833,"The lag times ( mean 42 ( SD 11 ) s and 44 ( 16 ) s ) , maximum block ( 99 ( 2 ) % and 98 ( 3 ) % ) and intubating conditions at 60 s ( good-to-excellent in 86 % and 84 % of patients ) were similar for rapacuronium and rocuronium , respectively .",outcomes,0,0,9
10992833,"The onset time of rapacuronium was shorter than rocuronium ( 87 ( 20 ) vs 141 ( 65 ) s , P < 0.001 ) , and the degree of block at 60 s was greater ( 69 ( 26 ) vs 50 ( 27 ) % , P < 0.05 ) .",outcomes,0,0,8
10992833,"Twenty-five per cent recovery was shorter with rapacuronium than rocuronium during propofol ( 15.0 ( 3.2 ) vs 39.1 ( 14.2 ) min , P < 0.001 ) and sevoflurane ( 15.1 ( 4.2 ) vs 47.8 ( 19.0 ) min , P < 0.001 ) anaesthesia .",outcomes,0,0,1
10992833,"We conclude that rapacuronium 1.5 mg kg-1 had a more rapid onset , similar intubating conditions , and shorter recovery times than rocuronium 0.6 mg kg-1 .",outcomes,0,0,2
10992834,Comparison of succinylcholine with two doses of rocuronium using a new method of monitoring neuromuscular block at the laryngeal muscles by surface laryngeal electromyography .,participants,9,2,2
10992834,"We compared the onset of neuromuscular block with succinylcholine ( 1 mg kg-1 ) and two doses of rocuronium ( 0.6 and 0.9 mg kg-1 ) at the adductor pollicis muscle using electromyography ( EMG ) and acceleromyography ( AMG ) , and at the adductor laryngeal muscles with a new electromyographic method using a disposable surface electrode attached to the cuff of a tracheal tube .",interventions,0,26,4
10992834,"At the larynx , the mean ( +/- SD ) time to 90 % block and the onset time of succinylcholine ( 38 +/- 15 and 47 +/- 19 s , respectively ) were significantly shorter ( P < 0.01 ) than for rocuronium 0.6 mg kg-1 ( 92 +/- 42 and 106 +/- 38 s ) and rocuronium 0.9 mg kg-1 ( 52 +/- 31 and 64 +/- 30 s ) .",outcomes,0,3,11
10992834,"We found that , with comparable degrees of neuromuscular block , the onset time of succinylcholine at the adductor pollicis was significantly shorter ( P < 0.01 ) than for rocuronium 0.6 mg kg-1 and 0.9 mg kg-1 ( EMG , 80 +/- 39 vs 145 +/- 48 s and 99 +/- 31 s ; AMG , 90 +/- 39 vs 124 +/- 53 s and 106 +/- 38 s ) .",outcomes,0,1,10
10992834,"Clinical duration at the adductor pollicis ( AMG ) was significantly longer ( P < 0.01 ) for both rocuronium groups than for succinylcholine ( T4 : T1 = 0.7 , 54 +/- 18 and 77 +/- 21 vs 8 +/- 6 min ) .",outcomes,0,2,9
10992834,"The surface laryngeal electrode proved non-invasive , easy to use and reliable in measuring onset of the neuromuscular block at the larynx .",outcomes,0,0,5
10993031,"Sublingual administration of micronized estradiol and progesterone , with and without micronized testosterone : effect on biochemical markers of bone metabolism and bone mineral density .",participants,10,5,6
10993031,"OBJECTIVES The purpose of this investigation was to evaluate the relative efficacy of the sublingual administration of micronized estradiol ( E2 ) , progesterone ( P4 ) , and testosterone ( T ) on bone mineral density and biochemical markers of bone metabolism .",interventions,10,13,0
10993031,"DESIGN In this double-blind , prospective study , postmenopausal women were randomly assigned to one of four treatment groups : hysterectomized women were assigned to either 1 ) micronized E2 ( 0.5 mg ) or 2 ) micronized E2 ( 0.5 mg ) + micronized T ( 1.25 mg ) .",interventions,0,6,0
10993031,Women with intact uteri were assigned to either 3 ) micronized E2 ( 0.5 mg ) + micronized P4 ( 100 mg ) or 4 ) micronized E2 ( 0.5 mg ) + micronized P4 ( 100 mcg ) + micronized T ( 1.25 mg ) .,interventions,0,12,0
10993031,"For the purpose of this study , the four treatment groups were combined into two groups for all comparisons .",none,0,0,0
10993031,"The E2 and E2+P4 groups were combined into the HRT alone group ( n=30 ) , and the E2+T and E2+P4+T groups were combined into the HRT + T group ( n=27 ) .",interventions,0,7,0
10993031,Hormones were administered sublingually as a single tablet twice a day for 12 months .,none,0,0,0
10993031,Bone mineral density was measured in the anterior-posterior lumbar spine and total left hip via dual energy x-ray absorptiometry .,outcomes,0,0,3
10993031,"Bone metabolism was assessed via serum bone-specific alkaline phosphatase and urinary deoxypyridinoline and cross-linked N-telopeptide of type I collagen , both normalized to creatinine .",outcomes,0,0,2
10993031,Data were analyzed via a repeated measures analysis of variance and a Student 's t test ( alpha=0.05 ) .,none,0,0,0
10993031,"RESULTS The subjects were of similar age ( 54.0 +/- 0.8 years ) , height ( 64.0 +/- 0.3 in ) , weight ( 157.6 +/- 4.2 lb ) , and had similar baseline follicle-stimulating hormone ( 66.4 +/- 3.2 mIU/L ) , E2 ( 26.4 +/- 1.5 pg/ml ) , P4 ( 0.3 +/- 0.1 ng/ml ) , total T ( 19.0 +/- 1.5 ng/dL ) , and bioavailable T ( 3.7 +/- 0.3 ng/dL ) levels .",none,0,0,0
10993031,"During therapy , serum levels increased ( p < 0.05 ) for each hormone .",none,0,0,0
10993031,Bone mineral density and bone markers at baseline were similar for each treatment group .,outcomes,0,0,6
10993031,Bone-specific alkaline phosphatase decreased ( p < 0.05 ) by -14.3 +/- 4.1 % in the HRT alone group and by -8.2 +/- 4.6 % in the HRT + T group .,interventions,0,4,3
10993031,"Deoxypyridinoline levels decreased significantly in the HRT alone and HRT + T groups , - 14.4 +/- 6.8 % and -26.9 +/- 7.6 % , respectively .",interventions,0,5,1
10993031,"Significant reductions ( p < 0.05 ) in cross-linked N-telopeptide of type I collagen were also observed in both groups , -24.4 +/- 6.5 % and -39.5 +/- 8.6 % , respectively .",outcomes,0,0,6
10993031,Bone mineral density in the lumbar spine increased ( p < 0.05 ) by +2.2 +/- 0.5 % the HRT alone group and by + 1.8 +/- 0.6 % in the HRT + T group .,outcomes,0,5,7
10993031,Total hip bone mineral density was maintained in the HRT alone group ( +0.4 +/- 0.4 % ) and increased ( p < 0.05 ) in the HRT + T group ( + 1.8 +/- 0.5 % ) .,interventions,0,5,5
10993031,"CONCLUSIONS Sublingual micronized HRT favorably decreases serum and urine markers of bone metabolism , prevents bone loss , and results in a slight increase in spine and hip bone mineral density .",outcomes,0,1,16
10993031,"Although the addition of testosterone to HRT for 1 year did not result in added benefit to the spine bone mineral density , it did result in a significant increase in hip bone mineral density .",outcomes,0,1,9
10993031,Longer duration of therapy may have further improved these outcomes .,none,0,0,0
10997806,Paclitaxel ( 175 mg/m2 ) plus carboplatin ( 6 AUC ) versus paclitaxel ( 225 mg/m2 ) plus carboplatin ( 6 AUC ) in advanced non-small-cell lung cancer ( NSCLC ) : a multicenter randomized trial .,participants,6,5,0
10997806,Hellenic Cooperative Oncology Group ( HeCOG ) .,none,0,0,0
10997806,"PURPOSE The combination of paclitaxel and carboplatin has become a widely used regimen in NSCLC due to phase II reports of moderate toxicity , reasonable activity and easy outpatient administration .",interventions,0,2,0
10997806,Purpose of our present prospective study was to evaluate the dose response relationship of paclitaxel .,outcomes,0,0,2
10997806,"PATIENTS AND METHODS Since July 1996 , 198 patients with non-operable NSCLC and measurable disease without previous chemotherapy entered the trial .",participants,3,1,0
10997806,Ninety nine patients ( group A ) were randomized to receive paclitaxel 175 mg/m2 in three-hour infusion plus carboplatin dosed to an area under the concentration-time curve of 6 every 3 weeks and 99 ( group B ) to receive the same regimen with paclitaxel increased to 225 mg/m2 .,interventions,2,4,0
10997806,"Eligibility criteria included WHO performance status 0-2 , documented inoperable stage IIIA and IIIB , IV , no brain metastasis , no prior chemotherapy and adequate renal and hepatic function .",interventions,0,1,0
10997806,Patients in both groups were well-matched with baseline disease characteristics .,none,0,0,0
10997806,"RESULTS In group A with 90 evaluable patients , the response rate was 25.6 % ( 6 CR , 17 PR ) whereas in group B with 88 evaluable patients , the response rate was 31.8 % ( 3 CR , 25 PR ) , P = 0.733 .",outcomes,0,0,4
10997806,"Median time to progression favored the high-dose paclitaxel ( 4.3 vs. 6.4 months , P = 0.044 ) .",outcomes,0,0,4
10997806,The median survival was 9.5 months for group A versus 11.4 months for group B ( P = 0.16 ) .,outcomes,0,0,2
10997806,The one-year survival was 37 % for group A and 44 % for group B ( P = 0.35 ) .,outcomes,0,0,2
10997806,The best prognostic factor for one-year survival was the response rate ( P < 0.0001 ) .,outcomes,0,0,4
10997806,"With a relative dose intensity of paclitaxel 0.94 in both groups , neurotoxicity ( P = 0.025 ) and leucopenia ( P = 0.038 ) were more pronounced in group B patients .",outcomes,0,0,2
10997806,No toxic death was observed .,outcomes,0,0,2
10997806,CONCLUSIONS Higher dose paclitaxel prolongs the median time to progression but causes more neurotoxicity and leucopenia .,none,0,0,0
10997806,"The better response rate , the longer overall and better one-year survival seen with the higher dose of paclitaxel are not statistically significant .",none,0,0,0
1100179,Analysis of treatment in childhood leukaemia .,outcomes,0,0,3
1100179,I. Predisposition to methotrexate-induced neutropenia after craniospinal irradiation .,none,0,0,0
1100179,Report to the Medical Research Council of the Working Party on Leukaemia in Childhood .,none,0,0,0
1100179,The degree of drug-induced neutropenia resulting from a controlled trial ( UKALL I ) of treatment in acute lymphoblastic leukaemia was analysed .,outcomes,0,0,1
1100179,"The main agent associated with severe neutropenia was methotrexate , and methotrexate-induced neutropenia was significantly greater in patients who had received craniospinal irradiation .",outcomes,0,1,4
1100179,The synergistic toxic effect of irradiation followed by methotrexate treatment seems to have contributed to three of the five deaths which occurred in complete remission in this trial ; all deaths in remission occurred in patients who had received central nervous system prophylaxis .,outcomes,0,0,7
1100179,"Analysis of patients who subsequently relapsed compared with those still in remission after 18 months of treatment indicated that the former , on average , had slightly lower neutrophil counts .",outcomes,0,0,3
1100179,This suggests that the children who relapsed did not receive any less aggressive treatment than those who remained in remission .,none,0,0,0
11004058,The effect of systemic lidocaine on pain and secondary hyperalgesia associated with the heat/capsaicin sensitization model in healthy volunteers .,participants,8,1,3
11004058,"UNLABELLED Although effective in neuropathic pain , the efficacy of systemic lidocaine in non-neuropathic pain remains uncertain .",participants,2,1,0
11004058,We investigated the analgesic effect of systemic lidocaine on the heat/capsaicin sensitization model of experimental pain in 24 volunteers .,participants,6,2,0
11004058,"Sensitization was produced by heating the skin to 45 degrees C for 5 min , followed by a 30-min application of 0.075 % capsaicin cream , and maintained by periodically reheating the sensitized skin .",interventions,0,5,0
11004058,"Subjects received IV lidocaine ( bolus 2 mg/kg , then infusion 3 mg. kg .",interventions,0,1,0
11004058,"h ) , or saline for 85 min .",interventions,0,1,0
11004058,"Areas of secondary hyperalgesia , heat pain detection thresholds , and painfulness of stimulation with 45 degrees C for 1 min ( long thermal stimulation ) were quantified .",none,0,0,0
11004058,"Systemic lidocaine reduced the area of secondary hyperalgesia to brush , but not to von Frey hair stimulation .",outcomes,0,1,2
11004058,Lidocaine did not alter heat pain detection thresholds or painfulness of long thermal stimulation in normal skin .,outcomes,0,1,9
11004058,"We conclude that , at infusion rates in the low- to mid-antiarrhythmic range , lidocaine has no effect on acute nociceptive pain but does have a limited and selective effect on secondary hyperalgesia .",outcomes,0,0,5
11004058,IMPLICATIONS The efficacy of systemic lidocaine in nonneuropathic pain remains uncertain .,outcomes,0,1,3
11004058,This study investigates the effect of systemic lidocaine on experimental-induced hyperalgesia in 25 volunteers .,outcomes,0,1,2
11004058,Hyperalgesia was induced by using an experimental pain model that uses heat and capsaicin in combination .,outcomes,0,0,1
11004058,Systemic lidocaine showed a selective effect on secondary hyperalgesia .,interventions,0,1,0
11013280,Phase III comparative study of high-dose cisplatin versus a combination of paclitaxel and cisplatin in patients with advanced non-small-cell lung cancer .,participants,7,5,0
11013280,PURPOSE New effective chemotherapy is needed to improve the outcome of patients with advanced non-small-cell lung cancer ( NSCLC ) .,participants,10,0,0
11013280,Paclitaxel administered as a single agent or in combination with cisplatin has been shown to be a potentially new useful agent for the treatment of NSCLC .,interventions,0,2,0
11013280,"PATIENTS AND METHODS Between January 1995 and April 1996 , 414 patients with stage IIIB or IV NSCLC were randomized to received either a control arm of high-dose cisplatin ( 100 mg/m ( 2 ) ) or a combination of paclitaxel ( 175 mg/m ( 2 ) , 3-hour infusion ) and cisplatin ( 80 mg/m ( 2 ) ) every 21 days .",interventions,0,6,0
11013280,"RESULTS Compared with the cisplatin-only arm , there was a 9 % improvement ( 95 % confidence interval , 0 % to 19 % ) in overall response rate for the paclitaxel/cisplatin arm ( 17 % v 26 % , respectively ; P=.028 ) .",outcomes,0,1,3
11013280,"Median time to progression was 2.7 and 4.1 months in the control and paclitaxel/cisplatin arm , respectively ( P=.026 ) .",outcomes,0,1,4
11013280,"The study , however , failed to show a significant improvement in median survival for the paclitaxel/cisplatin arm ( 8.6 months in the control arm v 8.1 months in the paclitaxel/cisplatin arm , P=.862 ) .",outcomes,0,1,2
11013280,"There was more hematotoxicity , peripheral neuropathy , and arthralgia/myalgia on the paclitaxel/cisplatin arm , whereas the high-dose cisplatin arm produced more ototoxicity , nausea , vomiting , and nephrotoxicity .",outcomes,0,2,16
11013280,Quality of life ( QOL ) was similar overall between the two arms .,outcomes,0,0,6
11013280,CONCLUSION This large randomized phase III trial failed to show a significant improvement in survival for the paclitaxel/cisplatin combination compared with high-dose cisplatin in patients with advanced NSCLC .,interventions,0,2,0
11013280,"However , the paclitaxel/cisplatin combination did produce a better clinical response , resulting in an increased time to progression while providing a similar QOL .",interventions,0,1,0
11013281,Treatment of brain metastases of small-cell lung cancer : comparing teniposide and teniposide with whole-brain radiotherapy -- a phase III study of the European Organization for the Research and Treatment of Cancer Lung Cancer Cooperative Group .,interventions,0,5,0
11013281,PURPOSE Approximately 60 % of patients with small-cell lung cancer ( SCLC ) develop brain metastases .,participants,8,0,0
11013281,Whole-brain radiotherapy ( WBRT ) gives symptomatic improvement in more than 50 % of these patients .,interventions,0,5,0
11013281,"Because brain metastases are a sign of systemic progression , and chemotherapy was found to be effective as well , it becomes questionable whether WBRT is the only appropriate therapy in this situation .",interventions,0,1,0
11013281,"PATIENTS AND METHODS In a phase III study , SCLC patients with brain metastases were randomized to receive teniposide with or without WBRT .",interventions,0,2,0
11013281,"Teniposide 120 mg/m ( 2 ) was given intravenously three times a week , every 3 weeks .",interventions,0,1,0
11013281,WBRT ( 10 fractions of 3 Gy ) had to start within 3 weeks from the start of chemotherapy .,interventions,0,2,0
11013281,Response was measured clinically and by computed tomography of the brain .,outcomes,0,0,6
11013281,RESULTS One hundred twenty eligible patients were randomized .,participants,5,0,0
11013281,"A 57 % response rate was seen in the combined-modality arm ( 95 % confidence interval [ CI ] , 43 % to 69 % ) , and a 22 % response rate was seen in the teniposide-alone arm ( 95 % CI , 12 % to 34 % ) ( P < .001 ) .",outcomes,0,1,4
11013281,Time to progression in the brain was longer in the combined-modality group ( P=.005 ) .,outcomes,0,0,7
11013281,Clinical response and response outside the brain were not different .,outcomes,0,0,2
11013281,The median survival time was 3.5 months in the combined-modality arm and 3.2 months in the teniposide-alone arm .,outcomes,0,1,3
11013281,Overall survival in both groups was not different ( P=.087 ) .,none,0,0,0
11013281,CONCLUSION Adding WBRT to teniposide results in a much higher response rate of brain metastases and in a longer time to progression of brain metastases than teniposide alone .,interventions,0,2,2
11013281,Survival was poor in both groups and not significantly different .,outcomes,0,0,1
11013775,[ Effectiveness of morphine by periarticular injections after shoulder arthroscopy ] .,interventions,0,1,0
11013775,Peripheral opioid receptors have been found in inflamed synovia and the analgesic effect of intra-articularly administered morphine after arthroscopic knee surgery has been proven .,interventions,0,1,0
11013775,There is controversy about efficacy of intraarticular morphine after shoulder arthroscopy .,interventions,0,1,0
11013775,Thirty-two patients with impingement syndrome underwent subacromial decompression in the course of arthroscopic shoulder surgery .,interventions,0,3,0
11013775,At the end of the operation morphine ( 5 mg ) or saline was injected periarticularly .,interventions,0,7,0
11013775,"Pain intensity ( rest and passive mobilisation ) was recorded after recovery and after 1,2,4 , and 24 hours ( Numeric Rating Scale ) ; the use of rescue medication ( piritramide by patient controlled analgesia ) was noted .",outcomes,0,1,14
11013775,No relevant pain reduction was apparent in the morphine group .,outcomes,0,0,2
11013775,Piritramide consumption was identical in both groups ( 19.7 +/- 16 mg vs. 19.8 +/- 19 mg ) .,outcomes,0,1,2
11013775,We conclude that periarticularly administered morphine in arthroscopic subacromial decompression in the dosage applied in this study does exert no relevant analgesic effect .,outcomes,0,1,2
11013775,"This is possibly due to the fact that either subacromial tissue , despite of chronic inflammation , does not show the same reagibility as synovia or it is a problem of the nearly complete resection of the subacromial bursa .",none,0,0,0
11015817,Cost-effectiveness of clozapine compared with conventional antipsychotic medication for patients in state hospitals .,participants,4,0,0
11015817,"BACKGROUND An open-label , randomized controlled trial compared clozapine with physicians'-choice medications among long-term state hospital inpatients in Connecticut .",participants,4,1,0
11015817,The goal was to examine clozapine 's cost-effectiveness in routine practice for people experiencing lengthy hospitalizations .,participants,4,0,1
11015817,METHODS Long-stay patients with schizophrenia in a state hospital were randomly assigned to begin open-label clozapine ( n = 138 ) or to continue receiving conventional antipsychotic medications ( n = 89 ) .,interventions,2,6,0
11015817,"We interviewed study participants every 4 months for 2 years to assess psychiatric symptoms and functional status , and we collected continuous measures of prescribed medications , service utilization , and other costs .",outcomes,0,0,5
11015817,We used both parametric and nonparametric techniques to examine changes in cost and parametric analyses to examine changes in effectiveness .,outcomes,0,0,8
11015817,We used bootstrap techniques to estimate incremental cost-effectiveness ratios and create cost-effectiveness acceptability curves .,outcomes,0,0,7
11015817,"RESULTS Both groups incurred similar costs during the 2-year study period , with a trend for clozapine to be less costly than usual care in the second study year .",none,0,0,0
11015817,Clozapine was more effective than usual care on many but not all measures .,interventions,0,1,1
11015817,"With the use of effectiveness measures that favored clozapine ( extrapyramidal side effects , disruptiveness ) , bootstrap techniques indicated that , even when a payer is unwilling to incur any additional cost for gains in effectiveness , the probability that clozapine is more cost-effective than usual care is at least 0.80 .",outcomes,0,1,4
11015817,"These findings were not as evident when outcomes where clozapine was not clearly superior ( psychotic symptoms , weight gain ) were examined .",outcomes,0,0,4
11015817,CONCLUSION Clozapine demonstrated cost-effectiveness on some but not all measures of effectiveness when the alternative was a range of conventional antipsychotic medications .,interventions,0,1,1
11021553,Beta radiation as an adjunct to low-risk trabeculectomy .,interventions,1,2,0
11021553,PURPOSE To assess a single dose of intraoperative beta radiation used to enhance the success rate of trabeculectomy in a population of low-risk glaucoma patients in whom antimetabolites might not be indicated .,interventions,1,3,0
11021553,"METHODS A prospective randomized trial of 65 eyes was designed , with 31 eyes receiving 750 rads of intraoperative beta radiation ( group 1 ) , and 34 eyes receiving no supplementation ( group 2 ) .",interventions,3,9,0
11021553,RESULTS Mean follow-up time was 24 months .,none,0,0,0
11021553,"Mean postoperative intraocular pressure was 12.2 mmHg in group 1 , and 13.7 mmHg in group 2 ( P = 0.16 ) .",outcomes,0,0,4
11021553,"Mean decrease in intraocular pressure was 10.3 mmHg in group 1 , and 9.3 mmHg in group 2 ( P = 0.49 ) .",outcomes,0,0,2
11021553,The two groups were not significantly different in terms of surgical complications .,outcomes,0,0,2
11021553,"CONCLUSION For this population of low-risk patients , there was no significant difference in outcome after applications of a single intraoperative dose of beta radiation .",participants,2,2,0
11022066,Outcomes of early endovascular versus surgical treatment of ruptured cerebral aneurysms .,outcomes,0,2,10
11022066,A prospective randomized study .,none,0,0,0
11022066,BACKGROUND AND PURPOSE This prospective study was conducted to compare the outcomes of surgical clipping and endovascular treatment in acute ( < 72 hours ) aneurysmal subarachnoid hemorrhage ( SAH ) .,interventions,0,5,0
11022066,METHODS One hundred nine consecutive patients were randomly assigned to either surgical ( n=57 ) or endovascular ( n=52 ) treatment .,participants,3,2,0
11022066,Clinical and neuropsychological outcome was assessed at 3 and 12 months after treatment ; MRI of the brain was performed at 12 months .,none,0,0,0
11022066,Follow-up angiography was scheduled after clipping and 3 and 12 months after endovascular treatment .,interventions,0,2,0
11022066,"RESULTS One year postoperatively , 43/41 ( surgical/endovascular ) patients had good or moderate recovery , 5/4 had severe disability or were in a vegetative state , and 9/7 had died ( NS ) according to intention to treat .",outcomes,0,0,10
11022066,Patients with good clinical recovery did not differ in their neuropsychological test scores .,outcomes,0,0,5
11022066,"Symptomatic vasospasm ( OR 2.47 ; 95 % CI 1.45 to 4.19 ; P < 0.001 ) , poorer Hunt and Hess grade ( OR 2.50 ; 95 % CI 1.31 to 4.75 ; P=0.005 ) , need for permanent shunt ( OR 8.90 ; 95 % CI 1.80 to 44.15 ; P=0.008 ) , and larger size of the aneurysm ( OR 1 .",outcomes,0,0,15
11022066,22 ; 95 % CI 1.02 to 1.45 ; P=0.032 ) independently predicted worsened clinical outcome regardless of the treatment modality .,outcomes,0,0,2
11022066,"In MRI , superficial brain retraction deficits ( P < 0.001 ) and ischemic lesions in the territory of the ruptured aneurysm ( P=0.025 ) were more frequent in the surgical group .",outcomes,0,1,8
11022066,Kaplan-Meier analysis ( mean+/-SD follow-up 39+/-18 months ) revealed equal survival in both treatment groups .,outcomes,0,0,1
11022066,No late rebleedings have occurred .,outcomes,0,0,2
11022066,CONCLUSIONS One-year clinical and neuropsychological outcomes seem comparable after early surgical and endovascular treatment of ruptured intracranial aneurysms .,none,0,0,0
11022066,The long-term efficacy of endovascular treatment in preventing rebleeding remains open .,outcomes,0,0,1
11028492,Short- and long-term results after thrombolytic treatment of deep venous thrombosis .,interventions,0,2,0
11028492,OBJECTIVES The goal of this study was to assess the short- and long-term efficacy of different thrombolytic therapy regimens in patients with leg or pelvic deep venous thrombosis ( DVT ) .,interventions,0,2,0
11028492,BACKGROUND It is unclear whether locoregional or systemic thrombolysis is superior in treating acute leg DVT or even whether lysis is more effective than anticoagulation therapy in preventing postthrombotic syndrome .,none,0,0,0
11028492,"METHODS A total of 250 patients averaging 40 years of age with acute DVT were randomized into five groups to receive full heparinization ( 1,000 IU/h ) and compression treatment , with four groups also administered locoregional tissue plasminogen activator ( 20 mg/day ) or urokinase ( 100,000 IU/day ) or systemic streptokinase ( 3,000,000 IU daily ) or urokinase ( 5,000,000 IU daily ) .",interventions,0,39,0
11028492,All groups then received anticoagulation and compression treatment for one year .,interventions,0,7,0
11028492,Primary efficacy criteria included the change after one year in the number of closed vein segments and the occurrence of postthrombotic syndrome .,outcomes,0,0,3
11028492,RESULTS Systemic thrombolytic therapy significantly reduced the number of closed vein segments after 12 months in patients with acute DVT compared with conventional treatment ( p < 0.05 ) .,interventions,0,3,3
11028492,Postthrombotic syndrome also occurred with less frequency in systemically treated patients versus controls ( p < 0.001 ) .,outcomes,0,0,2
11028492,High-dose thrombolysis led to better rates of complete recanalization after seven days ( p < 0.01 ) than locoregional lysis .,outcomes,0,0,2
11028492,"However , 12 patients receiving thrombolysis ( 9 systemic , 3 local ) suffered major bleeding complications ; 9 patients on systemic treatment developed pulmonary emboli .",outcomes,0,0,5
11028492,CONCLUSIONS Systemic thrombolytic treatment for acute DVT achieved a significantly better short- and long-term clinical outcome than conventional heparin/anticoagulation therapy but at the expense of a serious increase in major bleeding and pulmonary emboli .,interventions,0,3,0
11028492,"Given the inherent risks for such serious complications , systemic thrombolysis , although effective , should be used selectively in limb-threatening thrombotic situations .",none,0,0,0
11029345,Tromethamine buffer modifies the depressant effect of permissive hypercapnia on myocardial contractility in patients with acute respiratory distress syndrome .,participants,4,2,2
11029345,"In patients with acute respiratory distress syndrome ( ARDS ) , permissive hypercapnia is a strategy to decrease airway pressures to prevent ventilator-induced lung damage by lowering tidal volumes and tolerating higher arterial carbon dioxide tension .",participants,6,0,0
11029345,"However , in experimental studies hypercapnia impairs myocardial contractility and hemodynamic function .",none,0,0,0
11029345,We investigated the effect of short-term permissive hypercapnia on myocardial contractility and hemodynamics in patients with ARDS .,none,0,0,0
11029345,"We hypothesized that the administration of tromethamine ( THAM ) , a buffer which does not increase carbon dioxide production , would modify these changes .",interventions,0,4,0
11029345,"In 12 patients with ARDS , permissive hypercapnia was implemented for 2 h with a target Pa ( CO ( 2 ) ) of 80 mm Hg .",participants,1,0,0
11029345,"Patients were randomized to have respiratory acidosis corrected by THAM ( pH-corrected group ) , or not corrected ( pH-uncorrected group ) .",interventions,0,1,0
11029345,"Hemodynamic responses were measured , and transesophageal echocardiography ( TEE ) was used to determine myocardial contractility .",outcomes,0,0,2
11029345,Permissive hypercapnia resulted in significant decreases in systemic vascular resistance ( SVR ) and increases in cardiac output ( Q ) .,outcomes,0,0,15
11029345,"Myocardial contractility decreased in both groups but significantly less in the pH-corrected group ( approximately 10 % ) than in the pH-uncorrected group ( approximately 18 % , p < 0.05 ) .",outcomes,0,0,2
11029345,Mean arterial pressure decreased and mean pulmonary arterial pressure increased significantly only in the pH-uncorrected group .,outcomes,0,0,7
11029345,All values returned to baseline conditions 1 h after permissive hypercapnia was terminated .,none,0,0,0
11029345,Our study demonstrates a reversible depression of myocardial contractility and hemodynamic alterations during rapid permissive hypercapnia which were attenuated by buffering with THAM .,outcomes,0,1,4
11029345,This may have applicability to the clinical strategy of permissive hypercapnia and allow the benefit of decreased airway pressures to be realized while minimizing the adverse hemodynamic effects of hypercapnic acidosis .,outcomes,0,0,2
11029568,Epidural fentanyl-bupivacaine compared with clonidine-bupivacaine for analgesia in labour .,participants,3,3,0
11029568,Alpha-adrenergic agonists produce pain relief through an opioid independent mechanism and may be alternatives to opioids for combination with local anaesthetics for analgesia during labour .,outcomes,0,0,2
11029568,We studied 41 pregnant women .,participants,2,0,0
11029568,Epidural block was performed with 75 microg clonidine ( n = 20 ) or 50 microg fentanyl ( n = 21 ) combined with 0.125 % bupivacaine ( 10 mL ) .,interventions,0,9,0
11029568,Maternal vital parameters were measured .,outcomes,0,0,3
11029568,Analgesia was evaluated using a visual analogue scale ( VAS ) ; sedation was scored using a five-point scale .,outcomes,0,0,2
11029568,"There were no differences in maternal vital parameters , fetal heart rate ( FHR ) or Apgar scores between the groups .",outcomes,0,0,13
11029568,Analgesia lasted longer in the bupivacaine-clonidine group ( 139.4 +/- 31 min ) compared with the bupivacaine-fentanyl group ( 127.9 +/- 48 min ) ( P = 0.42 ) .,interventions,0,2,0
11029568,Additional analgesic requirement was more often in the fentanyl-bupivacaine group and total bupivacaine requirement was less in the clonidine-bupivacaine group ( 22.5 +/- 12.5 mg vs. 30.9 +/- 12.8 mg ) ( P = 0.04 ) .,outcomes,0,2,3
11029568,"This small study confirms that this combination of bupivacaine and clonidine provides satisfactory analgesia for first-stage labour , and of longer duration than bupivacaine-fentanyl .",interventions,0,3,3
11034038,"Randomized , placebo-controlled trial of oral phytonadione for excessive anticoagulation .",outcomes,0,1,3
11034038,STUDY OBJECTIVE To compare the efficacy of managing excessive anticoagulation in the absence of bleeding by either omitting warfarin therapy alone or administering oral phytonadione in addition to omitting warfarin therapy .,interventions,0,1,0
11034038,"DESIGN Randomized , double-blind , placebo-controlled study .",none,0,0,0
11034038,SETTING Clinical pharmacy anticoagulation service in a group model health maintenance organization .,none,0,0,0
11034038,SUBJECTS Thirty nonbleeding patients with international normalized ratios ( INRs ) ranging from 6.0-10.0 .,participants,14,0,0
11034038,INTERVENTIONS Patients were randomized to receive either a single oral dose of phytonadione 2.5 mg or placebo .,participants,17,8,0
11034038,Both groups omitted warfarin doses until the INR became less than or equal to 4.0 .,interventions,0,13,0
11034038,"MEASUREMENTS AND RESULTS The mean calculated time to reach an INR of 4.0 was significantly greater in the placebo than the phytonadione group ( 2.6 vs 1.4 days , p=0.006 ) .",outcomes,0,0,9
11034038,Overcorrection of anticoagulation was significantly more common in patients receiving phytonadione .,outcomes,0,0,3
11034038,Overt warfarin resistance was not observed in either group after reinitiating warfarin therapy .,outcomes,0,0,3
11034038,"No major bleeding or thromboembolic complications occurred , and minor bleeding episodes were similar in both groups .",outcomes,0,0,6
11034038,CONCLUSION The addition of oral phytonadione 2.5 mg reduced the time to achieve an INR of 4.0 by approximately 1 day compared with omitting warfarin therapy alone .,none,0,0,0
11034038,Adverse events did not differ between the two groups .,none,0,0,0
11034038,Both strategies were effective in managing asymptomatic patients with INRs of 6.0-10.0 .,none,0,0,0
11034038,Oral phytonadione may be most appropriate for patients at high risk for bleeding in whom the benefit of prompt INR reduction would outweigh the thromboembolic risk associated with INR overcorrection .,outcomes,0,0,5
11034934,"VLDL , apolipoproteins B , CIII , and E , and risk of recurrent coronary events in the Cholesterol and Recurrent Events ( CARE ) trial .",outcomes,0,0,8
11034934,"BACKGROUND Plasma triglyceride concentration has been an inconsistent independent risk factor for coronary heart disease , perhaps because of the metabolic heterogeneity among VLDL particles , the main carriers of triglycerides in plasma .",none,0,0,0
11034934,"METHODS AND RESULTS We conducted a prospective , nested case-control study in the Cholesterol and Recurrent Events ( CARE ) trial , a randomized placebo-controlled trial of pravastatin in 4159 patients with myocardial infarction and average LDL concentrations at baseline ( 115 to 174 mg/dL , mean 139 mg/dL ) .",participants,21,2,0
11034934,"Baseline concentrations of VLDL-apolipoprotein ( apo ) B ( the VLDL particle concentration ) , VLDL lipids , and apoCIII and apoE in VLDL+LDL and in HDL were compared in patients who had either a myocardial infarction or coronary death ( cases , n=418 ) with those in patients who did not have a cardiovascular event ( control subjects , n=370 ) in 5 years of follow-up .",participants,20,0,18
11034934,"VLDL-cholesterol , VLDL-triglyceride , VLDL-apoB , apoCIII and apoE in VLDL+LDL and apoE in HDL were all interrelated , and each was a univariate predictor of subsequent coronary events .",outcomes,0,0,12
11034934,"The significant independent predictors were VLDL-apoB ( relative risk [ RR ] 3.2 for highest to lowest quintiles , P : =0.04 ) , apoCIII in VLDL+LDL ( RR 2.3 , P : =0.04 ) , and apoE in HDL ( RR 1.8 , P : =0.02 ) .",outcomes,0,0,7
11034934,"Plasma triglycerides , a univariate predictor of coronary events ( RR 1.6 , P : =0.03 ) , was not related to coronary events ( RR 1.3 , P : =0.6 ) when apoCIII in VLDL+LDL was included in the model , whereas apoCIII remained significant .",outcomes,0,0,10
11034934,Adjustment for LDL- and HDL-cholesterol did not affect these results .,outcomes,0,0,3
11034934,CONCLUSIONS The plasma concentrations of VLDL particles and apoCIII in VLDL and LDL are more specific measures of coronary heart disease risk than plasma triglycerides perhaps because their known metabolic properties link them more closely to atherosclerosis .,outcomes,0,0,8
11041498,An evaluation of chemical arthrodesis of the proximal interphalangeal joint in the horse by using monoiodoacetate .,participants,6,1,0
11041498,The use of monoiodoacetate ( MIA ) for arthrodesis of the proximal interphalangeal joint ( PIJ ) and the effect of exercise on the degree of fusion were investigated .,interventions,0,4,0
11041498,"Eight horses received 3 injections ( Weeks 0 , 3 , 6 ) of MIA ( 2 mL ; 60 mg/mL ) into the right or left front PIJ .",participants,2,1,0
11041498,"Peri-operatively , the horses received phenylbutazone , butorphanol , and abaxial sesamoidean nerve blocks to relieve pain .",interventions,0,6,0
11041498,"During the study , the horses were monitored for general health , lameness , and swelling around the injection area .",none,0,0,0
11041498,Radiographs were taken biweekly to evaluate bony fusion .,none,0,0,0
11041498,Horses were randomly divided into non-exercised and exercised groups .,none,0,0,0
11041498,"Exercise consisted of 20 minutes of trotting on a treadmill ( 4 m/s ) , 3 days per week for 13 weeks .",interventions,0,1,0
11041498,The horses were euthanized at 24 weeks .,none,0,0,0
11041498,Slab sections of the PIJ were evaluated grossly and radiographically for bony fusion .,none,0,0,0
11041498,Histologic examinations were performed to evaluate articular cartilage .,none,0,0,0
11041498,"Three horses were excluded from the study after developing soft tissue necrosis around the injection site , septic arthritis , and necrotic tendinitis .",none,0,0,0
11041498,"The remaining horses remained healthy , developed a grade 1 to 4 lameness with minimal to severe swelling in the PIJ region .",none,0,0,0
11041498,"All 5 horses showed radiographic evidence of bony fusion , however , no fusion was present when injected joints were examined on postmortem examination .",outcomes,0,0,2
11041498,"Histologic examination revealed thinning of the cartilage , diffuse necrosis of chondrocytes , with the calcified zone intact .",outcomes,0,0,8
11041498,"Subjectively , exercise did not influence the degree of cartilage destruction .",outcomes,0,0,4
11041498,"Based on this study , chemical arthrodesis can not be advocated in clinical cases because of the high complication rate and lack of bony fusion .",outcomes,0,2,4
11045790,Randomized trial of fenretinide in superficial bladder cancer using DNA flow cytometry as an intermediate end point .,participants,3,1,0
11045790,Retinoids have shown a potential activity in preventing tumor recurrence in superficial bladder cancer .,none,0,0,0
11045790,We assessed the activity of the synthetic retinoid fenretinide in superficial bladder cancer using DNA flow cytometry and conventional cytology as surrogate biomarkers .,interventions,0,3,0
11045790,"A total of 99 subjects with resected superficial bladder cancer ( pTa , pT1 ) were randomized to either fenretinide ( 200 mg day p.o .",interventions,0,7,0
11045790,for 24 months ) or no intervention .,interventions,0,2,0
11045790,"Cystoscopy and bladder washing for DNA flow cytometry end points ( proportion of DNA aneuploid histograms , hyperdiploid fraction , and percentage of apoptotic cells ) and proportion of abnormal cytological examinations were repeated every 4 months for up to 36 months .",outcomes,0,0,3
11045790,The primary study end point was the proportion of DNA aneuploid histograms after 12 months .,outcomes,0,0,5
11045790,"This figure was 48.9 % in the fenretinide arm and 41.9 % in the control arm ( odds ratio , 1.16 ; 95 % confidence interval , 0.44-3.07 ) .",interventions,0,1,0
11045790,"There was no difference in any other response biomarker between the two groups up to 36 months , nor was any biomarker able to predict recurrence risk .",outcomes,0,0,2
11045790,Recurrence-free survival was comparable between the arms ( 27 events in the fenretinide arm versus 21 in the control arm ; P = 0.36 ) .,outcomes,0,0,2
11045790,"Twelve subjects in the fenretinide arm complained of diminished dark adaptability , and nine subjects in the fenretinide arm versus one control subject had mild dermatological alterations .",outcomes,0,0,5
11045790,We conclude that fenretinide showed a lack of effect on the DNA content distribution and the morphology of urothelial cells obtained in serial bladder washings .,outcomes,0,0,6
11045790,Recurrence-free survival was comparable between groups .,outcomes,0,0,2
11045790,"Because our data are hampered by the lack of predictivity of the selected biomarkers , additional studies are necessary to assess the activity of fenretinide in preventing bladder cancer .",none,0,0,0
11053333,Effect of systemic nitric oxide synthase inhibition on postexercise hypotension in humans .,interventions,2,3,0
11053333,An acute bout of aerobic exercise results in a reduced blood pressure that lasts several hours .,outcomes,0,0,2
11053333,Animal studies suggest this response is mediated by increased production of nitric oxide .,none,0,0,0
11053333,We tested the extent to which systemic nitric oxide synthase inhibition [ N ( G ) -monomethyl-L-arginine ( L-NMMA ) ] can reverse the drop in blood pressure that occurs after exercise in humans .,outcomes,0,0,2
11053333,Eight healthy subjects underwent parallel experiments on 2 separate days .,participants,1,0,0
11053333,The order of the experiments was randomized between sham ( 60 min of seated upright rest ) and exercise ( 60 min of upright cycling at 60 % peak aerobic capacity ) .,interventions,0,20,0
11053333,"After both sham and exercise , subjects received , in sequence , systemic alpha-adrenergic blockade ( phentolamine ) and L-NMMA .",none,0,0,0
11053333,Phentolamine was given first to isolate the contribution of nitric oxide to postexercise hypotension by preventing reflex changes in sympathetic tone that result from systemic nitric oxide synthase inhibition and to control for alterations in resting sympathetic activity after exercise .,none,0,0,0
11053333,"During each condition , systemic and regional hemodynamics were measured .",outcomes,0,0,4
11053333,"Throughout the study , arterial pressure and vascular resistances remained lower postexercise vs. postsham despite nitric oxide synthase inhibition ( e.g. , mean arterial pressure after L-NMMA was 108.0+/-2.4 mmHg postsham vs. 102.1+/-3.3 mmHg postexercise ; P < 0.05 ) .",outcomes,0,0,13
11053333,Thus it does not appear that postexercise hypotension is dependent on increased production of nitric oxide in humans .,outcomes,0,0,6
11056245,Depressive mood symptoms associated with ovarian suppression .,none,0,0,0
11056245,OBJECTIVE To determine if sertraline is helpful in the management of depressive symptoms associated with ovarian suppression during GnRH agonist therapy as compared with a placebo-controlled group .,interventions,0,5,0
11056245,DESIGN Double-blind placebo-controlled prospective study design .,none,0,0,0
11056245,SETTING An obstetrics/gynecological office specializing in infertility in an academic environment .,none,0,0,0
11056245,PATIENT ( S ) Premenstrual women with laparoscopically diagnosed endometriosis who required GnRH agonist therapy for treatment and did not have significant depressive or premenstrual mood symptoms at baseline .,participants,20,3,0
11056245,INTERVENTION ( S ) Participants were randomly assigned to either the sertraline treatment group or to the placebo group for the 3-month duration of the GnRH agonist therapy .,interventions,0,6,0
11056245,"MAIN OUTCOME MEASURE ( S ) The 21-item Hamilton Rating Scale for Depression ( HRSD ) , which is an instrument designed to assess depressive symptomatology .",outcomes,0,0,10
11056245,"RESULT ( S ) A Hotellings T ( 2 ) test for repeated measure analysis indicated a statistically significant ( P < .05 ) between-group difference across time for the HRSD ( T ( 2 ) = 13.3 ; F [ 3 , 28 ] = 4.1 ; P=.02 ) with the sertraline treatment group manifesting significantly fewer depressive symptoms than the control group .",outcomes,0,1,2
11056245,CONCLUSION ( S ) The results indicate that sertraline is an effective option in the management of depressive mood symptoms associated with ovarian suppression during GnRH agonist therapy .,interventions,0,5,0
11056317,Update on tamoxifen to prevent breast cancer .,participants,2,1,0
11056317,The Italian Tamoxifen Prevention Study .,participants,4,1,0
11056593,Efficacy and safety of recombinant human nerve growth factor in patients with diabetic polyneuropathy : A randomized controlled trial .,interventions,2,5,3
11056593,rhNGF Clinical Investigator Group .,none,0,0,0
11056593,CONTEXT Nerve growth factor is a neurotrophic factor that promotes the survival of small fiber sensory neurons and sympathetic neurons in the peripheral nervous system .,none,0,0,0
11056593,Recombinant human nerve growth factor ( rhNGF ) has demonstrated efficacy as treatment for peripheral neuropathy in experimental models and phase 2 clinical trials .,interventions,0,8,0
11056593,OBJECTIVE To evaluate the efficacy and safety of a 12-month regimen of rhNGF in patients with diabetic polyneuropathy .,outcomes,2,0,3
11056593,"DESIGN Randomized , double-blind , placebo-controlled phase 3 trial conducted from July 1997 through May 1999 .",interventions,0,1,0
11056593,SETTING Eighty-four outpatient centers throughout the United States .,none,0,0,0
11056593,PATIENTS A total of 1019 men and women aged 18 to 74 years with either type 1 or type 2 diabetes and a sensory polyneuropathy attributable to diabetes .,participants,15,0,0
11056593,"INTERVENTIONS Patients were randomly assigned to receive either rhNGF , 0.1 microg/kg ( n = 504 ) , or placebo ( n = 515 ) by subcutaneous injection 3 times per week for 48 weeks .",interventions,0,2,0
11056593,"Patients were assessed at baseline , 12 weeks , 24 weeks , and 48 weeks .",none,0,0,0
11056593,"MAIN OUTCOME MEASURES The primary outcome measure was a change in neuropathy between baseline and week 48 , demonstrated by the Neuropathy Impairment Score for the Lower Limbs , compared between the 2 groups .",outcomes,0,0,15
11056593,"Secondary outcome measures included quantitative sensory tests using the CASE IV System , the Neuropathy Symptom and Change questionnaire , the Patient Benefit Questionnaire ( PBQ ) , and a global symptom assessment , as well as nerve conduction studies and occurrence of new plantar foot ulcers .",outcomes,0,0,43
11056593,Patients also were evaluated for presence of adverse events .,outcomes,0,0,3
11056593,"RESULTS Among patients who received rhNGF , 418 ( 83 % ) completed the regimen compared with 461 ( 90 % ) who received placebo .",interventions,0,2,0
11056593,"Administration of rhNGF was safe , with few adverse events attributed to treatment apart from injection site pain/hyperalgesia and other pain syndromes .",outcomes,0,1,8
11056593,"However , neither the primary end point ( P =.25 ) nor most of the secondary end points demonstrated a significant benefit of rhNGF .",interventions,0,1,0
11056593,"Exceptions were the global symptom assessment ( P =.03 ) and 2 of 32 comparisons within the PBQ , which showed a modest but significant benefit of rhNGF ( P =.05 for severity of pain in the legs and P =.003 for 6-month symptoms in the feet and legs ) .",outcomes,0,1,3
11056593,"CONCLUSION Unlike previous phase 2 trials , this phase 3 clinical trial failed to demonstrate a significant beneficial effect of rhNGF on diabetic polyneuropathy .",none,0,0,0
11056593,2000 ; 284:2215-2221 .,none,0,0,0
11060324,"Commentary on "" cytoreduction nephrectomy in metastatic renal cancer : the results of Southwest Oncology Group Trial 8949 "" .",participants,12,2,0
11064610,"Comparison of alfentanil , fentanyl and sufentanil for total intravenous anaesthesia with propofol in patients undergoing coronary artery bypass surgery .",participants,7,4,0
11064610,"We have studied the pharmacokinetics and pharmacodynamics of alfentanil , fentanyl and sufentanil together with propofol in patients undergoing coronary artery bypass graft surgery ( CABG ) .",participants,11,4,3
11064610,"Sixty patients ( age 40-73 yr , 56 male ) were assigned randomly to receive alfentanil , fentanyl or sufentanil and propofol .",interventions,0,4,0
11064610,Plasma concentrations of these drugs and times for the plasma concentration to decrease by 50 % ( t50 ) and 80 % ( t80 ) after cessation of the infusion were determined .,outcomes,0,0,12
11064610,Times were recorded to awakening and tracheal extubation .,none,0,0,0
11064610,Total dose and plasma concentrations of propofol were similar in all groups .,outcomes,0,0,5
11064610,"Mean total doses of alfentanil , fentanyl and sufentanil were 443 , 45 and 4.4 micrograms kg-1 , respectively .",interventions,0,3,3
11064610,Time to awakening did not differ significantly .,outcomes,0,0,3
11064610,"In patients receiving fentanyl , the trachea was extubated on average 2 h later than in those receiving sufentanil and 3 h later than in those receiving alfentanil ( P < 0.05 ) .",interventions,0,3,1
11064610,"The t80 of fentanyl was longer ( P < 0.05 ) than that of alfentanil or sufentanil , and there was a linear correlation between the t80 of the opioid and the time to tracheal extubation ( r = 0.51 ; P < 0.01 ) .",outcomes,0,3,6
11064610,"However , the t50 values for these opioids were similar and did not correlate with recovery time .",outcomes,0,0,4
11064610,"In conclusion , patients undergoing CABG and who were anaesthetized with fentanyl and propofol needed mechanical ventilatory support for a significantly longer time than those receiving alfentanil or sufentanil and propofol .",interventions,0,5,3
11064610,"On the basis of the interindividual variation observed , the time to tracheal extubation was most predictable in patients receiving alfentanil and most variable in patients receiving fentanyl , a finding which may be important if the patients are transferred to a step-down unit on the evening of the operation .",outcomes,0,2,4
11068835,Magnetic resonance angiography for monitoring prophylactic endoscopic treatment of high risk esophageal varices .,none,0,0,0
11068835,BACKGROUND AND STUDY AIMS Endoscopic injection sclerotherapy ( EIS ) and endoscopic variceal ligation ( EVL ) are used worldwide as the treatment for esophageal varices .,interventions,0,12,0
11068835,We evaluated portal hemodynamics using magnetic resonance angiography ( MRA ) in these two forms of treatment .,none,0,0,0
11068835,PATIENTS AND METHODS The study was carried out in 50 cirrhotic patients .,participants,2,0,0
11068835,MRA was performed to identify the hepatofugal supply vein selectively for esophageal varices .,participants,3,0,0
11068835,"Those who showed a positive MR angiogram for the supply vein were randomly allocated to one of two groups , using the sealed envelope method , and underwent either EIS or EVL .",interventions,0,2,0
11068835,"On the other hand , those with a negative angiogram received only EVL .",none,0,0,0
11068835,EIS was done to embolize esophageal varices as well as their feeders by intravariceal injection of sclerosant under fluoroscopic guidance .,interventions,0,1,0
11068835,RESULTS A positive MR angiogram of the hepatofugal left gastric vein as the supply vein was observed in 41 patients .,participants,1,0,0
11068835,Nine patients showed negative MRA results .,participants,5,0,0
11068835,"Among those with positive angiograms , the rate of eradication of the left gastric vein was higher in the EIS-treated group than in the EVL treated group ( 50 % vs. 8.6 % ) .",outcomes,0,0,8
11068835,"After either treatment , the recurrence-free rate for high risk esophageal varices was higher in patients with complete eradication of the left gastric vein than in those without ( 88 % vs. 35 % ) .",outcomes,0,0,7
11068835,"In patients with negative angiogram results , who only underwent EVL , high risk esophageal varices did not reappear over a long period .",outcomes,0,0,3
11068835,CONCLUSION MRA is useful for evaluating portal hemodynamics .,none,0,0,0
11068835,"With the aim of avoiding recurrence of esophageal varices , EIS was suitable for patients who had a hepatofugal supply vein for the varices because recurrence could be prevented by embolization of the supply vein .",none,0,0,0
11068835,EVL may be expected to be efficacious in patients where no image of a hepatofugal supply vein is found on MRA .,none,0,0,0
11069570,Probiotics in the management of atopic eczema .,participants,3,1,0
11069570,"BACKGROUND Over the last two decades the incidence of allergic diseases has increased in industrialized countries , and consequently new approaches have to be explored .",none,0,0,0
11069570,OBJECTIVE The potential of probiotics to control allergic inflammation at an early age was assessed in a randomized double-blind placebo-controlled study .,participants,6,0,2
11069570,"METHODS A total of 27 infants , mean age 4.6 months , who manifested atopic eczema during exclusive breast-feeding and who have had no exposure to any infant or substitute formula were weaned to probiotic-supplemented , Bifidobacterium lactis Bb-12 or Lactobacillus strain GG ( ATCC 53103 ) , extensively hydrolysed whey formulas or to the same formula without probiotics .",interventions,0,20,0
11069570,"The extent and severity of atopic eczema , the growth and nutrition of infants , and concentrations of circulating cytokines/chemokines and soluble cell surface adhesion molecules in serum and methyl-histamine and eosinophilic protein X in urine were determined .",none,0,0,0
11069570,"RESULTS The SCORAD score reflecting the extent and severity of atopic eczema was 16 ( 7-25 ) during breast-feeding , median ( interquartile range ) .",outcomes,0,0,8
11069570,"After 2 months , a significant improvement in skin condition occurred in patients given probiotic-supplemented formulas , as compared to the unsupplemented group ; chi ( 2 ) = 12.27 , P = 0.002 .",outcomes,0,0,2
11069570,"SCORAD decreased in the Bifidobacterium lactis Bb-12 group to 0 ( 0-3.8 ) , and in the Lactobacillus GG group to 1 ( 0.1-8.7 ) , vs unsupplemented 13.4 ( 4.5-18.2 ) , median ( interquartile range ) , in parallel with a reduction in the concentration of soluble CD4 in serum and eosinophilic protein X in urine .",outcomes,0,0,2
11069570,CONCLUSION The results provide the first clinical demonstration of specific probiotic strains modifying the changes related to allergic inflammation .,outcomes,0,0,2
11069570,The data further indicate that probiotics may counteract inflammatory responses beyond the intestinal milieu .,outcomes,0,0,2
11069570,"The combined effects of these probiotic strains will guide infants through the weaning period , when sensitization to newly encountered antigens is initiated .",none,0,0,0
11069570,The probiotic approach may thus offer a new direction in the search for future foods for allergy treatment and prevention strategies .,none,0,0,0
11072681,[ New therapeutic approaches in irritable bowel syndrome ] .,participants,3,3,0
11073017,Calcium and fibre supplementation in prevention of colorectal adenoma recurrence : a randomised intervention trial .,interventions,0,4,3
11073017,European Cancer Prevention Organisation Study Group .,none,0,0,0
11073017,BACKGROUND Some epidemiological studies have suggested that high dietary intake of calcium and fibre reduces colorectal carcinogenesis .,interventions,0,2,0
11073017,Available data are not sufficient to serve as a basis for firm dietary advice .,none,0,0,0
11073017,We undertook a multicentre randomised trial to test the effect of diet supplementation with calcium and fibre on adenoma recurrence .,interventions,0,6,0
11073017,"METHODS We randomly assigned 665 patients with a history of colorectal adenomas to three treatment groups , in a parallel design : calcium gluconolactate and carbonate ( 2 g elemental calcium daily ) , fibre ( 3.5 g ispaghula husk ) , or placebo .",interventions,3,19,0
11073017,Participants had colonoscopy after 3 years of follow-up .,none,0,0,0
11073017,The primary endpoint was adenoma recurrence .,none,0,0,0
11073017,Analyses were by intention to treat .,none,0,0,0
11073017,"FINDINGS 23 patients died , 15 were lost to follow-up , 45 refused repeat colonoscopy , and five developed severe contraindications to colonoscopy .",participants,4,0,4
11073017,"Among the 552 participants who completed the follow-up examination , 94 stopped treatment early .",participants,2,0,0
11073017,"At least one adenoma developed in 28 ( 15.9 % ) of 176 patients in the calcium group , 58 ( 29.3 % ) of 198 in the fibre group , and 36 ( 20.2 % ) of 178 in the placebo group .",participants,6,0,1
11073017,"The adjusted odds ratio for recurrence was 0.66 ( 95 % CI 0.38-1.17 ; p=0.16 ) for calcium treatment and 1.67 ( 1.01-2.76 , p=0.042 ) for the fibre treatment .",outcomes,0,0,1
11073017,"The odds ratio associated with the fibre treatment was significantly higher in participants with baseline dietary calcium intake above the median than in those with intake below the median ( interaction test , p=0.028 ) INTERPRETATION Supplementation with fibre as ispaghula husk may have adverse effects on colorectal adenoma recurrence , especially in patients with high dietary calcium intake .",outcomes,4,0,13
11073017,Calcium supplementation was associated with a modest but not significant reduction in the risk of adenoma recurrence .,outcomes,0,0,2
11074150,Effects of nicotine on regional cerebral glucose metabolism in awake resting tobacco smokers .,outcomes,0,1,4
11074150,Eleven healthy tobacco smoking adult male volunteers of mixed race were tobacco abstinent overnight for this study .,interventions,0,2,0
11074150,"In each subject , positron emission tomographic images of regional cerebral metabolism of glucose with [ 18F ] fluorodeoxyglucose were obtained in two conditions in the morning on different days : about 3min after approximately 1-2mg of nasal nicotine spray and after an equivalent volume of an active placebo spray of oleoresin of pepper in a random counterbalanced design .",interventions,0,18,8
11074150,A Siemens/CTI 931/08-12 scanner with the capability of 15 horizontal brain slices was used .,none,0,0,0
11074150,The images were further converted into a standard uniform brain format in which the mean data of all 11 subjects were obtained .,none,0,0,0
11074150,Images were analysed in stereotactic coordinates using pixel-wise t statistics and a smoothed Gaussian model .,none,0,0,0
11074150,Peak plasma nicotine levels varied three-fold and the areas under the curve ( 0-30min ) varied seven-fold among the individual subjects .,outcomes,0,1,4
11074150,"Nicotine caused a small overall reduction in global cerebral metabolism of glucose but , when the data were normalized , several brain regions showed relative increases in activity .",outcomes,0,1,5
11074150,"Cerebral structures specifically activated by nicotine ( nicotine minus pepper , Z score > 4.0 ) included : left inferior frontal gyrus , left posterior cingulate gyrus and right thalamus .",interventions,0,1,0
11074150,"The visual cortex , including the right and left cuneus and left lateral occipito-temporal gyrus fusiformis , also showed an increase in regional cerebral metabolism of glucose with Z scores > 3 .",outcomes,0,0,5
11074150,"Structures with a decrease in regional cerebral metabolism of glucose ( pepper minus nicotine ) were the left insula and right inferior occipital gyrus , with Z scores > 3.5 .",outcomes,0,0,8
11074150,Especially important is the fact that the thalamus is activated by nicotine .,interventions,0,1,0
11074150,This is consistent with the high density of nicotinic cholinoceptors in that brain region .,none,0,0,0
11074150,"However , not all brain regions affected by nicotine are known to have many nicotinic cholinoceptors .",none,0,0,0
11074150,The results are discussed in relation to the cognitive effects of nicotine .,interventions,0,1,0
11077389,Effect of systemic penicillin on pain in untreated irreversible pulpitis .,interventions,1,2,0
11077389,"OBJECTIVE The purpose of this prospective , randomized , double-blind study was to determine the effect of penicillin on pain in untreated teeth diagnosed with irreversible pulpitis .",interventions,0,1,0
11077389,"STUDY DESIGN Forty emergency patients participated , and each had a clinical diagnosis of an irreversible pulpitis .",participants,1,0,0
11077389,"Patients randomly received a 7-day oral dose ( 28 capsules , 500 mg each , to be taken every 6 hours ) of either penicillin or a placebo control in a double-blind manner .",interventions,0,2,0
11077389,No endodontic treatment was performed .,none,0,0,0
11077389,"Each patient also received ibuprofen ; acetaminophen with codeine ( 30 mg ) ; and a 7-day diary to record pain , percussion pain , and number and type of pain medication taken .",outcomes,0,8,13
11077389,"RESULTS The administration of penicillin did not significantly ( P > .05 ) reduce pain , percussion pain , or the number of analgesic medications taken by patients with untreated irreversible pulpitis .",outcomes,0,1,7
11077389,The majority of patients with untreated irreversible pulpitis had significant pain and required analgesics to manage this pain .,outcomes,0,0,2
11077389,CONCLUSION Penicillin should not be prescribed for untreated irreversible pulpitis because penicillin is ineffective for pain relief .,none,0,0,0
11085402,Use of World Wide Web-based directories for tracing subjects in epidemiologic studies .,participants,4,0,0
11085402,The recent availability of World Wide Web-based directories has opened up a new approach for tracing subjects in epidemiologic studies .,none,0,0,0
11085402,The completeness of two World Wide Web-based directories ( Canada411 and InfoSpace Canada ) for subject tracing was evaluated by using a randomized crossover design for 346 adults randomly selected from respondents in an ongoing cohort study .,participants,2,0,0
11085402,About half ( 56.4 % ) of the subjects were successfully located by using either Canada411 or InfoSpace .,none,0,0,0
11085402,"Of the 43.6 % of the subjects who could not be located using either directory , the majority ( 73.5 % ) were female .",none,0,0,0
11085402,"Overall , there was no clear advantage of one directory over the other .",outcomes,0,0,1
11085402,"Although Canada411 could find significantly more subjects than InfoSpace , the number of potential matches returned by Canada411 was also higher , which meant that a longer list of potential matches had to be examined before a true match could be found .",outcomes,0,0,8
11085402,"One strategy to minimize the number of potential matches per true match is to first search by InfoSpace with the last name and first name , then by Canada411 with the last name and first name , and finally by InfoSpace with the last name and first initial .",none,0,0,0
11085402,Internet-based searches represent a potentially useful approach to tracing subjects in epidemiologic studies .,none,0,0,0
11098982,"Percutaneous tracheostomy in critically ill patients : a prospective , randomized comparison of two techniques .",none,0,0,0
11098982,OBJECTIVE To prospectively compare two commonly used methods for percutaneous dilational tracheostomy ( PDT ) in critically ill patients .,participants,6,6,0
11098982,"DESIGN Prospective , randomized , clinical trial .",none,0,0,0
11098982,"SETTING Trauma and general intensive care units of a university tertiary teaching hospital , which is also a level 1 trauma center .",none,0,0,0
11098982,PATIENTS One hundred critically ill patients with an indication for PDT .,interventions,0,1,0
11098982,INTERVENTIONS PDT with the Ciaglia technique using the Ciaglia PDT introducer set and the Griggs technique using a Griggs PDT kit and guidewire dilating forceps .,interventions,0,21,0
11098982,"MEASUREMENTS AND MAIN RESULTS Surgical time , difficulties , and surgical and anesthesia complications were measured at 0-2 hrs , 24 hrs , and 7 days postprocedure .",outcomes,0,0,10
11098982,"Groups were well matched , and there were no differences between the two methods in surgical time or in anesthesia complications .",outcomes,0,0,4
11098982,Major bleeding complications were 4.4 times more frequent with the Griggs PDT kit .,outcomes,0,2,3
11098982,"With the Ciaglia PDT kit , both intraoperative and at 2 and 24 hrs , surgical complications were less common ( p = .023 ) and the procedure was more often completed without expert assistance ( p = .013 ) .",interventions,0,2,2
11098982,Tracheostomy bleeding was not associated with either anticoagulant therapy or an abnormal clotting profile .,outcomes,0,0,2
11098982,Multivariate analysis identified the predictors of PDT complications as the Griggs PDT kit ( p = .027 ) and the Acute Physiology and Chronic Health Evaluation ( APACHE ) II score ( p = .041 ) .,outcomes,0,0,11
11098982,"The significant predictors of time required to complete PDT were the APACHE II score ( p = .041 ) , a less experienced operator ( p = .0001 ) , and a female patient ( p = .013 ) .",outcomes,0,1,3
11098982,"CONCLUSIONS Patients experiencing PDT with the Ciaglia PDT kit had a lower surgical complication rate ( 2 % vs. 25 % ) , less operative and postoperative bleeding , and less overall technical difficulties than did patients undergoing PDT with the Griggs PDT kit .",outcomes,1,3,12
11098982,"Ciaglia PDT is , therefore , the preferred technique for percutaneous tracheostomy in critically ill patients .",participants,2,2,0
11100343,"Somatostatin and ranitidine in the treatment of non-variceal upper gastrointestinal bleeding : a prospective , randomized , double-blind , controlled study .",participants,4,3,0
11100343,BACKGROUND/AIMS The aim of this study was to compare the efficacy of somatostatin vs. ranitidine in controlling acute non-variceal gastrointestinal bleeding .,outcomes,4,3,5
11100343,METHODOLOGY A total of 48 patients with acute upper gastrointestinal bleeding due to duodenal or gastric ulcer were divided into 2 groups .,participants,4,0,0
11100343,Group I consisted of 15 patients with Forrest IB and Group II consisted of 30 patients with Forrest II .,none,0,0,0
11100343,Two regimens were randomly allocated to all patients within half an hour after the endoscopic procedure : 1 ) somatostatin-UCB 250 mcg i.v .,interventions,0,1,0
11100343,bolus followed by continuous i.v .,none,0,0,0
11100343,"infusion at a rate of 6 mg/d for 72 h , or 2 ) ranitidine 300 mg/d by continuous i.v .",interventions,0,1,0
11100343,"infusion for 72 h. RESULTS In Group I , although mean blood transfusion requirements ( no .",outcomes,0,0,3
11100343,"of units ) were lower in patients treated with somatostatin than in those treated with ranitidine , this was not statistically significant ( mean +/- SD : 2.56 +/- 3.05 vs. 5.17 +/- 4.96 , respectively ; P > 0.05 ) ; the time of bleeding stop was shorter in the somatostatin group than in the ranitidine group ( mean +/- SD : 3.24 +/- 2.45 vs. 11.25 +/- 11.63 , respectively ; P = 0.0383 ) .",outcomes,0,3,4
11100343,The rebleeding and the mortality rates did not differ between the treatment groups in both Group I and Group II .,outcomes,0,0,3
11100343,CONCLUSIONS Somatostatin is more effective than ranitidine in controlling acute non-variceal gastrointestinal bleeding in patients with Forrest IB bleeding activity .,outcomes,0,1,5
11100343,Somatostatin has no additional benefit in those with Forrest II bleeding activity .,outcomes,0,1,2
11104595,Perioperative enteral nutrition and quality of life of severely malnourished head and neck cancer patients : a randomized clinical trial .,participants,4,0,3
11104595,BACKGROUND AND AIMS This study evaluated the use of perioperative nutritional support on Quality of Life ( QOL ) in malnourished head and neck cancer patients undergoing surgery .,outcomes,4,3,6
11104595,"METHODS 49 Malnourished ( weight loss > 10 % ) head and neck cancer patients who were included in a nutrition intervention trial were randomized to receive either no preoperative and standard postoperative tube-feeding ( group I ) , standard preoperative and postoperative tube-feeding ( group II ) or arginine-supplemented preoperative and postoperative tube-feeding ( group III ) .",interventions,5,24,0
11104595,"Of these patients , 31 completed a full QOL assessment on the first day of preoperative nutritional support , one day before surgery , and 6 months after surgery .",outcomes,0,0,2
11104595,Both a disease-specific ( EORTC QLQ-C30 ) and a generic questionnaire ( COOP-WONCA ) were used .,none,0,0,0
11104595,One way analysis of variance ( ANOVA ) and the Kruskal-Wallis test were applied for testing differences in scores between groups .,none,0,0,0
11104595,"RESULTS Between baseline and the day before surgery , both preoperatively fed groups revealed a positive change for the dimensions physical and emotional functioning and dyspnea ( with significance in group II , P=0.050,0.031,0.045 respectively ) .",outcomes,0,2,5
11104595,Group III showed a negative change in appetite ( P=0.049 ) .,outcomes,0,0,1
11104595,"Between baseline and 6 months after surgery , there were no differences between group I and both pre-fed groups .",interventions,0,3,0
11104595,There were no differences in favour of group III compared to group II .,none,0,0,0
11104595,CONCLUSION Enteral nutrition improves QOL of severely malnourished head and neck cancer patients in the period preceding surgery .,interventions,0,2,1
11104595,No benefit of preoperative enteral feeding on QOL could be demonstrated 6 months after surgery .,interventions,0,3,1
11106679,Chemoprevention of gastric dysplasia : randomized trial of antioxidant supplements and anti-helicobacter pylori therapy .,interventions,0,7,0
11106679,"BACKGROUND Previous research has identified a high risk of gastric carcinoma as well as a high prevalence of cancer precursor lesions in rural populations living in the province of NariÃ±o , Colombia , in the Andes Mountains .",participants,15,0,0
11106679,"METHODS A randomized , controlled chemoprevention trial was conducted in subjects with confirmed histologic diagnoses of multifocal nonmetaplastic atrophy and/or intestinal metaplasia , two precancerous lesions .",participants,16,0,0
11106679,"Individuals were assigned to receive anti-Helicobacter pylori triple therapy and/or dietary supplementation with ascorbic acid , beta-carotene , or their corresponding placebos .",none,0,0,0
11106679,Gastric biopsy specimens taken at baseline were compared with those taken at 72 months .,none,0,0,0
11106679,"Relative risks of progression , no change , and regression from multifocal nonmetaplastic atrophy and intestinal metaplasia were analyzed with multivariate polytomous logistic regression models to estimate treatment effects .",none,0,0,0
11106679,All statistical tests were two-sided .,none,0,0,0
11106679,"RESULTS All three basic interventions resulted in statistically significant increases in the rates of regression : Relative risks were 4.8 ( 95 % confidence interval [ CI ] = 1.6-14.2 ) for anti-H. pylori treatment , 5 .",none,0,0,0
11106679,"1 ( 95 % CI = 1.7-15.0 ) for beta-carotene treatment , and 5.0 ( 95 % CI = 1.7-14.4 ) for ascorbic acid treatment in subjects with atrophy .",none,0,0,0
11106679,"Corresponding relative risks of regression in subjects with intestinal metaplasia were 3.1 ( 95 % CI = 1.0-9.3 ) , 3.4 ( 95 % CI = 1.1-9.8 ) , and 3.3 ( 95 % CI = 1.1-9.5 ) .",none,0,0,0
11106679,Combinations of treatments did not statistically significantly increase the regression rates .,none,0,0,0
11106679,Curing the H. pylori infection ( which occurred in 74 % of the treated subjects ) produced a marked and statistically significant increase in the rate of regression of the precursor lesions ( relative risks = 8.7 [ 95 % CI = 2.7-28.2 ] for subjects with atrophy and 5.4 [ 95 % CI = 1.7-17.6 ] for subjects with intestinal metaplasia ) .,participants,8,0,0
11106679,"CONCLUSIONS In the very high-risk population studied , effective anti-H. pylori treatment and dietary supplementation with antioxidant micronutrients may interfere with the precancerous process , mostly by increasing the rate of regression of cancer precursor lesions , and may be an effective strategy to prevent gastric carcinoma .",participants,4,0,0
11108177,Measurement of peptidase activity and evaluation of effectiveness of administration of minocycline for treatment of dogs with periodontitis .,participants,2,1,2
11108177,"OBJECTIVE To determine clinical , enzymatic , and microbiologic effects of controlled-release localized administration of minocycline on dogs with periodontitis .",outcomes,2,1,5
11108177,ANIMALS Five adult Beagles with periodontitis .,participants,4,0,0
11108177,"PROCEDURE After tooth scaling and root planing , 2 treatment , 1 placebo , and 1 control site were selected for each dog .",none,0,0,0
11108177,"Treatment sites ( n = 10 ) received a periodontal formulation of minocycline hydrochloride , placebo sites ( 5 ) received ointment without minocycline , and control sites ( 5 ) did not receive ointment .",interventions,0,19,0
11108177,Treatments were administered 4 times at weekly intervals .,none,0,0,0
11108177,Peptidase activity and clinical and microbiologic effects were evaluated and compared among sites for 17 weeks .,outcomes,0,0,7
11108177,RESULTS Bleeding of the gums on probing ( BOP ) and pocket depth ( PD ) improved at the treatment site and were maintained for 13 weeks after treatment .,outcomes,0,0,16
11108177,"However , BOP and PD in placebo and control sites increased from weeks 9 to 17 Peptidase activity in the periodontal pocket decreased noticeably from week 1 to 17 , compared with baseline values for the treatment site .",outcomes,0,0,4
11108177,"However , peptidase activity for placebo and control sites increased and were above baseline values on week 9 and week 13 , respectively .",outcomes,0,0,2
11108177,Total bacterial counts decreased by 90 % for treatment sites and remained at that value for 13 weeks .,outcomes,0,0,3
11108177,"However , for placebo and control sites , bacterial counts increased and reached the baseline value on week 17 .",outcomes,0,0,2
11108177,CONCLUSIONS AND CLINICAL RELEVANCE Increased peptidase activity is correlated with the progression of periodontitis in dogs .,outcomes,2,0,3
11108177,"Treatment with minocycline , using a localized delivery system , was effective in dogs for at least 13 weeks after cessation of drug administration .",interventions,0,1,0
11132252,Effect of secretin on children with autism : a randomized controlled trial .,participants,3,1,0
11132252,"To determine the effect of intravenous porcine secretin on autistic behaviours in children aged 2 to 7 years , the effects of secretin on ( 1 ) performance on a standardized language measure , and ( 2 ) autistic behaviours , as rated by parents and child development professionals was examined .",participants,6,3,0
11132252,"Employing a randomized , double-blind , placebo-controlled design , 95 participants were assigned to one of two groups and administered a single dose of either secretin or placebo .",interventions,1,2,0
11132252,A follow-up assessment was conducted 3 weeks after the injection .,none,0,0,0
11132252,No significant differences in language or autistic behaviour measures were observed at the 3-week follow-up between the groups .,outcomes,0,0,5
11132252,"Also , there was no significant difference in the proportion of individuals who improved by > or = 6 points on the language measure at follow-up .",outcomes,0,0,9
11132252,This study showed no significant effects of secretin on children with autism .,participants,1,0,0
11132252,Our results are consistent with a systematic review of randomized controlled trials evaluating the effect of secretin in children with autism .,participants,1,0,0
11134799,A randomized trial in simultaneous pancreas-kidney transplantation : portal versus systemic venous drainage of the pancreas allograft .,interventions,3,11,3
11136837,Cardiovascular effects of tamoxifen in women with and without heart disease : breast cancer prevention trial .,interventions,0,1,0
11136837,National Surgical Adjuvant Breast and Bowel Project Breast Cancer Prevention Trial Investigators .,none,0,0,0
11136837,"BACKGROUND The overall effect of prophylactic tamoxifen in women depends on the balance between the effects of the drug , which include preventing breast cancer and altering cardiovascular risk .",outcomes,0,0,5
11136837,"In a recent clinical trial , postmenopausal estrogen-progestin therapy was shown to increase the risk of early cardiovascular events among women with a history of coronary heart disease ( CHD ) .",outcomes,0,0,3
11136837,The cardiovascular effects of tamoxifen in women with and without CHD are not known .,outcomes,0,0,2
11136837,The National Surgical Adjuvant Breast and Bowel Project Breast Cancer Prevention Trial ( BCPT ) is the only clinical trial that provides data to assess the cardiovascular effects of tamoxifen in women with and without CHD .,outcomes,0,0,2
11136837,METHODS A total of 13 388 women at increased risk for breast cancer were randomly assigned in the BCPT to receive either tamoxifen ( 20 mg/day ) or placebo .,interventions,0,6,0
11136837,"Cardiovascular follow-up was available for 13 194 women , 1048 of whom had prior clinical CHD .",none,0,0,0
11136837,"Fatal and nonfatal myocardial infarction , unstable angina , and severe angina were tabulated ( mean follow-up : 49 months ) .",outcomes,0,0,11
11136837,All statistical tests were two-sided .,none,0,0,0
11136837,"RESULTS Cardiovascular event rates were not statistically significantly different between women assigned to receive tamoxifen and those assigned to receive placebo , independent of pre-existing CHD .",outcomes,0,0,3
11136837,"Among women without CHD ( 6074 on tamoxifen versus 6072 on placebo ) , risk ratios ( 95 % confidence intervals [ CIs ] ) for tamoxifen users were 1.75 ( 0.44 to 8.13 ) for fatal myocardial infarction , 1.11 ( 0.55 to 2.28 ) for nonfatal myocardial infarction , 0.69 ( 0.29 to 1.57 ) for unstable angina , and 0.83 ( 0.32 to 2.10 ) for severe angina .",outcomes,0,0,10
11136837,"In women with CHD ( 516 on tamoxifen versus 532 on placebo ) , risk ratios ( 95 % CIs ) for tamoxifen users were 0.00 ( 0 to 1.58 ) for fatal myocardial infarction , 1.25 ( 0.32 to 5.18 ) for nonfatal myocardial infarction , 2.26 ( 0.87 to 6.55 ) for unstable angina , and 1.39 ( 0.23 to 9.47 ) for severe angina .",outcomes,0,0,12
11136837,There was no evidence that the lack of association between tamoxifen and cardiovascular events was related to an early increase in risk that may have been offset by a late decrease in risk .,outcomes,0,0,5
11136837,"CONCLUSION When used for breast cancer prevention in women with or without heart disease , tamoxifen is not associated with beneficial or adverse cardiovascular effects .",outcomes,0,0,2
11140546,Do heavier women benefit from a higher dose of leuprolide acetate for suppression of serum estradiol ?,interventions,1,2,0
11140546,OBJECTIVE To determine if heavier women benefit from a higher dose of the gonadotropin-releasing hormone analogue leuprolide acetate ( LA ) depot in terms of suppression of serum estradiol .,interventions,1,8,0
11140546,"METHODS This was a retrospective analysis of the effect of LA depot 3.75 mg and 7.5 mg on serum estradiol from a multicenter , double-blind , parallel-group , 12-week study of women with anemia due to bleeding from uterine leiomyomata .",participants,5,4,0
11140546,Serum estradiol levels were obtained at baseline and at week 12 .,outcomes,0,0,3
11140546,"Patients were divided into weight quartiles according to their baseline weight in kilograms : 46- < 64 , 64- < 72 , 72- < 89 , 89-159 ( pounds-102- < 140 , 140- < 159 , 159- < 196 , 196-350 ) .",none,0,0,0
11140546,RESULTS At baseline there was no statistically significant difference in estradiol level between groups as a whole or within weight quartiles .,outcomes,0,0,6
11140546,Within each group there was no relationship between weight and baseline estradiol .,none,0,0,0
11140546,"At week 12 , whereas estradiol levels were significantly greater in the heavier patients in each of the groups ( LA 3.75 mg , p = 0.044 ; LA 7.5 mg , p = 0.002 ) , there was no significant difference in estradiol between groups as a whole or within any of the weight quartiles .",outcomes,0,0,9
11140546,"Moreover , at week 12 there was no significant difference between groups in the percentage of patients with estradiol suppressed to the menopausal range .",outcomes,0,0,14
11140546,CONCLUSION Heavier women do not benefit from a higher dose of LA depot ( 7.5 vs. 3.75 mg ) for suppression of serum levels of estradiol .,participants,1,1,0
11143509,[ Complication rate after gastrectomy and pouch reconstruction with Longmire interposition ] .,outcomes,0,0,3
11143509,BACKGROUND/AIMS To determine whether a Longmire-Interposition with or without a pouch used for reconstruction after gastrectomy influences the postoperative complication rate .,none,0,0,0
11143509,METHODOLOGY 49 patients who underwent gastrectomy with Longmire-Interposition with ( n = 33 ) or without ( n = 16 ) an additional pouch and 46 patients with a Roux-en-Y-reconstruction were analysed retrospectively .,none,0,0,0
11143509,Complication rate and mortality were studied .,outcomes,0,0,3
11143509,RESULTS There were no significant differences between the reconstruction groups for postoperative complications ( Roux-en-Y vs. Longmire-Interposition with and without pouch : 30.4 % vs. 28.6 % for the morbidity ; 4.3 % vs. 4.1 % for the mortality ) .,outcomes,0,0,5
11143509,CONCLUSION These findings suggest that a Longmire-Interposition with or without a pouch for reconstruction after total gastrectomy is not connected with a higher morbidity or mortality in comparison to a Roux-en-Y-reconstruction .,outcomes,0,0,2
11154142,"Unopposed estrogen increases total plasma factor VII , but not active factor VII -- a short-term placebo-controlled study in healthy postmenopausal women .",participants,3,3,0
11154142,"Estrogen therapy may increase the risk of arterial thromboembolism , at least in the short term .",interventions,0,2,0
11154142,"In a randomized , double-blind and placebo-controlled study in 25 healthy postmenopausal women ( 52.5 +/- 2.8 years ) , we therefore examined the short-term effect of unopposed estrogen on the fasting and fat-load-stimulated plasma levels of total factor VII versus active factor VII .",participants,7,2,0
11154142,Plasma total factor VII was measured by use of a chromogenic assay ; plasma active FVII by a recently developed method using truncated tissue factor .,outcomes,0,0,4
11154142,"As compared to placebo , 8 weeks of oral 17beta-estradiol ( 2 mg daily ) increased the mean fasting and postprandial plasma levels of total factor VII by 17 and 21 % points , respectively ( both P < 0.01 ) , but did not affect the fasting and/or postprandial plasma levels of active factor VII ( mean change both 0.05 ng/mL ; P > 0.35 ) .",outcomes,0,3,19
11154142,"Furthermore , the change in the fasting level of total factor VII after therapy was not associated with the change in the fasting level of active factor VII ( r = 0.27 ; P = 0.21 ) .",outcomes,0,0,18
11154142,These findings argue against the idea that elevated levels of total factor VII underlie an increased risk of arterial thromboembolism in postmenopausal women using unopposed estrogen replacement .,outcomes,2,4,9
11156811,"Sertraline treatment of generalized social phobia : a 20-week , double-blind , placebo-controlled study .",participants,4,1,4
11156811,"OBJECTIVE The authors evaluated the efficacy , safety , and tolerability of sertraline , a selective serotonin reuptake inhibitor , in the treatment of generalized social phobia .",outcomes,0,1,12
11156811,"METHOD Adult outpatients with generalized social phobia ( N=204 ) from 10 Canadian centers were randomly assigned to receive sertraline or placebo in a 2:1 ratio for a 20-week double-blind study following a 1-week , single-blind , placebo run-in .",participants,5,2,0
11156811,The initial dose of sertraline was 50 mg/day with increases of 50 mg/day every 3 weeks permitted after the fourth week of treatment ( dosing was flexible up to a maximum of 200 mg/day ) .,interventions,0,1,0
11156811,Primary efficacy assessments were the percentage of patients rated much or very much improved on the Clinical Global Impression ( CGI ) improvement item and the mean changes from baseline to study endpoint in total score on the social phobia subscale of the Marks Fear Questionnaire and total score on the Brief Social Phobia Scale .,outcomes,0,0,42
11156811,"RESULTS In intent-to-treat endpoint analyses of 203 of the patients , significantly more of the 134 patients given sertraline ( N=71 [ 53 % ] ) than of the 69 patients receiving placebo ( N=20 [ 29 % ] ) were considered responders according to their CGI improvement scores at the end of treatment .",outcomes,2,2,3
11156811,"The mean reductions in the social phobia subscale of the Marks Fear Questionnaire and in the total score on the Brief Social Phobia Scale were 32.6 % and 34.3 % in the sertraline group and 10.8 % and 18.6 % in the placebo group , respectively .",outcomes,0,2,16
11156811,Analysis of covariance showed superiority of sertraline over placebo on all primary and secondary efficacy measures .,outcomes,0,2,3
11156811,Sertraline was well tolerated : 103 ( 76 % ) of the 135 sertraline-treated patients and 54 ( 78 % ) of the 69 placebo-treated patients completed the study .,interventions,0,3,0
11156811,CONCLUSIONS Sertraline is an effective treatment for patients with generalized social phobia .,outcomes,0,1,3
11157143,The effects of treatment with interleukin-1 receptor antagonist on the inflamed synovial membrane in rheumatoid arthritis .,interventions,2,3,0
11157143,OBJECTIVE To evaluate the effects of treatment with interleukin-1 receptor antagonist ( IL-1Ra ) on synovial tissue in rheumatoid arthritis ( RA ) .,interventions,0,6,0
11157143,METHODS Twelve patients with RA entering a randomized clinical trial of human recombinant IL-1Ra underwent synovial biopsies before and after treatment .,interventions,2,5,0
11157143,Cellular infiltration and adhesion molecule expression were evaluated after immunohistochemical staining .,outcomes,0,0,6
11157143,RESULTS There was a notable reduction in intimal layer macrophages and subintimal macrophages and lymphocytes after treatment with IL-1Ra at 150 mg/day ( n=3 ) .,outcomes,0,1,10
11157143,Increased cellular infiltration was observed in all patients receiving placebo ( n=3 ) ; variable changes were observed after IL-1Ra 30 mg/day ( n=6 ) .,interventions,0,2,2
11157143,"In a limited study of adhesion molecule expression , down-regulation of E-selectin and vascular cell adhesion molecule-1 was observed after treatment with IL-1Ra 150 mg/day , but not after IL-1Ra 30 mg/day or placebo .",outcomes,0,3,8
11157143,The apparent arrest of progressive joint damage seen in four patients after treatment with IL-1Ra was associated with reduced intimal layer macrophage accumulation in all patients .,outcomes,0,1,5
11157143,"CONCLUSION Treatment of RA with IL-1Ra resulted in reduced mononuclear cell infiltration of synovial membrane , which may represent the in vivo inhibition of biologically relevant IL-1ss-mediated pathogenic effects .",interventions,0,1,0
11159256,The response of neuropathic pain and pain in complex regional pain syndrome I to carbamazepine and sustained-release morphine in patients pretreated with spinal cord stimulation : a double-blinded randomized study .,participants,9,3,8
11159256,"Forty-three patients with peripheral neuropathic pain , exclusively pain reduced by spinal cord stimulation ( SCS ) , were switched into a painful state after SCS inactivation .",participants,18,0,0
11159256,"This mode was used to assess the pain-relieving effect of carbamazepine ( CMZ ) and opioids in a double-blinded , placebo-controlled trial .",interventions,0,6,0
11159256,"In Phase 1 , the patients were randomly allocated to receive either CMZ ( 600 mg/d ) or placebo during an SCS-free period of 8 days .",interventions,0,6,0
11159256,"In Phase 2 , after a CMZ elimination interval of 7 days , 38 patients received either sustained-release morphine ( 90 mg/d ) or placebo for 8 days .",interventions,0,8,0
11159256,"In cases of intolerable pain , the patients were authorized to reactivate their SCS .",interventions,0,2,2
11159256,The pain intensity was rated on a numeric analog scale .,outcomes,0,0,5
11159256,"In 38 patients who completed Phase 1 , significant delay in pain increase was observed in the CMZ group as compared with placebo ( P = 0.038 ) .",outcomes,0,0,4
11159256,"In Phase 2 , the trend observed with morphine was insignificant ( P = 0.41 ) .",none,0,0,0
11159256,Two CMZ patients and one morphine patient showed complete pain relief and preferred to continue the medication .,outcomes,0,0,3
11159256,Thirty-five patients returned to SCS .,none,0,0,0
11159256,We conclude that CMZ is effective in peripheral neuropathic pain .,outcomes,0,0,2
11159256,Morphine obviously requires larger individually titrated dosages than those used in this study for results to be adequately interpreted .,none,0,0,0
11162323,Counselor and stimulus control enhancements of a stage-matched expert system intervention for smokers in a managed care setting .,outcomes,1,4,6
11162323,BACKGROUND Previous research has demonstrated the efficacy of an interactive expert system intervention for smoking cessation for a general population .,interventions,0,4,1
11162323,The intervention provides individualized feedback that guides participants through the stages of change for cessation .,none,0,0,0
11162323,Enhancing the expert system by adding proactive telephone counseling or a stimulus control computer designed to produce nicotine fading could produce preventive programs with greater population impacts .,none,0,0,0
11162323,METHODS Four interventions were compared : ( a ) the interactive expert system intervention ; ( b ) the expert system intervention plus counselor calls ; ( c ) the expert system intervention plus the stimulus control computer ; and ( d ) an assessment only condition .,interventions,0,22,0
11162323,"A 4 ( intervention ) x 4 ( occasions ) ( 0,6,12 , and 18 months ) design was used .",none,0,0,0
11162323,Smokers were contacted at home via telephone or mail .,none,0,0,0
11162323,"The initial subject pool was the 24,178 members of a managed care company .",participants,1,0,0
11162323,"Screening was completed for 19,236 members ( 79.6 % ) , of whom 4,653 were smokers ; 85.3 % of the smokers were enrolled .",participants,2,0,0
11162323,"RESULTS Thirty-eight percent were in the precontemplation stage , 45 % in the contemplation stage , and only 17 % in the preparation stage .",none,0,0,0
11162323,"At 18 months , the expert system resulted in 23.2 % point prevalence abstinence , which was 33 % greater than that of assessment only .",outcomes,0,0,2
11162323,The counselor enhancement produced increased cessation at 12 months but not at 18 months .,outcomes,0,0,1
11162323,"The stimulus control computer produced no improvement , resulting in 20 % worse cessation rates than the assessment only condition .",outcomes,0,0,2
11162323,CONCLUSIONS The enhanced conditions failed to outperform the expert system alone .,outcomes,0,0,3
11162323,The study also demonstrated the ability of the interactive expert system to produce significantly greater cessation in a population of smokers than assessment alone .,interventions,0,3,1
11191952,[ Diphtheria antitoxin level 2 years after booster vaccination ] .,interventions,0,2,0
11191952,"In a prospective , controlled , randomized , multicenter study the immunogenicity of a single ( day 0 ) and two ( day 0 , 28 ) booster vaccination against diphtheria were compared in subjects who had received their last diphtheria vaccination more than 10 years ago .",participants,14,6,0
11191952,Both short-term and long-term immunogenicity was assessed by determining diphtheria antitoxin levels four weeks after vaccination and after one and two years .,outcomes,0,2,3
11191952,"102 subjects received the first booster vaccination , and 83 were vaccinated twice .",interventions,0,5,0
11191952,Prior to the first vaccination 27 % of the subjects had a diphtheria antitoxin level below 0.01 I.U./ml ; after the first booster only 5 % were unprotected .,outcomes,0,0,3
11191952,"The second booster did not show a significant effect , however , in 1 of the 5 subjects who were still unprotected after the first booster the second elicited an antitoxin level of more than 0.01 I.U./ml .",outcomes,0,1,2
11191952,After one and two years 7 % and 8 % of the subjects had diphtheria antitoxin level below 0.01 I.U./ml .,outcomes,0,0,3
11191952,A serological effect of a second booster vaccination four weeks after the first one could not be demonstrated neither after one nor after two years .,interventions,0,2,0
11194696,"Increasing the reach of health sponsorship : using a "" sponsorship kit "" to promote health .",outcomes,0,0,1
11194696,"In Australia , a tobacco tax provides funding for Healthway , the Western Australian Health Promotion Foundation .",none,0,0,0
11194696,Healthway provides sponsorships for the arts and racing and sporting events to replace funds previously provided by tobacco companies .,none,0,0,0
11194696,These sponsorships provide visibility for Healthway and positive health messages .,none,0,0,0
11194696,"Normally , Healthway staff attends these events to help promote health messages .",none,0,0,0
11194696,"To reduce Healthway staff time spent helping event organizers promote health messages , Healthway developed a sponsor kit of promotional materials which communicate health messages without requiring Healthway staff to attend events .",interventions,0,5,0
11194696,"Recognition , awareness , comprehension , and acceptance of health messages was comparable at events that featured Healthway staff versus the sponsor kits , but the average cost of the sponsorship kits was only 40 % of the cost when Healthway staff was featured .",outcomes,0,2,11
11196013,Spatial orientation adjustments in children with autism in Hong Kong .,interventions,2,3,0
11196013,Abnormal spatial orientation and body postures in children with autism often interfere with visual abilities to attend tasks and social interactions .,outcomes,2,0,5
11196013,"Twenty-four children diagnosed with autism from Kowloon , Hong Kong were assessed for spatial orientation and spatial management abilities .",outcomes,3,0,4
11196013,Positive changes in spatial orientation were evident when the children wore ambient prism lenses and included changes in posture from slanted to erect .,outcomes,0,4,7
11196013,"Adjustments in spatial management were evident in improved ball catching ability , a task requiring visual tracking and eye-hand coordination .",outcomes,0,0,4
11196013,The findings suggest that alterations to the sensory systems may lead to behavioral change in some children .,interventions,0,5,0
11196396,Comparison of the efficacy of fluoxetine alone vs. fluoxetine plus local lidocaine ointment in the treatment of premature ejaculation .,interventions,2,6,0
11196396,OBJECTIVE The present study compares the efficacy and side effects of fluoxetine alone vs. fluoxetine plus local lidocaine ointment in the treatment of premature ejaculation .,interventions,2,6,0
11196396,METHODS Forty-three patients suffering from premature ejaculation were studied .,participants,1,0,0
11196396,"The exclusion criteria were erectile dysfunction , loss of libido , alcohol and substance abuse , mental retardation , diabetes mellitus , thyroid disease , hypotension , previous use of these drugs and urogenital infections .",none,0,0,0
11196396,The patients ' ages ranged from 19 to 48 years ( mean age 28 +/- 1.6 ) .,participants,7,0,0
11196396,They had regular sexual lives .,none,0,0,0
11196396,They had normal psychiatric consultation and the Glombock Rast Sexual Satisfactory Test ( GRISS ) psychiatric test were in accordance with premature ejaculation .,outcomes,0,0,10
11196396,RESULTS The patients were assigned to two groups .,none,0,0,0
11196396,"Twenty-six patients , aged 21 to 36 years ( mean age 27 ) , received only fluoxetine 20 mg/day ( 1 capsule ) for a week which was later increased to 40 mg/day ( 2 capsules ) .",interventions,0,1,0
11196396,"Seventeen patients , aged 19 to 48 years ( mean age 31 ) , were given fluoxetine 20 mg/day plus local application of lidocaine ointment .",interventions,0,3,0
11196396,The patients and partners were re-evaluated 8 weeks after the treatment .,none,0,0,0
11196396,"The results were classified as unsuccessful , improvement and cure .",outcomes,0,0,3
11196396,The chi-square test was used for statistical analysis .,outcomes,0,0,2
11196396,"In the fluoxetine group , 8 ( 30.8 % ) patients cured , 11 ( 42.2 % ) showed improvement and there were 7 failures ( 26.9 % ) .",outcomes,0,0,3
11196396,"In the combination treatment group , 9 ( 52.9 % ) patients cured , improvement was observed in 5 ( 29.4 % ) and failure in 3 ( 17.6 % ) .",none,0,0,0
11196396,Side effects in group I were observed in 6 patients ( 23 % ) and in 5 ( 29.4 % ) in group II .,none,0,0,0
11196396,There were no statistical differences between the two groups according to the side effects ( p > 0.01 ) .,none,0,0,0
11196396,No patients were excluded from the study due to side effects .,none,0,0,0
11196396,CONCLUSION The combination of fluoxetine plus local application of lidocaine ointment was found to be more effective than fluoxetine alone in the treatment of premature ejaculation .,interventions,0,3,0
11196396,"However , the results should be confirmed in further studies with a placebo group to rule out the placebo effect .",none,0,0,0
1119679,The injured colon : therapeutic considerations .,participants,3,0,0
1119679,A prospective randomized study was carried out at the Detroit General Hospital over a two year period to evaluate methods of management in 165 patients with colonic injuries .,participants,3,2,0
1119679,Results of the study show that primary closure is a safe and reiable method of management when rigid criteria are incorporated in an ongoing protocol .,interventions,0,2,2
1119679,"Moreover , the technic of exteriorization is a safe adjunct to management and is recommended in any patient with a colonic injury above 18 cm in which one suture line is required and in which the additional operating time of twenty minutes will not compromise the management of secondary injuries .",participants,9,1,1
1119679,Patients not fulfilling these criteria should have primary colostomy .,outcomes,0,2,3
1119679,These principles make it possible to reduce the need for primary colostomy to approximately 50 per cent in a large ongoing group of patients with colonic injury .,participants,4,2,2
11199239,Is hands-on experience more effective than didactic workshops in postgraduate cancer pain education ?,participants,1,0,0
11199239,BACKGROUND This study examined the nurse outcomes of a cancer pain education program for nurses of patients from 11 different ethnic groups .,participants,5,0,2
11199239,"METHODS Four hundred ninety six home , hospital , and hospice nurses participated in a one-day workshop or two half-day workshops on cancer pain assessment and management .",interventions,9,11,0
11199239,"Of these , 116 were randomized to participate in a bedside-precepted visit with an oncology nurse specialist with pain specialization and a focus group to discuss attitudinal issues .",interventions,0,18,0
11199239,Eighty-six nurses served as controls .,participants,1,0,0
11199239,"Pre- , post- and one-year follow-up tests were administered .",none,0,0,0
11199239,"RESULTS Attitudes , knowledge , and application skills significantly improved for workshop-only and enriched-model nurses relative to controls .",outcomes,0,0,7
11199239,"CONCLUSION For postgraduate nurses , daylong cancer pain education workshops were , in the group studied , as effective as hands-on experience in improving cancer pain knowledge and changing attitudes .",outcomes,0,0,6
11199239,Both the workshop-only and the enriched-model nurses relative to controls had significantly improved knowledge and changed attitudes towards optimal pain management .,none,0,0,0
11205419,Cognitive performance and serotonergic function in users of ecstasy .,outcomes,1,0,4
11205419,"RATIONALE ( +/- ) 3,4-Methylenedioxymethamphetamine ( MDMA or "" ecstasy "" ) has been shown to cause long term damage to serotonergic cerebral neurons in animals .",interventions,0,8,0
11205419,"The neurotoxic effects in humans are less clear and little is known about the functional consequences , although some studies suggest memory impairment .",outcomes,0,0,2
11205419,"Given the widespread use of MDMA , our lack of knowledge raises concerns .",interventions,0,1,0
11205419,"OBJECTIVE We investigated , in humans , the relation between past use of ecstasy and cognitive performance as well as serotonergic function .",none,0,0,0
11205419,"METHODS Two groups of 21 males with moderate and heavy recreational use of MDMA , respectively , and a control group of 20 males without use of MDMA were compared .",participants,10,2,0
11205419,All were from the same subculture .,none,0,0,0
11205419,"Reaction time , direct recall , and recognition were assessed .",outcomes,0,0,6
11205419,"Serotonergic function was measured by the neuro-endocrine response to a placebo-controlled , crossover challenge with dexfenfluramine .",interventions,0,2,2
11205419,"RESULTS Ecstasy users showed a broad pattern of statistically significant , but clinically small , impairment of memory and prolonged reaction times .",outcomes,0,0,9
11205419,Heavy users were affected stronger than moderate users .,none,0,0,0
11205419,Release of cortisol but not of prolactin after dexfenfluramine administration was significantly reduced in both groups of ecstasy users compared with the controls .,outcomes,0,1,4
11205419,"Analyses of covariance showed that likely confounding variables including recent exposure to ecstasy , psychosocial profiles and use of other drugs did not explain the differences found between the groups .",none,0,0,0
11205419,CONCLUSIONS These results provide further evidence that use of ecstasy may be associated with impairment of memory and of serotonergic function .,outcomes,0,0,7
11205419,These findings are compatible with neurotoxicity of ecstasy as shown in animals .,outcomes,0,0,1
11207836,The effect of aging on circulating levels of proinflammatory cytokines during septic shock .,outcomes,2,0,5
11207836,Norasept II Study Investigators .,interventions,0,2,0
11207836,"BACKGROUND As the proportion of the population that is older continues to rise , infection in older people has become an important healthcare problem .",participants,1,0,0
11207836,"Although aging is associated with multiple abnormalities in immune function , the effect of aging on the production of proinflammatory cytokines has not been well studied under conditions of clinical stress .",outcomes,0,0,1
11207836,OBJECTIVES The aim of this study was to examine the effect of aging on circulating levels of the proinflammatory cytokines in a large cohort of septic shock patients .,outcomes,2,0,6
11207836,We hypothesized that aging would be associated with a diminished proinflammatory cytokine response to sepsis .,none,0,0,0
11207836,DESIGN Patients with septic shock who were enrolled in the placebo limb of the North American Sepsis Trial ( NORASEPT II ) study were analyzed .,interventions,2,9,0
11207836,SETTING The intensive care units of 105 hospitals in the United States and Canada .,none,0,0,0
11207836,PARTICIPANTS Nine hundred and thirty patients presenting to hospital within 12 hours of the onset of septic shock .,participants,6,0,0
11207836,"MEASUREMENTS Interleukin-6 ( IL-6 ) , tumor necrosis factor-alpha ( TNF-alpha ) , soluble tumor necrosis factor-receptor-55 ( sTNF-R55 ) , and soluble tumor necrosis factor-receptor-75 ( sTNF-R75 ) concentrations were measured at enrollment .",outcomes,0,0,23
11207836,"The study population was broken down into five age groups as follows : less than 50 years ( group one ) , 50 to 64 years ( group two ) , 65 to 74 years ( group three ) , 75 to 84 years ( group four ) , and 85 or older ( group five ) .",participants,19,0,0
11207836,"Clinical , demographic , and cytokine data were extracted to describe each age group .",outcomes,0,0,7
11207836,RESULTS Data were available for 930 patients .,participants,1,0,0
11207836,"The patients ' mean age ( +/- SD ) was 59 +/- 17 years ( range , 18 to 102 ) .",participants,4,0,0
11207836,"There were 280 patients in group one , 242 in group two , 210 in group three , 150 in group four , and 48 in group five .",participants,5,0,0
11207836,"The primary diagnoses ; clinical characteristics ; and IL-6 , sTNF-R55 , and sTNF-R75 levels were similar among the five age groups .",outcomes,0,0,8
11207836,"The TNF-alpha levels were significantly higher , however , in the oldest group of patients ( group five ) .",outcomes,0,0,2
11207836,The 28-day survival was 49 % in patients over the age of 75 and 58 % in those under 75 years ( P = .03 ) .,outcomes,0,0,2
11207836,There was no gender difference in survival or cytokine levels .,outcomes,0,0,5
11207836,"CONCLUSIONS Contrary to our expectations , we found that aging was not associated with a decline in the circulating levels of proinflammatory cytokines .",none,0,0,0
11208371,Effect of surgical technique in subtotal and bilateral thyroidectomy on risk of postoperative parathyroid insufficiency development -- our experience .,interventions,0,6,0
11208371,One of the postoperative complications after strumectomy is hypoparathyroidism .,none,0,0,0
11208371,"Therefore , the purpose of our study was to evaluate the effect of the surgical technique on the development of parathyroid gland insufficiency in our group of patients .",outcomes,3,2,5
11208371,"Subtotal , bilateral strumectomies were performed according to Rothmund 's suggestions .",interventions,0,2,0
11208371,Randomized controlled trial was performed in two groups .,none,0,0,0
11208371,"In the first group of 19 patients , main trunk of the inferior thyroid artery was ligated and in the second one consisting of 18 patients , only the branches of this artery were ligated .",interventions,4,18,0
11208371,Total calcium and PTH levels were evaluated pre- and postoperatively .,outcomes,0,0,5
11208371,"Based on the biochemical and clinical data , no statistically significant differences in the development of postoperative hypoparathyroidism in relation to performed surgical techniques were observed .",outcomes,0,2,4
11210885,Alternative voice after laryngectomy using a sound-producing voice prosthesis .,interventions,1,4,0
11210885,OBJECTIVE To improve the voice quality of female laryngectomees and/or laryngectomees with a hypotonic pharyngoesophageal ( PE ) segment by means of a pneumatic artificial source of voice incorporated in a regular tracheoesophageal ( TE ) shunt valve .,outcomes,11,15,20
11210885,"STUDY DESIGN Experimental , randomized , crossover trial .",none,0,0,0
11210885,"METHODS The new sound source consists of a single silicone lip , which performs an oscillatory movement driven by expired pulmonary air flowing along the outward-striking lip through the TE shunt valve .",none,0,0,0
11210885,A prototype of this pneumatic sound source is evaluated in vitro and in six laryngectomees .,interventions,2,3,0
11210885,"In vivo evaluation includes speech rate , maximal phonation time , perceptual voice evaluation of read-aloud prose by an expert listener , speech intelligibility measurements with 12 listeners , and self-assessment by the patients .",outcomes,3,0,31
11210885,"Moreover , extensive acoustical and aerodynamic in vivo registrations are performed using a newly developed data acquisition system .",outcomes,0,0,13
11210885,RESULTS The current prototype seems beneficial in female laryngectomees with a hypotonic PE segment only .,participants,7,0,0
11210885,"For them the sound-producing voice prosthesis improves voice quality and increases the average pitch of voice , without decreasing intelligibility or necessitating other pressure and airflow rates than regular TE shunt speech .",outcomes,0,3,27
11210885,"Pitch regulation of this prosthetic voice is possible , yet limited .",outcomes,0,0,2
11210885,CONCLUSIONS The mechanism is feasible and does not result in unacceptable airflow resistance .,outcomes,0,0,1
11210885,"For this new mechanism of alaryngeal voice to become an established technique for postlaryngectomy voice restoration , a voice suitably pitched for male laryngectomees has to be generated and a large part of the melodic and dynamic range of the sound source has to be attainable within physiological airflow rates .",participants,2,0,0
11213870,Beneficial effects of a soy-based dietary supplement on lipid levels and cardiovascular risk markers in type 2 diabetic subjects .,participants,5,3,5
11213870,OBJECTIVE Consumption of soy protein has recently been shown to improve the blood lipid levels in nondiabetic subjects .,outcomes,0,0,3
11213870,"The purpose of this study was to evaluate if a dietary supplement of soy protein , isoflavones , and cotyledon fiber ( Abalon ) affects cardiovascular risk markers , blood glucose , and insulin levels in type 2 diabetic subjects .",interventions,0,8,7
11213870,RESEARCH DESIGN AND METHODS Twenty type 2 diabetic subjects participated in a crossover trial .,participants,4,0,0
11213870,"They were randomized to double-blind supplementation for 6 weeks with Abalon ( soy protein [ 50 g/day ] with high levels of isoflavones [ minimum 165 mg/day ] and cotyledon fiber [ 20 g/day ] ) or placebo ( casein [ 50 g/day ] and cellulose [ 20 g/day ] ) , separated by a 3-week wash-out period .",interventions,0,11,0
11213870,RESULTS The results are expressed as means +/- SD .,none,0,0,0
11213870,"The percentage mean treatment difference between Abalon and placebo demonstrated significantly lower mean values after Abalon for LDL cholesterol ( 10 +/- 15 % , P < 0.05 ) , LDL/UHDL ratio ( 12 +/- 18 % , P < 0.05 ) , apolipoprotein ( apo ) B100 ( 30 +/- 38 % , P < 0.01 ) , triglycerides ( 22 +/- 10 % , P < 0.05 ) , and homocysteine ( 14 +/- 21 % , P < 0.01 ) , whereas the total cholesterol value tended to be less significant but still lower ( 8 +/- 15 % , P < 0.08 ) .",outcomes,0,3,10
11213870,"No change occurred in HDL cholesterol , apo B100/apo A1 ratio , plasminogen activator inhibitor 1 , factor VIIc , von Willebrand factor , fibrinogen , lipoprotein ( a ) , glucose , HbA1c , or 24-h blood pressure .",outcomes,0,0,25
11213870,CONCLUSIONS These results indicate beneficial effects of dietary supplementation with Abalon on cardiovascular risk markers in type 2 diabetic subjects .,outcomes,0,1,3
11213870,This improvement is seen even in individuals with near-normal lipid values .,none,0,0,0
11214014,Effect of allopurinol on myocardial oxygen free radical production in coronary bypass surgery .,outcomes,0,1,4
11214014,OBJECTIVES Allopurinol protects the heart from reperfusion injury .,interventions,0,1,0
11214014,The aim of this study was to investigate myocardial free radical production during reperfusion with and without allopurinol treatment in coronary artery bypass grafting patients randomized into allopurinol ( n = 14 ) or placebo ( n = 13 ) groups .,participants,6,2,4
11214014,DESIGN Allopurinol ( 1 g ) was given blind prior to cardiopulmonary bypass and prior to opening the aorta .,interventions,0,5,0
11214014,"Oxygen free radicals were measured before anesthesia in arterial blood , before cross-clamping and 1 and 10 min after reperfusion in arterial and coronary sinus blood .",outcomes,0,0,3
11214014,Levels were measured as relative concentrations by the electron spin resonance method .,interventions,0,12,0
11214014,"RESULTS One minute after reperfusion the level of spin-trapped radicals in arterial blood was elevated significantly ( p = 0.016 ) in the allopurinol group , from 7.7 ( SE : 0.8 ) to 8.6 ( 1.4 ) and non-significantly ( p = 0.074 ) in the placebo group , from 7.3 ( 0.7 ) to 8.3 ( 0.8 ) .",outcomes,0,0,5
11214014,"Ten minutes after reperfusion the arterial values were 8.6 ( 1.5 ) in the allopurinol and 7.6 ( 0.7 ) in the placebo group , the sinus values being 7.6 ( 1.3 ) and 8.3 ( 0.8 ) , respectively .",outcomes,0,0,6
11214014,"Myocardial free radical production was -0.94 ( 1.21 ) in the allopurinol and +0.79 ( 0.96 ) in the placebo group after 10 min reperfusion , the difference being significant ( p = 0.043 ) .",none,0,0,0
11214014,CONCLUSIONS All patients in both groups had an increasing tendency to free radical production during early reperfusion .,none,0,0,0
11214014,"Patients treated with allopurinol showed less myocardial production of free radicals , indicating that its protective effect may be due to its antioxidative properties .",outcomes,0,0,5
11218508,The effect of splinting of teeth in combination with reconstructive periodontal surgery in humans .,interventions,4,6,0
11218508,The purpose of this study was to evaluate the effect of splinting teeth on the results of periodontal reconstructive surgery using a specific carbonate bone replacement graft ( BRG ) material .,interventions,0,5,0
11218508,Forty-five patients were randomly treated with a periodontal surgery approach .,participants,3,2,0
11218508,Natural coral calcium BRG was utilised in 33 patients .,participants,1,0,0
11218508,This 33-patient group was divided into three equal groups .,none,0,0,0
11218508,"In the presplint group , teeth were splinted to at least two rigid teeth before surgery , in the postsplint group , teeth were splinted at suture removal , and in the nonsplint group , the treated teeth were not splinted at all .",interventions,0,20,0
11218508,"In 12 patients , teeth were treated with surgical debridement ( DEBR ) alone and not splinted .",none,0,0,0
11218508,"Periodontal probing depth ( PPD ) , clinical probing attachment level ( CPAL ) , and tooth mobility were measured using desmodontometry ( DDM ) and periotest ( PTV ) with reproducible methods before surgery and at various periods up to 1 year afterwards .",outcomes,0,0,18
11218508,"A decrease in PPD ( 5.4 mm , SD 1.4 mm ) and tooth mobility ( DDM-horizontal 257 microns , SD 60 microns ) and a gain of CPAL ( 5.1 mm , SD 1.4 mm ) were seen following the use of BRG in presplint teeth .",outcomes,0,0,8
11218508,"In the same group , PPD and tooth mobility were significantly reduced compared to nonsplint teeth .",outcomes,0,0,3
11218508,DEBR alone showed reductions in tooth mobility and PPD and a significantly smaller gain in CPAL than in presplint teeth treated with BRG .,outcomes,0,0,4
11218508,The less favourable improvement in periodontal function of postsplint or nonsplint teeth seemed to be due to the loss of BRG material caused by tooth mobility .,outcomes,0,0,6
11218508,These results indicate that an undisturbed wound healing process using BRG together with tooth stability is beneficial to overall clinical success .,outcomes,0,0,4
11219757,Simplified subjective workload assessment technique .,interventions,0,6,0
11219757,"Although the subjective workload assessment technique ( SWAT ) has been widely used , it has two main problems : it is not very sensitive for low mental workloads and it requires a time-consuming card sorting pretask procedure .",interventions,0,7,4
11219757,In this study are presented five variations of SWAT in an effort to overcome the limitations .,interventions,0,4,0
11219757,Four of the variants used the continuous SWAT subscales while one used the discrete SWAT subscale .,interventions,0,7,0
11219757,Fifteen subjects participated in the experiment .,participants,1,0,0
11219757,The scales were compared with the original SWAT scale in terms of sensitivity and pretask procedure completion time when performing arithmetic tasks .,interventions,0,1,1
11219757,The results show that all four variants are more sensitive than the conventional SWAT scale and that the pairwise comparison procedure takes significantly less pretask completion time compared with the original SWAT scale .,interventions,0,7,7
11219757,"Thus , the conventional pretask procedure can be replaced by a simple unweighted averaging to yield a scale of high sensitivity .",interventions,0,3,0
11228756,Effect of acarbose on additional insulin therapy in type 2 diabetic patients with late failure of sulphonylurea therapy .,participants,7,3,0
11228756,AIM The present study investigated the effect of acarbose on insulin requirements and glycaemic control in patients with type 2 diabetes receiving exogenous insulin due to secondary failure of maximum dose sulphonylurea therapy .,participants,8,2,4
11228756,"METHODS A single-centre , double-blind , randomized , placebo-controlled study was performed in 48 type 2 diabetic patients with late-term failure following at least 3 years of sulphonylurea therapy requiring additional insulin therapy to determine the impact of acarbose on glycaemic control and insulin requirements .",participants,10,4,0
11228756,The primary end points were glycaemic response rate ( responders being predefined as patients who achieve a decrease in HbA1c to less than 8 % or a reduction by at least 15 % as compared to the baseline values ) and the daily insulin dose at 6 months .,outcomes,0,1,6
11228756,"Secondary parameters assessed included postprandial changes in blood glucose , serum insulin and C-peptide during the treatment period .",outcomes,0,1,10
11228756,RESULTS There were significantly more responders in the acarbose-treated group compared with the placebo group ( 20/24 patients vs. 10/19 patients ; p < 0.05 ) .,none,0,0,0
11228756,The mean daily insulin dose after 24 weeks of treatment was 16.4 +/- 10.1 IU in the acarbose group and 22.4 +/- 12.2 IU in the placebo group ( mean +/- s.d .,outcomes,0,3,4
11228756,; p < 0.07 ) .,none,0,0,0
11228756,"Postprandial increases in blood glucose , insulin and C-peptide were consistently lower in the acarbose-treated group than in the placebo group .",outcomes,0,1,7
11228756,"For example , the mean increase in 2-h postprandial serum insulin remained almost unchanged in the acarbose group at the end of 24 weeks of treatment compared to an increase to 43 +/- 29 microU/ml ( mean +/- s.d .",outcomes,0,1,7
11228756,) at the end of the study period for the placebo group .,interventions,0,1,0
11228756,CONCLUSIONS The findings of this study suggest that the addition of acarbose to sulphonylurea/insulin combination therapy can improve glycaemic control in type 2 diabetic patients .,participants,3,2,2
11228756,Acarbose may also reduce insulin resistance and hyperinsulinaemia .,outcomes,0,1,5
11234566,Phase-dependent modulation of the soleus H-reflex during rhythmical arm swing in humans .,interventions,2,3,2
11234566,The purpose of this study is to investigate modulation of the soleus H-reflex during rhythmic arm swing in humans .,interventions,2,5,5
11234566,Significant depression of the soleus H-reflex was observed when subjects swung their ipsilateral arms or both arms reciprocally during testing .,participants,1,0,1
11234566,The degree of soleus H-reflex depression appeared directly proportional to the speed of the arm swing .,outcomes,0,2,3
11234566,"This depression was observed in the conditioning-testing intervals of 400 , 500 , and 600 msec during the ipsilateral backward arm swing and at the onset of the ipsilateral arm forward swing .",interventions,0,8,1
11234566,This phase of depression partially overlapped the phase of depression of the soleus H-reflex during walking .,outcomes,0,0,1
11234566,"However , the pattern of modulation during arm swing was not exactly the same as that during walking .",none,0,0,0
11234566,"Therefore , we concluded that the ipsilateral arm swing may partially affect the depression of the soleus H-reflex during the arm swing phase of walking but is not responsible for depression of the soleus H-reflex throughout the entire walking cycle .",outcomes,0,3,5
11237545,Comparison of provocative tests for unexplained syncope : isoprenaline and glyceryl trinitrate for diagnosing vasovagal syncope .,interventions,0,3,3
11237545,"AIMS To compare the sensitivity , specificity and adverse event profile of glyceryl trinitrate head-up tilt with isoprenaline head-up tilt in the diagnosis of vasovagal syncope in patients with unexplained syncope and healthy controls .",interventions,0,3,0
11237545,"METHODS AND RESULTS Forty-eight patients with unexplained syncope and negative passive head-up tilt at 70 degrees for 40 min , and 14 healthy controls underwent glyceryl trinitrate head-up tilt and isoprenaline head-up tilt ( maximum dose 5 microg x min ( -1 ) ) one week apart in random order .",interventions,0,7,0
11237545,"Outcome measures were production of symptoms ( syncope , pre-syncope ) with development of hypotension .",outcomes,0,0,13
11237545,"In those with negative passive head-up tilt , the sensitivity of glyceryl trinitrate for diagnosing vasovagal syncope was 48 % and the specificity was 71 % .",outcomes,0,2,6
11237545,Glyceryl trinitrate was well tolerated .,outcomes,0,0,1
11237545,Isoprenaline sensitivity was 21 % with specificity 64 % .,outcomes,0,1,2
11237545,Side-effects prevented completion of the test in 68 % .,outcomes,0,0,1
11237545,Commonest adverse events were the development of hypertension or tachycardia and intolerable flushing or nausea .,outcomes,0,0,11
11237545,CONCLUSIONS Glyceryl trinitrate head-up tilt is as effective as isoprenaline head-up tilt as a provocative agent for vasovagal syncope and has a lower incidence of adverse events .,outcomes,0,7,12
11238483,Effect of protein ingestion on the glucose appearance rate in people with type 2 diabetes .,participants,6,2,3
11238483,Amino acids derived from ingested protein are potential substrates for gluconeogenesis .,none,0,0,0
11238483,"However , several laboratories have reported that protein ingestion does not result in an increase in the circulating glucose concentration in people with or without type 2 diabetes .",participants,4,0,3
11238483,The reason for this has remained unclear .,none,0,0,0
11238483,In people without diabetes it seems to be due to less glucose being produced and entering the circulation than the calculated theoretical amount .,none,0,0,0
11238483,"Therefore , we were interested in determining whether this also was the case in people with type 2 diabetes .",none,0,0,0
11238483,"Ten male subjects with untreated type 2 diabetes were given , in random sequence , 50 g protein in the form of very lean beef or only water at 0800 h and studied over the subsequent 8 h. Protein ingestion resulted in an increase in circulating insulin , C-peptide , glucagon , alpha amino and urea nitrogen , and triglycerides ; a decrease in nonesterified fatty acids ; and a modest increase in respiratory quotient .",outcomes,1,13,15
11238483,"The total amount of protein deaminated and the amino groups incorporated into urea was calculated to be approximately 20-23 g. The net amount of glucose estimated to be produced , based on the quantity of amino acids deaminated , was approximately 11-13 g. However , the amount of glucose appearing in the circulation was only approximately 2 g. The peripheral plasma glucose concentration decreased by approximately 1 mM after ingestion of either protein or water , confirming that ingested protein does not result in a net increase in glucose concentration , and results in only a modest increase in the rate of glucose disappearance .",outcomes,0,0,27
11246578,Work-related stress and early atherosclerosis .,participants,6,0,0
11246578,The purpose of this study was to examine the link between work-related stress and early atherosclerosis as measured by common carotid artery intima-media thickness and focal lesions in the common carotid artery and bifurcation .,participants,2,0,0
11246578,Four hundred sixty-seven members of an occupational cohort ( total N = 573 ) were examined via questionnaires and B-mode ultrasound .,participants,4,3,0
11246578,We used multiple linear and logistic models to regress lesion risk and intima-media thickness on work-related stress scores from a questionnaire administered at an 18-month follow-up examination .,outcomes,0,0,3
11246578,"In an age-adjusted model , the prevalence of carotid lesions among men scoring in the highest stress quintile was 36 % compared with 21 % among men in the lowest quintile .",outcomes,0,0,4
11246578,We also observed an increase in intima-media thickness in the highest quintile relative to the lowest ( difference = 0.048 +/- 0.025 mm ) among men .,outcomes,0,0,2
11246578,"Among women , stress was not related to the prevalence of lesions or intima-media thickness .",outcomes,2,0,7
11246578,These findings suggest that men with greater work-related stress are at increased risk for atherosclerotic disease .,outcomes,3,0,4
11246578,"Women in this age group may be protected from such effects , or current work-place questionnaires may not accurately assess stress in women .",none,0,0,0
11253439,Sun protection behaviors and stages of change for the primary prevention of skin cancers among beachgoers in southeastern New England .,interventions,2,3,0
11253439,Sun exposure is the most important avoidable cause of skin cancers .,none,0,0,0
11253439,"We report characteristics of a representative sample ( N = 2,324 ) of beachgoers in Southeastern New England during the summer of 1995 .",participants,1,0,0
11253439,This sample was not employing adequate sun protection behaviors ( 83 % did not often avoid the sun during midday and only 45 % often used sunscreen ) .,interventions,0,9,0
11253439,"Important demographic and skin cancer risk factor differences in sun protective behaviors and stages of change for sun protection were found , especially differences based on age , gender , and degree of sun sensitivity .",none,0,0,0
11253439,"Consistent with previous research , increased age , female gender , and greater sun sensitivity were each independently associated with more sun protective behaviors .",interventions,0,3,3
11253439,"These findings underscore the need for interventions targeting high-risk populations , such as those receiving high-intensity sun exposures at the beach .",none,0,0,0
11265037,RAB-plate versus sliding hip screw for unstable trochanteric hip fractures : stability of the fixation and modes of failure -- radiographic analysis of 218 fractures .,interventions,0,4,0
11265037,BACKGROUND The sliding hip screw has gained considerable acceptance in the treatment of unstable trochanteric fractures .,interventions,0,3,0
11265037,"However , the new type of 120 degrees fixed angle blade-plate with a buttress rod ( RAB-plate ) showed encouraging clinical results .",interventions,0,9,0
11265037,The purpose of this study was to assess stability of fixation and analyze modes of failure in unstable trochanteric hip fractures treated with these devices .,none,0,0,0
11265037,METHODS A retrospective radiographic review of 218 unstable fractures was performed .,none,0,0,0
11265037,Linear and angular displacements of the major fragments and implant migration into the femoral head during healing were assessed .,outcomes,0,0,6
11265037,"Additionally , adequacy of the reduction and the location of the implant within the femoral head as predictors of fixation failure were evaluated .",none,0,0,0
11265037,RESULTS The postreduction neck-shaft angle was maintained in the majority of the fractures in both groups .,none,0,0,0
11265037,"However , there was a significantly higher incidence of varus angulation by 10 degrees or more by the completion of healing among fractures treated with the sliding hip screw ( p = 0.04 ) .",interventions,0,3,0
11265037,There was no statistically significant difference in vertical migration of the device into the femoral head between the implants used ( p = 0.3 ) .,outcomes,0,0,9
11265037,There was a significant relationship between failure of the fixation and varus reduction ( p = 0.04 ) as well as screw/neck angle deviation more than 20 degrees in the lateral projection ( p = 0.005 ) or if the implant was in a superior or posterior position ( p = 0.02 ) .,none,0,0,0
11265037,"CONCLUSION The RAB-plate provided a more stable fixation , especially with regard to maintained postoperative alignment .",interventions,0,1,0
11265037,"However , positive predictors for fixation failure were identical for both devices .",outcomes,0,0,2
11265037,"Here , the screw/neck angle deviation has had the strongest significance for prediction of fixation failure .",none,0,0,0
11284463,Oral rizatriptan versus oral sumatriptan : a direct comparative study in the acute treatment of migraine .,participants,5,0,0
11284463,Rizatriptan 030 Study Group .,none,0,0,0
11284463,"Rizatriptan is a potent , oral , 5-HT1B/1D agonist with more rapid absorption and higher bioavailability than oral sumatriptan .",none,0,0,0
11284463,It was postulated that this would result in more rapid onset of effect .,none,0,0,0
11284463,"This randomized , double-blind , triple-dummy , parallel-groups study compared rizatriptan 5 mg , rizatriptan 10 mg , sumatriptan 100 mg , and placebo in 1268 outpatients treating a single migraine attack .",interventions,8,12,0
11284463,"Headache relief rates after rizatriptan 10 mg were consistently higher than sumatriptan at all time points up to 2 hours , with significance at 1 hour ( 37 % versus 28 % , P = 0.010 ) .",outcomes,0,0,3
11284463,All active agents were significantly superior to placebo with regard to headache relief and pain freedom at 2 hours ( P < or = 0.001 ) .,outcomes,0,0,4
11284463,"The primary efficacy endpoint of time to pain relief through 2 hours demonstrated that , after adjustment for age imbalance , rizatriptan 10 mg had earlier onset than sumatriptan 100 mg ( P = 0.032 ; hazard ratio 1.21 ) .",outcomes,0,0,6
11284463,"Rizatriptan 10 mg was also superior to sumatriptan on pain-free response ( P = 0.032 ) , reduction in functional disability ( P = 0.015 ) , and relief of nausea at 2 hours ( P = 0.010 ) .",outcomes,0,0,7
11284463,"Significantly fewer drug-related clinical adverse events were reported after rizatriptan 10 mg ( 33 % , P = 0.014 ) compared with sumatriptan 100 mg ( 41 % ) .",outcomes,0,0,4
11284463,We conclude that rizatriptan 10 mg has a rapid onset of action and relieves headache and associated symptoms more effectively than sumatriptan 100 mg .,none,0,0,0
11292273,Clinical implications of a reduction in psychological distress on cardiac prognosis in patients participating in a psychosocial intervention program .,participants,3,3,0
11292273,OBJECTIVE The objective of this secondary analysis was to examine the relationships between a reduction in psychological distress and long-term cardiac and psychological outcomes in post-myocardial infarction patients who participated in a randomized trial of home-based psychosocial nursing interventions ( the Montreal Heart Attack Readjustment Trial [ M-HART ] ) .,participants,5,0,0
11292273,Gender differences were considered .,none,0,0,0
11292273,"METHODS We studied 433 patients ( 36.0 % women ) from the M-HART treatment group who received two home visits after achieving a high psychological distress score ( ie , > or =5 ) on the General Health Questionnaire ( GHQ ) .",interventions,2,40,0
11292273,Short-term GHQ success was determined by a return to a normal GHQ score ( < 5 ) or a reduction of > or =50 % after the two visits .,outcomes,0,0,4
11292273,"Patients with short-term successful and unsuccessful GHQ outcomes were compared for mid-term maintenance of success , 1-year death and readmission rates , and 1-year depression and anxiety symptoms .",none,0,0,0
11292273,"RESULTS Patients with short-term GHQ success were more likely to show mid-term GHQ success ( p < .001 ) , marginally less likely to die of any causes ( p = .087 ) , less likely to die of cardiac causes ( p = .043 ) , less likely to be readmitted for any reason ( p < .001 ) and for cardiac reasons ( p < .001 ) , and less likely to have high depression ( p < .001 ) and anxiety ( p < .001 ) at 1-year than patients with short-term unsuccessful GHQ outcomes .",outcomes,0,0,17
11292273,Results held for men and women and were not altered by controlling for potential confounders .,participants,2,0,0
11292273,"However , the number of deaths prevented analysis with statistical controls .",outcomes,0,0,1
11292273,CONCLUSIONS Post-myocardial infarction interventions that reduce psychological distress have the potential to improve long-term prognosis and psychological status for both men and women .,outcomes,2,0,4
11292279,Central nervous system serotonin function and cardiovascular responses to stress .,outcomes,0,0,2
11292279,OBJECTIVE The objective of this study was to evaluate the impact of indices of central nervous system ( CNS ) serotonin function on cardiovascular reactivity to mental stress .,outcomes,0,0,2
11292279,METHODS Lumbar puncture was performed on 54 healthy volunteers to obtain cerebrospinal fluid ( CSF ) for determination of 5-hydroxyindoleacetic acid ( 5HIAA ) levels .,interventions,1,2,0
11292279,Genotypes were determined with respect to a functional polymorphism of the serotonin transporter gene promoter region ( 5HTTLPR ) .,none,0,0,0
11292279,Subjects then underwent mental stress testing .,none,0,0,0
11292279,"RESULTS Persons with one or two long ( l ) 5HTTLPR alleles had CSF levels of the major serotonin metabolite , 5HIAA , that were 50 % higher than those of persons with the s/s 5HTTLPR genotype .",participants,4,0,2
11292279,Persons with one or two l alleles or higher CSF 5HIAA levels also exhibited greater blood pressure and heart rate responses to a mental stress protocol .,outcomes,0,0,9
11292279,"CONCLUSIONS These findings suggest the 5HTTLPR polymorphism affects CNS serotonin function , and they are consistent with the general hypothesis that CNS serotonin function is involved in the regulation of potentially health-damaging biobehavioral characteristics .",none,0,0,0
11292279,"In particular , the l allele could contribute , through its association with increased cardiovascular reactivity to stress , to increased risk of cardiovascular disease .",outcomes,0,0,2
11295009,Interferential therapy electrode placement technique in acute low back pain : a preliminary investigation .,participants,5,5,0
11295009,OBJECTIVE To determine the efficacy of interferential therapy ( IFT ) electrode placement technique compared with a control treatment in subjects with acute low back pain ( LBP ) .,interventions,0,10,0
11295009,"DESIGN Single-blind , randomized , controlled trial with a 3-month follow-up .",none,0,0,0
11295009,SETTING Outpatient physiotherapy departments in hospital and university settings .,none,0,0,0
11295009,"PATIENTS A random sample of 60 eligible patients with back pain ( 28 men , 32 women ) were recruited by general practitioners and self-referral for physiotherapy treatment and randomly assigned to 1 of 3 groups .",none,0,0,0
11295009,"INTERVENTIONS ( 1 ) "" IFT painful area "" and The Back Book , ( 2 ) "" IFT spinal nerve "" and The Back Book , and ( 3 ) "" Control , "" The Back Book only .",interventions,0,24,0
11295009,Standardized IFT stimulation parameters were used : carrier frequency 3.85 kHz ; 140 Hz constant ; pulse duration 130 micros ; 30 minutes ' duration .,interventions,0,1,0
11295009,"MAIN OUTCOME MEASURES Pain Rating Index , Roland-Morris Disability Questionnaire ( RMDQ ) , and EuroQol were completed by subjects pretreatment , at discharge , and 3-month follow-up .",outcomes,0,0,13
11295009,RESULTS All groups had significant improvements in all outcomes at follow-up .,none,0,0,0
11295009,"Subjects managed by IFT spinal nerve and The Back Book displayed both a statistically significant ( p = .030 ) and clinically meaningful reduction in functional disability ( RMDQ ) , compared with management via IFT painful area and The Back Book combined or The Back Book alone .",outcomes,0,0,7
11295009,"CONCLUSIONS The findings showed that IFT electrode placement technique affects LBP-specific functional disability , providing preliminary implications for future clinical studies .",interventions,0,4,0
11297722,Double-blind placebo-controlled administration of fluoxetine in restricting- and restricting-purging-type anorexia nervosa .,participants,6,2,0
11297722,BACKGROUND Anorexia nervosa is an often chronic disorder with high morbidity and mortality .,none,0,0,0
11297722,Many people relapse after weight restoration .,none,0,0,0
11297722,This study was designed to determine whether a selective serotonin reuptake inhibitor would improve outcome and reduce relapse after weight restoration by contributing to maintenance of a healthy normal weight and a reduction of symptoms .,outcomes,0,4,17
11297722,METHODS We administered a double-blind placebo-controlled trial of fluoxetine to 35 patients with restricting-type anorexia nervosa .,interventions,0,2,0
11297722,Anorexics were randomly assigned to fluoxetine ( n = 16 ) or a placebo ( n = 19 ) after inpatient weight gain and then were observed as outpatients for 1 year .,interventions,0,2,0
11297722,"RESULTS Ten of 16 ( 63 % ) subjects remained on fluoxetine for a year , whereas only three of 19 ( 16 % ) remained on the placebo for a year ( p =.006 ) .",interventions,0,2,0
11297722,Those subjects remaining on fluoxetine for a year had reduced relapse as determined by a significant increase in weight and reduction in symptoms .,outcomes,0,1,11
11297722,CONCLUSIONS This study offers preliminary evidence that fluoxetine may be useful in improving outcome and preventing relapse of patients with anorexia nervosa after weight restoration .,participants,4,1,1
11300174,Effectiveness of the school dental screening programme in stimulating dental attendance for children in need of treatment in Northern Ireland .,interventions,1,4,4
11300174,UNLABELLED The school dental screening programme has been in existence from the beginning of the 20th century yet its value in encouraging attendance among children with a dental health need is not fully established .,participants,2,0,0
11300174,"OBJECTIVE To evaluate the effectiveness of school dental screening in promoting dental attendance among children with a treatment need and to examine the relative importance of screening , social class and other factors in dental attendance .",outcomes,1,3,4
11300174,"METHODS Sixty-four participating schools were assigned to study and control groups using a stratified , blocked randomisation technique .",participants,1,0,0
11300174,The study group children received the standard school dental screening and the dental attendance of those with a positive screening result was assessed after 2 months by means of a questionnaire issued to the children 's parents .,interventions,0,4,2
11300174,"The control group children were not , at this stage , screened , yet their parents received the same questionnaire assessing dental attendance over the 2-month period .",interventions,0,10,2
11300174,"However , only questionnaires from control group children who had a positive result at a subsequent screening were retained for analysis .",none,0,0,0
11300174,"RESULTS A total of 2,321 children were screened , with 980 having a positive result .",participants,3,0,0
11300174,The mean dmft of those screening positive was 4.85 .,none,0,0,0
11300174,"In all , 664 completed questionnaires were returned , giving a response rate of 67.8 % .",participants,1,0,0
11300174,Dental attendance was reported among 45.5 % of the study group ( n=352 ) in the 2 months following screening .,outcomes,0,0,2
11300174,"In the same period , 27.6 % of the control group ( n=312 ) claimed attendance .",none,0,0,0
11300174,The effect was found to be significant among the high employed group ( P < 0.01 ) and the unemployed group ( P < 0.05 ) .,none,0,0,0
11300174,CONCLUSION School dental screening was capable of stimulating dental attendance .,outcomes,0,0,2
11300174,The strong effect among the lowest socio-economic group shows that school dental screening may be used to decrease dental health inequalities .,outcomes,0,0,3
11302295,Psychosocial nursing therapy following sudden cardiac arrest : impact on two-year survival .,participants,5,3,2
11302295,"BACKGROUND Although psychosocial therapy has been shown to reduce mortality after myocardial infarction , it is unknown whether the benefits of psychosocial therapy on mortality reduction extend to out-of-hospital sudden cardiac arrest , a main cause of cardiovascular mortality .",outcomes,0,4,5
11302295,OBJECTIVE Describe efficacy of psychosocial therapy on two-year cardiovascular mortality in sudden cardiac arrest survivors .,participants,5,2,2
11302295,"METHOD Survivors of out-of-hospital ventricular fibrillation or asystole ( N = 129 ) , documented by electrocardiograms from registries of a citywide Medic One unit and two countywide emergency units , were randomized into a two group , experimental , longitudinal design .",participants,1,0,0
11302295,"The intervention consisted of 11 individual sessions , implementing three components : physiologic relaxation with biofeedback training focused on altering autonomic tone ; cognitive behavioral therapy aimed at self-management and coping strategies for depression , anxiety , and anger ; and cardiovascular health education .",interventions,0,3,0
11302295,The primary outcome measure was cardiovascular mortality .,outcomes,0,0,2
11302295,"RESULTS Risk of cardiovascular death was significantly reduced 86 % by psychosocial therapy , p = .03 .",outcomes,0,0,4
11302295,Six of the seven cardiovascular deaths in the control group were caused by ventricular arrhythmias .,outcomes,0,0,2
11302295,The cardiovascular death in the therapy group was due to stroke .,outcomes,0,0,3
11302295,"Controlling for depression , previous myocardial infarction , low ejection fraction , decreased heart rate variability , and ventricular ectopic beats had little impact on estimated treatment effect .",outcomes,0,0,19
11302295,"The risk of all-cause mortality was reduced by 62 % in the therapy group , p = .13 .",outcomes,0,0,4
11302295,There were a total of three deaths in the therapy group and eight deaths in the control group .,outcomes,0,1,2
11302295,CONCLUSIONS Psychosocial therapy significantly reduced the risk of cardiovascular death in sudden cardiac arrest survivors .,interventions,0,2,2
11305684,"Effectiveness of N , N-dimethylglycine in autism and pervasive developmental disorder .",participants,6,0,1
11305684,"N , N-dimethylglycine , a dietary supplement , has been reported to be beneficial in children with autism and pervasive developmental disorder .",participants,8,3,0
11305684,"We examined the effectiveness of dimethylglycine in children with autism and pervasive developmental disorder in a double-blind , placebo-controlled study .",participants,7,0,0
11305684,Thirty-seven children between 3 and 11 years of age with a diagnosis of autism and/or pervasive developmental disorder were gender and age matched and randomly assigned to receive either placebo or dimethylglycine for 4 weeks .,participants,18,7,0
11305684,"All children were assessed before and after treatment on two behavioral measures , the Vineland Maladaptive Behavior Domain and the Aberrant Behavior Checklist .",interventions,0,14,7
11305684,Standardized neurologic examinations before and after treatment on 33 children showed no change .,outcomes,0,0,7
11305684,An overall improvement on all behavioral measures was observed for both the placebo and the dimethylglycine groups .,outcomes,0,0,2
11305684,"However , the improvement among the children who received dimethylglycine was not statistically different from the improvement observed among the children who received the placebo .",none,0,0,0
11305684,"The children who participated in this study were a heterogeneous group , and their apparent responses to the dimethylglycine varied .",none,0,0,0
11305684,"Some children appeared to respond positively to the dimethylglycine , and there was a smaller proportion of negative changes in the dimethylglycine group , but the quantitative changes in the dimethylglycine behavioral assessments were not significantly different from what was observed among children who received placebo .",none,0,0,0
11315533,Children with persistent conduct problems who dropout of treatment .,participants,10,0,0
11315533,Dropout of treatment is one of the key issues in outcome in a child and adolescent mental health service .,outcomes,0,0,1
11315533,"We report two studies focusing on the treatment process and the dropout rate of children with persistent conduct problems presenting to a community mental health service , using a prospective design .",outcomes,0,0,4
11315533,The first study included 32 children and used a randomised controlled treatment design comparing a CBT approach with conjoint family therapy and an eclectic approach .,interventions,1,11,0
11315533,The overall dropout rate was 36 % .,outcomes,0,0,3
11315533,Dropout occurred significantly less frequently in the CBT group .,interventions,0,1,1
11315533,"The dropout group was associated with mothers who were younger and less educated , a poorer rating by the clinicians at the last meeting , parental dissatisfaction with the treatment service and perception that the treatment was less organised and having less behavioural tasks .",outcomes,0,0,6
11315533,In the second study we used a naturalistic follow-up design .,interventions,0,2,0
11315533,Forty-six children were included .,participants,1,0,0
11315533,The overall dropout rate was 48 % .,outcomes,0,0,3
11315533,"Again , the children who defaulted were rated by clinicians as less likely to have improved and dropout was also significantly associated with parental perception of a less organised treatment .",outcomes,0,0,7
11315533,In both studies dropout usually occurred after assessment and at the early phase of treatment .,outcomes,0,0,1
11318022,Double hearing protection and speech intelligibility-room for improvement .,none,0,0,0
11318022,"INTRODUCTION Double hearing protection is used in many air forces around the world for protection in noisy aircraft environments , particularly in helicopters .",none,0,0,0
11318022,The usual combination is foam ear plugs under headset or helmet muffs .,none,0,0,0
11318022,Much of the research that spurred the introduction of foam earplugs indicated little change in speech intelligibility in persons with normal hearing .,none,0,0,0
11318022,"However , aircrew often complain about having to maximize intercom volume for speech understanding , causing a situation with no reserve volume and bad sound quality .",none,0,0,0
11318022,"In recent years , further developments have included so-called hi-fi plugs and custom made ear plugs which are claimed to improve speech communication .",none,0,0,0
11318022,The aim of the present project was to investigate different types of ear plugs and their effect on speech intelligibility in helicopter noise .,none,0,0,0
11318022,METHODS Each of nine normal-hearing pilot subjects were placed in an environment of recorded helicopter noise from a BO-105 helicopter .,interventions,0,10,0
11318022,"Speech audiometry was performed under four different conditions : headset only , and three different ear plugs worn under the headset .",interventions,0,21,0
11318022,"Fitting of the ear plugs was performed by an ear , nose and throat specialist to ensure similar conditions .",interventions,0,19,0
11318022,The sequence of test conditions was randomized and double-blind .,none,0,0,0
11318022,"In addition , a subjective rating scale was used .",outcomes,0,0,3
11318022,RESULTS Wearing foam ear plugs under the headset decreased speech intelligibility dramatically .,outcomes,0,0,2
11318022,"The "" hi-fi "" plug was somewhat better than foam plugs , and the custom made ear plug provided a speech intelligibility close to the headset-only situation .",outcomes,0,0,2
11318022,Subjective rating scores coincided with these findings .,outcomes,0,0,3
11318022,"DISCUSSION In helicopter noise , custom made ear plugs may provide a much improved speech intelligibility over conventional plugs when worn under a headset , while maintaining improved noise protection over the headset-alone situation .",outcomes,0,0,4
11318022,Custom made ear plugs might therefore be a good alternative to other forms of enhanced noise protection in helicopters .,outcomes,0,0,3
11318056,Variability in isochronous tapping : higher order dependencies as a function of intertap interval .,participants,2,2,0
11318056,"Isochronous serial interval production ( ISIP ) data , as from unpaced finger tapping , exhibit higher order dependencies ( drift ) .",participants,6,3,0
11318056,"This fact has largely been ignored by the timing literature , one reason probably being that influential timing models assume random variability .",none,0,0,0
11318056,"Men and women , 22-36 years old , performed a synchronization-continuation task with intertap intervals ( ITI ) from 0.4 s to 2.2 s. ISIP variability was partitioned into components attributable to drift and 1st-order serial correlation , and the results indicate that ( a ) drift contributes substantially to the dispersion for longer ITIs , ( b ) drift and 1st-order correlation are different functions of the ITI , and ( c ) drift exhibits break close to 1.0 s and 1.4 s ITI .",interventions,4,8,0
11318056,"These breaks correspond to qualitative changes in performance for other temporal tasks , which suggests common timing processes across modalities and tasks .",none,0,0,0
11319711,Physiologic modeling of the intravenous glucose tolerance test in type 2 diabetes : a new approach to the insulin compartment .,participants,4,0,4
11319711,The minimal model of Bergman et al has been used to yield estimates of insulin sensitivity ( Si ) and glucose effectiveness ( Sg ) in type 2 diabetes by incorporating exogenous insulin protocols into the regular intravenous glucose tolerance test ( IVGTT ) .,outcomes,0,3,10
11319711,"These estimates , however , are influenced by the degree to which the dose of exogenous insulin is greater than the physiologic response to a glucose load .",interventions,0,2,0
11319711,"Moreover , most studies have related to type 2 diabetes subjects whose diabetes was relatively mild in terms of therapeutic requirements .",participants,4,0,0
11319711,"To develop a "" minimal disturbance "" approach in estimating Si and Sg in type 2 diabetes , we have used a reduced glucose load ( 200 mg/kg ) and a "" physiologic "" insulin infusion throughout the IVGTT in a series of 8 patients , 5 of whom were insulin-requiring .",interventions,0,8,2
11319711,"Data from this approach were analyzed using the modelling program CONSAM to apply the Bergman model , either unmodified ( BMM ) , or incorporating an additional delay element between the plasma and "" remote "" insulin compartments ( MMD ) .",none,0,0,0
11319711,"Application of the MMD and extension of the IVGTT from 3 to 5 hours improved successful resolution of Si and Sg from 37.5 % ( BMM , 3-hour IVGTT ) to 100 % ( MMD , 5-hour IVGTT ) .",outcomes,0,0,5
11319711,Si was reduced in these type 2 diabetes patients compared with normal subjects ( 1.86 +/- 0.60 v. 8.65 +/- 2.27 min ( -1 ) x microU ( -1 ) x mL x 10 ( 4 ) P < .01 ) .,outcomes,0,0,1
11319711,The results were validated in the type 2 diabetes group using a 2-stage euglycemic clamp ( ( Si ) CLAMP = 2.02 +/- 0.42 min ( -1 ) x microU ( -1 ) x mL x 10 ( 4 ) P > .4 ) .,none,0,0,0
11319711,Sg was not significantly reduced ( 2.00 +/- 0.25 type 2 diabetes v. 1.55 +/- 0.26 normal min ( -1 ) x 10 ( 2 ) ) .,outcomes,0,0,1
11319711,"Data from a group of normal nondiabetic subjects was then analyzed using the MMD , but this approach did not enhance the fit of the model compared with the BMM .",none,0,0,0
11319711,This result indicates that the delay in insulin action in type 2 diabetes represents an abnormality whereby the onset of insulin action can not be described as a single phase in the transfer of insulin from plasma to the remote compartment .,none,0,0,0
11319711,"It is postulated that the physiologic basis for this delayed action may relate to transcapillary endothelial transfer of insulin , this process limiting the rate of onset of insulin action .",none,0,0,0
11322670,A pharmacy discharge plan for hospitalized elderly patients -- a randomized controlled trial .,interventions,2,3,0
11322670,OBJECTIVES to investigate the effectiveness of a pharmacy discharge plan in elderly hospitalized patients .,outcomes,1,2,6
11322670,DESIGN randomized controlled trial .,none,0,0,0
11322670,SUBJECTS AND SETTINGS we randomized patients aged 75 years and older on four or more medicines who had been discharged from three acute general and one long-stay hospital to a pharmacy intervention or usual care .,participants,4,0,0
11322670,INTERVENTIONS the hospital pharmacist developed discharge plans which gave details of medication and support required by the patient .,interventions,0,5,0
11322670,A copy was given to the patient and to all relevant professionals and carers .,none,0,0,0
11322670,This was followed by a domiciliary assessment by a community pharmacist .,none,0,0,0
11322670,"In the control group , patients were discharged from hospital following standard procedures that included a discharge letter to the general practitioner listing current medications .",interventions,0,6,0
11322670,OUTCOMES the primary outcome was re-admission to hospital within 6 months .,outcomes,0,0,6
11322670,"Secondary outcomes included the number of deaths , attendance at hospital outpatient clinics and general practice and proportion of days in hospital over the follow-up period , together with patients ' general well-being , satisfaction with the service and knowledge of and adherence to prescribed medication .",outcomes,0,0,31
11322670,"RESULTS we recruited 362 patients , of whom 181 were randomized to each group .",participants,8,0,0
11322670,We collected hospital and general practice data on at least 91 and 72 % of patients respectively at each follow-up point and interviewed between 43 and 90 % of the study subjects .,participants,15,0,0
11322670,There were no significant differences between the groups in the proportion of patients re-admitted to hospital between baseline and 3 months or 3 and 6 months .,outcomes,0,0,6
11322670,There were no significant differences in any of the secondary outcomes .,none,0,0,0
11322670,CONCLUSIONS we found no evidence to suggest that the co-ordinated hospital and community pharmacy care discharge plans in elderly patients in this study influence outcomes .,interventions,0,5,0
11323998,Comparative evaluation of calcium hydroxide and zinc oxide eugenol as root canal filling materials for primary molars : a clinical and radiographic study .,interventions,5,8,4
11323998,"Calcium hydroxide , a material widely used for the treatment of permanent teeth has not been used frequently for pulpectomy in primary teeth .",interventions,0,2,0
11323998,A comparative evaluation of calcium hydroxide and zinc oxide eugenol used as root canal filling materials in primary molars is presented .,interventions,2,9,4
11331049,A randomized controlled trial assessing the health economics of realtime teledermatology compared with conventional care : an urban versus rural perspective .,outcomes,0,4,5
11331049,A randomized controlled trial was carried out to measure the cost-effectiveness of realtime teledermatology compared with conventional outpatient dermatology care for patients from urban and rural areas .,interventions,0,6,4
11331049,One urban and one rural health centre were linked to a regional hospital in Northern Ireland by ISDN at 128 kbit/s .,none,0,0,0
11331049,"Over two years , 274 patients required a hospital outpatient dermatology referral -- 126 patients ( 46 % ) were randomized to a telemedicine consultation and 148 ( 54 % ) to a conventional hospital outpatient consultation .",interventions,2,6,0
11331049,"Of those seen by telemedicine , 61 % were registered with an urban practice , compared with 71 % of those seen conventionally .",interventions,0,2,0
11331049,The clinical outcomes of the two types of consultation were similar -- almost half the patients were managed after a single consultation with the dermatologist .,outcomes,0,0,3
11331049,The observed marginal cost per patient of the initial realtime teledermatology consultation was 52.85 Pounds for those in urban areas and 59.93 Pounds per patient for those from rural areas .,outcomes,0,3,5
11331049,The observed marginal cost of the initial conventional consultation was 47.13 Pounds for urban patients and 48.77 Pounds for rural patients .,outcomes,0,2,3
11331049,"The total observed costs of teledermatology were higher than the costs of conventional care in both urban and rural areas , mainly because of the fixed equipment costs .",interventions,0,3,3
11331049,"Sensitivity analysis using a real-world scenario showed that in urban areas the average costs of the telemedicine and conventional consultations were about equal , while in rural areas the average cost of the telemedicine consultation was less than that of the conventional consultation .",interventions,0,7,2
11331721,"Repeated doses of porcine secretin in the treatment of autism : a randomized , placebo-controlled trial .",interventions,1,2,0
11331721,BACKGROUND AND OBJECTIVES Anecdotal reports on the efficacy of secretin in autism raised great hopes for the treatment of children with this disorder .,participants,1,1,0
11331721,"Initial single-dose , randomized , controlled trials failed to demonstrate any therapeutic effects of secretin .",interventions,0,1,0
11331721,The present study is the first to test the outcome of repeated doses and to examine whether there is a subgroup of children who are more likely to achieve positive effects .,none,0,0,0
11331721,"METHOD Sixty-four children with autism ( ages 2-7 years ; 55 boys and 9 girls ) with a range of intelligence quotient and verbal ability were randomly assigned , in a double-blind manner , to secretin or placebo groups .",participants,5,2,0
11331721,"Children received 2 doses of placebo or porcine secretin , 6 weeks apart .",interventions,0,3,0
11331721,Assessments were performed at baseline and 3 weeks after each injection using several outcome measures .,none,0,0,0
11331721,"RESULTS There were no group differences on formal measures of language , cognition , or autistic symptomatology .",outcomes,0,0,10
11331721,"Subgroupings based on cognitive level , the presence or absence of diarrhea , or a history of regression failed to show any significant therapeutic effects of secretin .",outcomes,0,2,8
11331721,CONCLUSION No evidence is provided for the efficacy of repeated doses of porcine secretin in the treatment of children with autism .,interventions,0,2,1
11331721,The possible relationship between relief of biological symptoms and enhanced skill performance is discussed .,outcomes,0,0,4
11334068,"Comments on "" Comparison of gastrointestinal tolerance feeding proctocols in critically ill patients : a prospective , randomized controlled clinical trial "" .",participants,9,3,2
11343038,"A randomized , double-blind , placebo-controlled trial of single-dose intravenous secretin as treatment for children with autism .",participants,2,1,0
11343038,OBJECTIVE To determine whether a single injection of intravenous secretin results in measurable improvements in socialization and/or communication skills in children with autism .,participants,3,1,0
11343038,STUDY DESIGN Sixty subjects with autism were randomly selected and assigned to either treatment or placebo group .,participants,2,1,0
11343038,Subjects in the treatment group received 2.0 clinical units of secretin per kilogram of body weight as a single intravenous dose .,interventions,0,10,0
11343038,Subjects in the placebo group received normal saline solution .,interventions,0,4,0
11343038,Neurodevelopmental and behavioral assessments were performed for all subjects before injection and at 3 and 6 weeks after injection .,none,0,0,0
11343038,RESULTS Assessment of language skills and parents ' behavioral assessments revealed no significant differences between the treatment and placebo groups .,outcomes,0,0,9
11343038,Raters ' assessments of severity of autistic symptoms did not differ for the 2 groups at 6 weeks after injection .,outcomes,0,0,8
11343038,A marginally statistically significant improvement in autistic behaviors was seen in the treatment group at 3 weeks after injection ( P =.051 ) .,none,0,0,0
11343038,CONCLUSIONS A single dose of intravenous secretin does not appear to have significant effects on either parents ' perception of autistic behaviors or language skills at 6 weeks after injection .,interventions,0,1,0
11343038,"Transient , marginally significant improvements in autistic behaviors may occur in some children .",none,0,0,0
11348533,Clinical description of encephalopathic syndromes and risk factors for their occurrence and outcome during melarsoprol treatment of human African trypanosomiasis .,participants,4,0,0
11348533,Encephalopathies are the most feared complications of sleeping sickness treatment with melarsoprol .,none,0,0,0
11348533,"To investigate the existence of risk factors , the incidence of encephalopathic syndromes and the relationship between the development of different types of encephalopathies and the clinical outcome was studied in a clinical trial with 588 patients under treatment with melarsoprol .",none,0,0,0
11348533,"The 38 encephalopathy cases were classified into three types according to the leading clinical picture : coma type , convulsion type and psychotic reactions .",none,0,0,0
11348533,"Nine patients were attributed to the convulsion type , defined as a transient event of short duration with convulsions followed by a post-ictal phase , without signs of a generalized disease .",none,0,0,0
11348533,None of these patients died from the reaction .,none,0,0,0
11348533,Febrile reactions in the 48 h preceding the reaction were generally not observed in this group .,outcomes,0,0,2
11348533,"Twenty-five patients were attributed to the coma type , which is a progredient coma lasting several days .",none,0,0,0
11348533,"Those patients often had signs of a generalized disease such as fever ( 84 % ) , headache ( 72 % ) or bullous skin ( 8 % ) reactions .",outcomes,0,0,4
11348533,The risk of mortality was high in this group ( 52 % ) .,outcomes,0,0,3
11348533,About 14/16 patients with encephalopathic syndrome of the coma type were infected with malaria .,none,0,0,0
11348533,Patients with psychotic reactions or abnormal psychiatric behaviour ( 3/38 ) and one patient who died after alcohol intake were excluded from the analysis .,outcomes,0,0,1
11348533,"The overall rate of encephalopathic syndromes in the cases analysed ( n=34 ) was 5.8 % , of which 38.2 % died .",outcomes,0,0,5
11348533,We did not find any parameters of predictive value for the risk of developing an encephalopathic syndrome based on the symptoms and signs before treatment initiation .,outcomes,0,0,6
11348533,"The appearance during treatment of febrile reactions ( RR 11.5 ) , headache ( RR 2.5 ) , bullous eruptions ( RR 4.5 ) and systolic hypotension ( RR 2.6 ) were associated with an increased risk for the occurrence of encephalopathic syndromes especially of the coma type .",outcomes,0,0,7
11350502,Clinical and microbial evaluation of a histatin-containing mouthrinse in humans with experimental gingivitis .,interventions,0,2,0
11350502,"OBJECTIVE P-113 , a 12 amino acid histatin-based peptide , was evaluated in a mouthrinse formulation for safety , prevention of the development of experimental gingivitis , and for its effects on periodontal flora .",interventions,0,10,0
11350502,"METHOD 159 periodontally healthy subjects abstained from oral hygiene procedures and self-administered either 0.005 % , 0.01 % , 0.05 % P-113 or placebo mouthrinse formulations twice daily over a four week treatment period .",interventions,0,12,0
11350502,"During this time , the safety , anti-plaque , and anti-gingivitis effects of P-113 were evaluated .",outcomes,0,0,7
11350502,RESULTS There was a significant reduction in plaque ( p=0.046 ) and a reduction in gingivitis ( p=0.086 ) for subjects using 0.01 % P-113 mouthrinse .,outcomes,0,2,4
11350502,Significantly more subjects in the 0.01 % and 0.05 % treatment groups showed a small increase in plaque index of < 0.25 as compared to the placebo group ( p < 0.05 ) .,outcomes,0,0,1
11350502,Similar trends were noted for changes in the % of sites with bleeding on probing in the 0.01 % P-113 group .,outcomes,0,1,3
11350502,"There were no treatment-related adverse events , and there were no adverse shifts in supragingival microflora during the study .",outcomes,0,0,6
11350502,"CONCLUSION These data suggest that P-113 mouthrinse is safe and reduces plaque , gingivitis and gingival bleeding in the human experimental gingivitis model .",outcomes,0,2,6
11352886,L-arginine and S-nitrosoglutathione reduce embolization in humans .,interventions,0,2,1
11352886,"BACKGROUND L-Arginine reduces platelet aggregation and adhesion in ex vivo studies , but there is no evidence as yet that it has a therapeutic effect on clinical end points .",outcomes,0,1,4
11352886,Doppler ultrasound can detect cerebral emboli noninvasively .,none,0,0,0
11352886,"Such embolic signals are common after carotid endarterectomy , and their frequency predicts risk of stroke recurrence .",none,0,0,0
11352886,"We used this situation to determine the antiplatelet efficacy of L-arginine and S-nitrosoglutathione ( GSNO ) , a physiological nitric oxide donor with possible platelet specificity .",interventions,0,5,2
11352886,"METHODS AND RESULTS Patients undergoing carotid endarterectomy were randomized in a double-blind manner between L-arginine ( n=14 ) , GSNO ( n=14 ) , or placebo ( n=14 ) administered intravenously for 90 minutes , starting 30 minutes after skin closure .",participants,3,3,0
11352886,All patients were pretreated with aspirin and given heparin during surgery .,interventions,0,2,0
11352886,"Transcranial Doppler recordings were made from the ipsilateral middle cerebral artery for 4 hours after surgery , beginning 30 minutes after skin closure , and also at 6 and 24 hours .",none,0,0,0
11352886,"There were highly significant reductions in the number of Doppler embolic signals in the L-arginine and GSNO groups ; first 4 hours , median ( range ) number of embolic signals , placebo 44.7 ( 6 to 778 ) , L-arginine 9.5 ( 0 to 225 ) , and GSNO 0.8 ( 0 to 8 ) , both P < 0.001 versus control values .",outcomes,0,4,14
11352886,The reduction in the signals persisted at the 24-hour recording .,outcomes,0,0,4
11352886,CONCLUSIONS Intravenous L-arginine and GSNO attenuate Doppler embolic signals in humans .,outcomes,0,2,4
11352886,Modulation of the NO system with these agents may have applications in the treatment of thromboembolic disease .,none,0,0,0
11352886,This study demonstrates the potential application of ultrasonic embolic signal detection to examine the efficacy of new antiplatelet agents in relatively small numbers of patients .,none,0,0,0
11360574,[ Clinical and experimental research of Epimedium brevicornum in relieving neuroendocrino-immunological effect inhibited by exogenous glucocorticoid ] .,participants,2,2,2
11360574,OBJECTIVE To study protective effect of Epimedium brevicornum ( EB ) on hypothalamus-pituitary-adrenal-thymus ( HPAT ) axis inhibited by exogenous glucocorticoid .,interventions,0,5,0
11360574,"METHODS In clinical research , variation of cortisol , adrenocorticotrophin ( ACTH ) , lymphocyte proliferative reaction were observed before and after medication in 65 patients took prednisone , and were randomly divided into Fufang prednisone group ( mixture of prednisone and EB ) and prednisone group .",interventions,1,13,0
11360574,An experimental model of HPAT axis inhibited by corticosterone ( CORT ) was established to observe the effect of EB on relevant indices of HPAT axis .,none,0,0,0
11360574,RESULTS The level of ACTH and CORT in plasma decreased and lymphocyte proliferative reaction reduced in patients ( P < 0.05 ) .,outcomes,0,0,10
11360574,"In experimental study , monoaminic transmitters activated in hypothalamus ; weight of pituitary , adrenal and thymus decreased ; number of CRH positive neurons in hypothalamic paraventricular nucleus , CRH positive neurofibrilin median eminence and anterior pituitary ACTH positive secretory cells decreased ; adrenal fasciculate zone and thymus cortex atrophies ; NK cell cytotoxicity and the level of IL-2 and gamma-IFN which were produced by lymphocytes reduced in CORT-rats ( P < 0.05 ) .",outcomes,0,0,48
11360574,"There were significant difference between Fufang prednisone group ( clinical research ) or EB group ( experimental research ) and CORT control groups , P < 0.05 .",none,0,0,0
11360574,CONCLUSION EB could relieve neuroendocrino-immunological effect inhibited by exogenous glucocorticoid .,outcomes,0,0,2
11362629,""" Confirmatory "" trials : symptom reduction as efficacy measure .",participants,7,2,3
11369627,Immune reconstitution after allogeneic marrow transplantation compared with blood stem cell transplantation .,participants,10,8,0
11369627,Allogeneic peripheral blood stem cell grafts contain about 10 times more T and B cells than marrow grafts .,none,0,0,0
11369627,"Because these cells may survive in transplant recipients for a long time , recipients of blood stem cells may be less immunocompromised than recipients of marrow .",none,0,0,0
11369627,Immune reconstitution was studied in 115 patients randomly assigned to receive either allogeneic marrow or filgrastim-mobilized blood stem cell transplantation .,interventions,0,9,0
11369627,"Between day 30 and 365 after transplantation , counts of most lymphocyte subsets were higher in the blood stem cell recipients .",outcomes,0,1,5
11369627,The difference was most striking for CD4 T cells ( about 4-fold higher counts for CD45RA ( high ) CD4 T cells and about 2-fold higher counts for CD45RA ( low/- ) CD4 T cells ; P < .05 ) .,outcomes,0,0,7
11369627,"On assessment using phytohemagglutinin and herpesvirus antigen-stimulated proliferation , T cells in the 2 groups of patients appeared equally functional .",outcomes,0,0,5
11369627,Median serum IgG levels were similar in the 2 groups .,outcomes,0,0,4
11369627,The rate of definite infections after engraftment was 1.7-fold higher in marrow recipients ( P =.001 ) .,outcomes,0,0,6
11369627,The rate of severe ( inpatient treatment required ) definite infections after engraftment was 2.4-fold higher in marrow recipients ( P =.002 ) .,outcomes,0,0,12
11369627,"The difference in the rates of definite infections was greatest for fungal infections , intermediate for bacterial infections , and lowest for viral infections .",outcomes,0,0,7
11369627,Death associated with a fungal or bacterial infection occurred between day 30 and day 365 after transplantation in 9 marrow recipients and no blood stem cell recipients ( P =.008 ) .,interventions,0,5,1
11369627,"In conclusion , blood stem cell recipients have higher lymphocyte-subset counts and this appears to result in fewer infections .",outcomes,0,0,2
11374137,[ Advantages of video assisted thoracic surgery in the treatment of spontaneous pneumothorax ] .,interventions,3,4,0
11374137,"Spontaneous pneumothorax ( SP ) is a disabling condition mostly affecting young , thin and otherwise healthy males .",none,0,0,0
11374137,It is usually caused by ruptured pleural blebs .,none,0,0,0
11374137,The first treatment is the insertion of a chest tube ( ICT ) but in a great number of patients there is recurrence of the disease .,interventions,0,8,0
11374137,We believe that the video assisted thoracoscopy ( VATS ) is the best treatment possible because it allows us to treat the ruptured bleb radically avoiding any recurrence .,interventions,0,6,0
11374137,"In order to prove it , 40 patients admitted in a five-year period , with a SP , were randomly assigned to be treated by ICT or VATS .",interventions,0,2,0
11374137,"The ICT patients were in the hospital a mean time of 7.5 ( 4 to 15 ) days and the VATS patients , 5.3 ( 2 to 7 ) days ( P < .05 ) .",interventions,0,2,2
11374137,ICT patients required analgesic drugs during 76.8 +/- 31 hours and VATS patients 38.4 +/- 13 hours ( p < .05 ) .,interventions,0,2,2
11374137,"From the ICT group , 8 ( 53 % ) patients had recurrence of the disease and 6 ( 40 % ) had a prolonged air leak , while none of the patients of the VATS group had any complication ( < .001 ) .",outcomes,0,2,7
11374137,"Cost of ICT and VATS were $ 850 and $ 1730 , respectively .",outcomes,0,2,5
11374137,"According to these results , VATS should be the treatment of choice in SP patients .",interventions,0,1,0
11374137,It treats the cause of the disease .,none,0,0,0
11374137,"It also reduces the hospitalization time , the use of analgesic drugs post surgery , decreases recurrence of the disease and the cost of the treatment .",outcomes,0,0,10
11374137,"Moreover , the patients were back to work in less than 10 days .",none,0,0,0
11377310,Effects of irrigation fluid temperature on core body temperature during transurethral resection of the prostate .,interventions,0,2,0
11377310,OBJECTIVES To determine the effect irrigation fluid temperature has on core body temperature changes in patients undergoing transurethral resection of the prostate ( TURP ) .,interventions,6,8,0
11377310,METHODS Fifty-six male patients ( mean age 71.2 +/- 8.2 years ) scheduled for TURP were enrolled in the study .,participants,6,0,0
11377310,Patients were randomized to one of two groups .,none,0,0,0
11377310,Group 1 consisted of 27 patients who received room temperature irrigation fluid ( 70 degrees F ) throughout TURP ; group 2 consisted of 29 patients whose procedure was performed with warmed irrigation fluid ( 91.5 degrees F ) .,interventions,2,14,0
11377310,The irrigation fluid used for both groups was glycine .,none,0,0,0
11377310,"The baseline temperature , final temperature , total time in the operating room , and amount of irrigation fluid used during the procedure were recorded for each patient .",none,0,0,0
11377310,RESULTS No significant difference in the average time spent in the operating room or in the total irrigation fluid used between the two groups was observed .,outcomes,0,0,11
11377310,"Of the 27 patients who received room temperature irrigation fluid , 15 ( 55.6 % ) had a decrease in body temperature .",outcomes,0,4,6
11377310,A decrease in temperature was observed in 21 ( 72.4 % ) of the 29 patients who received warm irrigation fluid .,interventions,0,3,3
11377310,"Groups 1 and 2 had 12 ( 44.4 % ) of 27 and 8 ( 27.6 % ) of 29 patients , respectively , who demonstrated an elevation in their core body temperature .",outcomes,0,0,3
11377310,CONCLUSIONS The results of our study suggest that irrigation fluid temperature is not a factor responsible for altering the core body temperature in patients undergoing TURP .,outcomes,0,0,2
11378004,Carvedilol increases plasma vascular endothelial growth factor ( VEGF ) in patients with chronic heart failure .,outcomes,5,1,8
11378833,Dose response effect of cyclical medroxyprogesterone on blood pressure in postmenopausal women .,participants,3,2,2
11378833,"OBJECTIVE This study was designed to compare with placebo the dose-response effect of cyclical doses of the C21 progestogen , medroxyprogesterone acetate ( MPA ) on blood pressure ( BP ) when administered to normotensive postmenopausal women receiving a fixed mid-range daily dose of conjugated equine oestrogen ( CEE ) .",participants,16,11,0
11378833,MATERIALS AND METHODS Twenty normotensive postmenopausal women ( median age 53 years ) participated in the study which used a double-blind crossover design .,participants,6,0,0
11378833,"There were four randomised treatment phases , each of 4 weeks duration .",none,0,0,0
11378833,"The four blinded treatments were MPA 2.5 mg , MPA 5 mg , MPA 10 mg and matching placebo , taken for the last 14 days of each 28 day treatment cycle .",interventions,0,12,0
11378833,CEE 0.625 mg was also administered once daily as open labelled tablets to all subjects throughout the study .,none,0,0,0
11378833,Clinic BP was measured weekly with the mean values of weeks 3 and 4 of each phase used for analysis .,outcomes,0,0,2
11378833,Ambulatory BP was performed in the final week of each phase .,outcomes,0,0,2
11378833,"RESULTS Compared with the placebo phase , end of phase clinic BP was unchanged by any of the progestogen treatments .",outcomes,0,0,2
11378833,There was a dose-dependent decrease in ambulatory daytime diastolic and mean arterial BP with the progestogen treatments compared with placebo ( P < 0.05 ) .,outcomes,0,0,9
11378833,"CONCLUSION In a regimen of postmenopausal hormone replacement therapy with a fixed mid-range daily dose of CEE combined with a cyclical regimen of a C21 progestogen spanning the current clinical dose range , the progestogen has either no effect or a small dose-dependent reduction in clinic and ambulatory BPs over one treatment cycle .",outcomes,0,2,4
11379334,Efficacy and tolerability of antibiotics in patients undergoing H. pylori eradication .,outcomes,0,1,3
11379334,BACKGROUND/AIMS Helicobacter pylori ( H. pylori ) infection is one of the most common gastrointestinal diseases .,none,0,0,0
11379334,An increasing number of people undergo different treatment options .,none,0,0,0
11379334,"Unfortunately , H. pylori therapy may be troublesome for drug side effects and inefficacious for resistance to antibiotics .",interventions,0,1,0
11379334,"METHODOLOGY One hundred and ninety-three ( 193 ) H. pylori-positive patients were randomly assigned to one of the following 7-day treatments : Group A ( N = 64 ) : amoxicillin , clarithromycin and rabeprazole ; Group B ( N = 64 ) : tinidazole , clarithromycin and ranitidine bismuth citrate ; Group C ( N = 65 ) : tinidazole , clarithromycin and rabeprazole Eradication was assessed by 13C-Urea Breath Test 6-8 weeks after the end of the therapy .",participants,20,17,0
11379334,"Not-eradicated patients underwent a second cycle with tinidazole , tetracycline , bismuth and rabeprazole .",interventions,0,7,0
11379334,All patients were asked to complete a validated questionnaire regarding presence and intensity of drug side effects .,none,0,0,0
11379334,RESULTS One hundred and eighty-eight out of the 193 H. pylori-positive patients ( 96 % ) completed therapy .,none,0,0,0
11379334,No significant difference in eradication rates was observed among the three groups both in intention to treat analysis and in per protocol analysis .,outcomes,0,0,2
11379334,"No significant difference in incidence of side effects occurred among groups after the first-line regimens : 48 % in group A , 44 % in group B and 46 % in group C. Twenty-two out of the 193 enrolled subjects ( 11 % ) were not eradicated after the first-line therapy .",outcomes,0,0,5
11379334,"Among them , 86 % were successfully eradicated by the tinidazole , tetracycline , bismuth and rabeprazole therapy .",interventions,0,6,1
11379334,"Moreover , during quadruple therapy , a higher prevalence and intensity of side effects than in each one of the groups submitted to the first-line triple therapy was observed .",outcomes,0,0,6
11379334,CONCLUSIONS This study shows that triple rabeprazole-based eradicating regimens are effective and safe .,interventions,0,4,4
11379334,Incidence of side effects seems low and similar in different three-drug regimens used .,outcomes,0,0,2
11379334,"Quadruple therapy , which appear highly efficacious as a second line therapy , is associated with a significantly higher incidence of side effects when compared to first-line treatment .",interventions,0,2,0
11384820,Rehabilitation outcomes following percutaneous coronary interventions ( PCI ) .,outcomes,0,0,2
11384820,"This prospective study evaluated the effect of an individualized , comprehensive , home-based cardiac rehabilitation program combining exercise training with risk factor modification and psychosocial counseling on risk factors , psychological well-being , functional capacity , and work resumption in 99 post-percutaneous coronary interventions ( PCI ) patients randomized to control ( standard care plus telephone follow-up , n=49 ) or intervention ( individualized , comprehensive , home-based cardiac rehabilitation , n=50 ) groups .",interventions,0,14,8
11384820,"Data were collected at time 1 ( T ( 1 ) ) during hospital admission , time 2 ( T ( 2 ) ) approximately 2 months post-PCI , and time 3 ( T ( 3 ) ) approximately 12 months post-PCI .",interventions,0,1,0
11384820,"Results suggest that the allocation to an individualized , comprehensive , home-based cardiac rehabilitation program provided more advantageous outcomes .",none,0,0,0
11384820,"At both follow-ups , the intervention group showed within-group improvement in serum cholesterol levels ( P < 0.02 ; P < 0.01 ) and exercise participation ( P < 0.001 ; P < 0.001 ) with differences in exercise participation favoring the intervention group ( P < 0.01 ) at T ( 2 ) .",outcomes,0,0,7
11384820,"Repeated measures ANOVA showed significant improvements over time in body mass index ( BMI ) ( P < 0.01 ) , psychological well-being ( P < 0.001 ) , and functional capacity ( P < 0.001 ) for both groups .",outcomes,0,0,10
11384820,More patients in the intervention group had returned to work at T ( 2 ) ( P < 0.001 ) and did so more quickly ( P < 0.01 ) .,outcomes,0,0,3
11384820,"These findings suggest that an individualized , comprehensive , home-based cardiac rehabilitation program improves risk factor profiles and work resumption patterns for patients following PCI .",outcomes,0,0,7
11392343,"Double-blind , placebo-controlled study of amantadine hydrochloride in the treatment of children with autistic disorder .",interventions,2,3,0
11392343,"OBJECTIVE To test the hypothesis that amantadine hydrochloride is a safe and effective treatment for behavioral disturbances -- for example , hyperactivity and irritability -- in children with autism .",outcomes,1,1,5
11392343,METHOD Thirty-nine subjects ( intent to treat ; 5-19 years old ; IQ > 35 ) had autism diagnosed according to DSM-IV and ICD-10 criteria using the Autism Diagnostic Interview-Revised and the Autism Diagnostic Observation Schedule-Generic .,participants,21,0,0
11392343,The Aberrant Behavior Checklist-Community Version ( ABC-CV ) and Clinical Global Impressions ( CGI ) scale were used as outcome variables .,outcomes,0,0,14
11392343,"After a 1-week , single-blind placebo run-in , patients received a single daily dose of amantadine ( 2.5 mg/kg per day ) or placebo for the next week , and then bid dosing ( 5.0 mg/kg per day ) for the subsequent 3 weeks .",interventions,0,2,0
11392343,"RESULTS When assessed on the basis of parent-rated ABC-CV ratings of irritability and hyperactivity , the mean placebo response rate was 37 % versus amantadine at 47 % ( not significant ) .",outcomes,0,0,2
11392343,"However , in the amantadine-treated group there were statistically significant improvements in absolute changes in clinician-rated ABC-CVs for hyperactivity ( amantadine -6.4 versus placebo -2.1 ; p = .046 ) and inappropriate speech ( -1.9 versus 0.4 ; p = .008 ) .",outcomes,0,1,3
11392343,CGI scale ratings were higher in the amantadine group : 53 % improved versus 25 % ( p = .076 ) .,outcomes,0,0,3
11392343,Amantadine was well tolerated .,interventions,0,1,0
11392343,CONCLUSIONS Parents did not report statistically significant behavioral change with amantadine .,outcomes,0,0,2
11392343,"However , clinician-rated improvements in behavioral ratings following treatment with amantadine suggest that further studies with this or other drugs acting on the glutamatergic system are warranted .",outcomes,0,1,2
11392343,The design of these and similar drug trials in children with autistic disorder must take into account the possibility of a large placebo response .,participants,2,0,0
11395821,Laparoscopic vs open appendectomy in overweight patients .,interventions,1,3,0
11395821,BACKGROUND Laparoscopic appendectomy ( LA ) has been associated with a faster recovery and less postoperative pain than the open technique .,interventions,0,5,0
11395821,"However , few data are available on the clinical outcome of LA in overweight patients .",interventions,0,1,0
11395821,"METHODS A group of 106 patients with a body mass index ( BMI ) > 26.4 , representing the upper quintile of 500 prospectively randomized patients , were included in the study .",participants,1,0,0
11395821,They were randomized to undergo either laparoscopic or open appendectomy ( OA ) .,interventions,0,7,0
11395821,"Operating and anesthesia times , postoperative pain , complications , hospital stay , functional index ( 1 week postoperatively ) , sick leave , and time to full recovery were documented .",outcomes,0,0,17
11395821,"RESULTS In OA , the operating time for overweight patients was significantly longer than that for patients in the normal weight range ( 40 vs 35 min , p < 0.05 ) .",outcomes,0,1,2
11395821,"In LA , there was no difference in operating time between the normal and overweight patients .",outcomes,0,1,2
11395821,"Overweight patients who underwent LA had longer operating and anesthesia times than their OA counterparts ( 55 vs 40 min , p < 0.001 ; and 125 vs 100 min , p < 0.001 , respectively ) .",outcomes,0,1,4
11395821,Postoperative pain was significantly greater in overweight patients who underwent OA than in those treated with the laparoscopic technique .,interventions,0,3,2
11395821,"Postoperative pain was also significantly greater in overweight patients subjected to OA than in patients of normal weight after 4 weeks ; the clinical significance may , however , be of less importance since the values are low ( 0.26 vs 0.09 , p < 0.05 ) .",outcomes,0,0,2
11395821,There were no significant differences between the two operating techniques in terms of complications .,none,0,0,0
11395821,"Hospital stay was longer for overweight patients than for normal-weight patients undergoing OA ( 3.0 vs 2.0 , p < 0.01 ) .",outcomes,0,0,2
11395821,The functional index did not differ between any group of patients .,none,0,0,0
11395821,"Sick leave was longer for overweight patients who underwent OA than for normal-weight patients treated with the same technique ( 17 vs 13 days , p < 0.01 ) .",outcomes,0,0,2
11395821,"In the laparoscopic group , however , there were no differences between the overweight and normal-weight patients .",none,0,0,0
11395821,"Time to full recovery was greater in overweight patients subjected to OA than in the overweight patients in the LA group ( 22 vs 15 days , p < 0.001 ) .",outcomes,0,0,4
11395821,"CONCLUSION In this study , overweight patients who were submitted to LA had less postoperative pain and a faster postoperative recovery than overweight patients who had OA .",outcomes,0,0,4
11395821,"LA also abolished some of the negative effects that overweight had on operating time , hospital stay , and sick leave with the open technique .",outcomes,0,0,6
11395821,"However , anesthesia and operating times were significantly longer in LA for both overweight patients and those with a normal BMI .",none,0,0,0
11396751,A comparative study of caudal bupivacaine and midazolam-bupivacaine mixture for post-operative analgesia in children undergoing genitourinary surgery .,participants,5,5,0
11396751,OBJECTIVE This study was designed to evaluate the analgesic efficacy of caudal midazolam-bupivacaine combination in providing post-operative pain relief in children undergoing genitourinary surgery and to study the occurrence of adverse effects .,interventions,0,3,0
11396751,"SUBJECTS AND METHODS Thirty children , aged 2 to 8 years , scheduled for genitourinary surgery were allocated randomly to receive either 0.25 % bupivacaine 0.5 ml/kg ( group B ; n = 15 ) or 0.25 % bupivacaine 0.5 ml/kg with 50 microg/kg midazolam ( group BM ; n = 15 ) by the caudal route immediately after induction of general anesthesia .",interventions,0,8,0
11396751,"Heart rate , arterial blood pressure and oxygen saturation were monitored throughout the study period .",outcomes,0,0,7
11396751,Postoperative pain was assessed at regular intervals for 12 hours using an objective pain score .,outcomes,0,0,4
11396751,Analgesia was supplemented whenever the pain score was > or = 4 .,outcomes,0,0,3
11396751,"Duration of analgesia , as well as the requirement of additional analgesics , were noted .",outcomes,0,0,3
11396751,RESULTS Lowest pain scores were observed with the addition of midazolam to caudal bupivacaine ( p < 0.01 ) .,interventions,0,4,2
11396751,Duration of analgesia was longer in group BM ( 11 +/- 0.5 h ) as compared to group B ( 7.4 +/- 2.1 hours ) ( p < 0.05 ) .,outcomes,0,0,3
11396751,"Fewer children ( 26.6 % ) required additional analgesia in the combination group whereas in group B , 60 % of the children received analgesic supplements within 6 hours after surgery ( p < 0.05 ) .",outcomes,0,0,4
11396751,"There were no significant changes in heart rate , blood pressure and oxygen saturation in both groups .",outcomes,0,0,6
11396751,We observed no untoward event in either of the groups .,outcomes,0,0,2
11396751,CONCLUSION Caudal administration of bupivacaine-midazolam mixture prolongs post-operative analgesia compared to bupivacaine alone without causing any adverse effects .,interventions,0,6,0
11408369,In vivo effect of clarithromycin on multiple cytochrome P450s .,interventions,0,1,0
11408369,"The in vivo effects of oral clarithromycin administration on the in vivo activity of cytochrome P450 1A2 , 2C9 , and 2D6 were determined .",interventions,0,1,0
11408369,"The cytochrome P450 probes caffeine ( CYP1A2 ) , tolbutamide ( CYP2C9 ) , and dextromethorphan ( CYP2D6 ) were administered as an oral cocktail prior to and 7 days after oral clarithromycin ( 500 mg twice daily ) administration to 12 healthy male subjects .",interventions,3,4,0
11408369,Blood and urine samples were collected and assayed for each of the compounds and their metabolites using high-performance liquid chromatography .,outcomes,0,0,4
11408369,"The CYP1A2 indices , oral caffeine clearance ( 6.2 +/- 3.3 l/h before and 5.7 +/- 4.2 l/h after , p > 0.05 ) and the 6-h paraxanthine to caffeine serum concentration ratio ( 0.49 +/- 0.3 before and 0.44 +/- 0.3 after , p > 0.05 ) , were unchanged following clarithromycin dosing .",outcomes,0,0,12
11408369,"Neither the tolbutamide oral clearance ( 0.77 +/- 0.28 l/h before and 0.72 +/-0.24 l/h after , p > 0.05 ) nor the tolbutamide urinary metabolic ratio ( 779 +/- 294 before and 681 +/- 416 after , p > 0.05 ) indices of CYP2C9 were altered by clarithromycin administration .",outcomes,0,3,7
11408369,"In the case of CYP2D6 , the dextromethorphan to dextrorphan urinary ratio was not significantly different before ( 0.021 +/- 0.04 ) and after ( 0.024 +/- 0.06 ) clarithromycin dosing .",outcomes,0,2,6
11408369,"In conclusion , clarithromycin does not appear to alter the in vivo catalytic activity of CYP1A2 , CYP2C9 , and CYP2D6 in healthy individuals as assessed by caffeine , tolbutamide , and dextromethorphan , respectively .",outcomes,0,1,3
11411192,Treating the substance-abusing suicidal patient .,participants,2,0,0
11411192,Studies concerning the treatment of substance-abusing suicidal patients are scarce despite the frequent presence of suicidal behavior among this population .,participants,2,0,0
11411192,"Indeed , suicidality ( ideation or behavior ) is generally an exclusion criterion for participation in treatment studies of subjects with alcohol or drug abuse .",participants,4,0,0
11411192,"Consequently , to date , little is known about the optimal treatment of this population .",none,0,0,0
11411192,The first study involving substance-abusing suicidal patients was an open-label trial conducted in the early 1990s .,participants,2,0,0
11411192,"This study involved 12 patients , all of whom demonstrated recent suicidal ideations and had made a lifetime suicide attempt .",participants,10,0,0
11411192,The results of that open-label study demonstrated significant within-group improvement in both depressive symptoms ( including suicidal ideations ) and level of drinking .,interventions,0,2,0
11411192,"However , substantial residual depressive symptoms and drinking persisted at the end of the trial .",outcomes,0,0,4
11411192,"Also , because no placebo control group was utilized , the authors of that study could not rule out the possibility that the apparent therapeutic effect from fluoxetine was the result of the placebo effect .",interventions,0,3,0
11411192,"To date , only one double-blind , placebo-controlled study of subjects with alcohol or substance abuse has included substantial numbers of suicidal patients .",participants,4,1,0
11411192,"The study involved 51 subjects , of whom 20 ( 39 % ) had made a suicide attempt in the current depressive episode , 31 ( 61 % ) had made a suicide attempt in their lifetime , and 46 ( 90 % ) had reported suicidal ideations in the week before hospitalization .",participants,18,0,0
11411192,"The results of that double-blind , placebo-controlled study suggest that fluoxetine was effective in decreasing but not eliminating both the depressive symptoms ( including suicidal ideations ) and the level of alcohol consumption among a study group of subjects with comorbid major depressive disorder and alcohol dependence , many of whom displayed suicidal ideations .",outcomes,0,2,13
11411192,"A secondary data analysis from that study suggested that cigarette smoking is also significantly decreased by fluoxetine , but the magnitude of the decrease is limited and few of these patients totally quit smoking with fluoxetine treatment alone .",outcomes,0,1,2
11411192,Another secondary data analysis from that study suggested that marijuana smoking was also significantly decreased in a subgroup of subjects who demonstrated cannabis abuse and that the magnitude of this improvement was robust .,outcomes,0,0,2
11411192,A third secondary data analysis from that study suggested that cocaine abuse acts as a predictor of poor outcome for both depressive symptoms ( including suicidality ) and level of alcohol use in this population .,outcomes,0,0,13
11411192,The results of a 1-year naturalistic follow-up study involving the patients from that study suggest that the benefits of fluoxetine in decreasing depressive symptoms and level of drinking persist 1 year after entering the treatment program .,none,0,0,0
11411192,"To date , no other double-blind , placebo-controlled studies involving substantial numbers of substance-abusing suicidal patients have been reported to either confirm or refute these findings .",participants,2,1,0
11411192,Further studies are clearly warranted to evaluate the efficacy of various pharmacotherapeutic agents and various psychotherapies in the treatment of substance-abusing suicidal patients .,participants,2,0,0
11413274,Gabapentin but not vigabatrin is effective in the treatment of acquired nystagmus in multiple sclerosis : How valid is the GABAergic hypothesis ?,participants,4,0,0
11413274,"Acquired nystagmus occurs frequently in patients with multiple sclerosis and is often the cause of illusory motion of the environment ( oscillopsia ) , and blurring of vision .",none,0,0,0
11413274,"Based primarily on the beneficial effect of gabapentin on acquired pendular nystagmus ( APN ) , a GABAergic mechanism in controlling nystagmus has been hypothesised .",none,0,0,0
11413274,"If increasing GABA concentrations in the CNS are critical for the treatment of nystagmus , then a selective GABAergic drug should be highly successful .",none,0,0,0
11413274,"However , as gabapentin is not a selective GABAergic agent , vigabatrin , a "" pure "" GABAergic medication , and gabapentin , were compared in a single blind cross over trial in eight patients with definite multiple sclerosis .",participants,4,0,0
11413274,Patients were randomly assigned to begin with gabapentin ( 1200 mg daily ) or vigabatrin ( 2000 mg daily ) .,interventions,0,13,0
11413274,"Neuro-ophthalmological and electro-oculographic ( EOG ) evaluations were performed four and three times , respectively .",none,0,0,0
11413274,"Treatment efficacy was based on improving visual acuity and EOG indices ( amplitude or frequency of nystagmus , or both ) by at least 50 % of pretreatment values .",outcomes,0,0,15
11413274,Three out of eight patients dropped out due to adverse effects .,participants,6,0,2
11413274,In the remaining five patients gabapentin improved symptomatic pendular or gaze evoked jerk nystagmus in four .,outcomes,0,0,7
11413274,Three patients decided to continue gabapentin therapy .,participants,1,0,0
11413274,"Importantly , vigabatrin proved useful in only one out of five patients , suggesting that gabapentin effectiveness may be related to additional non-GABAergic mechanisms of action .",none,0,0,0
11413274,Interaction with cerebral glutamate transmission by inhibition of NMDA receptor might be an alternative hypothesis for the therapeutic action of gabapentin .,none,0,0,0
11414348,Four-year outcomes from adolescent alcohol and drug treatment .,interventions,1,5,0
11414348,OBJECTIVE Knowledge of treatment response for alcohol and drug problems among adults is mounting ; less is known about long-term outcome for adolescents who receive treatment for alcohol and drug problems .,interventions,5,6,0
11414348,The current study examined youth substance involvement over 4 years ( using five waves of data collection ) following treatment for alcohol and drug abuse .,interventions,0,6,0
11414348,"METHOD A cohort of youth ( N = 162 , 60 % male ) treated during adolescence ( mean age = 16 years ) was followed into young adulthood , a period associated with stabilization of alcohol use patterns and elevated risk for life problems secondary to both alcohol and drug use .",participants,8,0,0
11414348,Participants ( 14-18 years old ) were consecutive admissions to inpatient adolescent alcohol and drug treatment centers in San Diego that were abstinence focused and based on the 12-step approach .,participants,3,0,0
11414348,"RESULTS Alcohol and other drug use were reduced during the 4 years posttreatment , with the exception of nicotine .",outcomes,0,0,5
11414348,The greatest prevalence reduction occurred for stimulants ; modest changes were evident in alcohol and marijuana use .,outcomes,0,0,2
11414348,Nicotine was the most commonly used substance throughout the 4 years after treatment .,none,0,0,0
11414348,Several distinct substance involvement trajectories were evident during the 4 years following treatment .,none,0,0,0
11414348,CONCLUSIONS Alcohol and drug use patterns during the 4 years following treatment highlight both changes and diversity in substance involvement as youth make the transitions from middle to late adolescence and into young adulthood .,none,0,0,0
11414348,Findings demonstrate the importance of identifying transitional periods and the need for alternative intervention strategies that may help the progression of this population into young adulthood .,none,0,0,0
11420161,"Effect of ischaemic preconditioning , cardiopulmonary bypass and myocardial ischaemic/reperfusion on free radical generation in CABG patients .",interventions,1,6,3
11420161,"OBJECTIVE To investigate the free radicals ( FR ) generation after ischaemic preconditioning and cardiopulmonary bypass and during reperfusion in CABG patients , and the role of ischaemic preconditioning .",interventions,1,7,0
11420161,METHODS Forty-three CABG patients were randomised into an ischaemic preconditioning and a control group .,participants,2,2,0
11420161,The protocol for ischaemic preconditioning was two cycles of 2-min ischaemia followed by 3-min reperfusion .,interventions,0,4,0
11420161,Free radicals were measured using electron spin resonance spectroscopy .,outcomes,0,0,2
11420161,Global and right heart functions were collected .,outcomes,0,0,5
11420161,"RESULTS The free radicals generation in coronary sinus blood in the ischaemic preconditioning group was 9.7 and 16.6 % after the ischaemic preconditioning protocol and 10 min after declamping , 6.8 and 13.3 % in the controls .",outcomes,0,4,7
11420161,"The free radicals in arterial samples were , respectively , 21 , 14 , 10 and 9 % at 10 min , 1 , 2 and 24 h after reperfusion .",outcomes,0,0,5
11420161,Cardiac index ( CI ) and right ventricular ejection fraction ( RVEF ) were improved by ischaemic preconditioning .,outcomes,0,3,12
11420161,CONCLUSION Both ischaemic preconditioning and cardiopulmonary bypass induced free radicals generation .,interventions,0,4,3
11420161,"Although ischaemic preconditioning had no effect on free radicals generation after the operation , it protected against postoperative stunning .",outcomes,0,2,3
11422660,Nicotine infusion acutely impairs insulin sensitivity in type 2 diabetic patients but not in healthy subjects .,participants,4,1,0
11422660,OBJECTIVES The aim of this study was to examine if an acute nicotine infusion alters insulin sensitivity to a similar degree in type 2 diabetic patients as in healthy control subjects .,interventions,0,1,0
11422660,"Double-blind , cross-over , placebo-controlled , randomized experimental study .",interventions,0,1,0
11422660,Nicotine 0.3 microg kg-1 min ( -1 ) or NaCl was infused ( 2 h ) during a euglycaemic hyperinsulinaemic clamp ( 4 h ) to assess insulin sensitivity .,interventions,0,5,0
11422660,SETTING University research laboratory .,none,0,0,0
11422660,SUBJECTS Six male and female type 2 diabetic patients [ DM2 ; age 54 +/- 10 ( mean +/- SD ) years ; body mass index ( BMI ) 25.6 +/- 2.9 kg m ( -2 ) ] treated with diet or one oral hypoglycaemic agent and six age- and BMI-matched control subjects ( Ctr ) .,none,0,0,0
11422660,"MAIN OUTCOME MEASURE Insulin sensitivity ( rate of glucose infusion per kg fat free body mass and minute ) , nicotine and free fatty acid ( FFA ) levels , pulse rate and blood pressure .",outcomes,0,0,30
11422660,RESULTS The infusions produced similar nicotine levels in both groups .,none,0,0,0
11422660,"In the absence of nicotine , DM2 were more insulin resistant than Ctr ( 6.7 +/- 0.4 vs. 10.9 +/- 0.3 mg kg-1 LBM min ( -1 ) , respectively ; P < 0.0001 ) .",outcomes,0,1,2
11422660,This insulin resistance was further aggravated by the nicotine infusion in DM2 but not in Ctr ( 4.6 +/- 0.3 vs. 10.9 +/- 0.3 mg kg ( -1 ) LBM min ( -1 ) ; P < 0.0001 ) .,outcomes,0,0,2
11422660,"Only minor differences were seen in FFA levels , pulse rates and blood pressure .",outcomes,0,0,6
11422660,"CONCLUSIONS At this low infusion rate , nicotine aggravated the insulin resistance in DM2 but not in Ctr .",outcomes,0,1,2
11422660,This finding may be because of the ( dysmetabolic ) diabetic state per se or to an increased sensitivity to environmental factors associated with a genetic predisposition for type 2 diabetes .,none,0,0,0
11422660,These results show that diabetic subjects are particularly susceptible to the detrimental effects of nicotine .,interventions,0,1,0
11429349,The clinical and biochemical effects of propofol infusion with and without EDTA for maintenance anesthesia in healthy children undergoing ambulatory surgery .,interventions,3,5,0
11429349,"UNLABELLED We conducted this randomized , double-blinded , comparative , parallel-group study to determine whether adding EDTA to propofol would affect the clinical profile , calcium and magnesium homeostasis , or renal function in healthy children .",interventions,1,3,0
11429349,"After the induction of anesthesia with halothane , 69 ambulatory surgical patients ( 1 mo to < 17 yr old ) , received propofol without EDTA ( n = 33 ) or propofol with EDTA ( n = 36 ) .",interventions,10,11,0
11429349,"Blood samples were obtained for the measurement of ionized calcium , ionized magnesium , and laboratory indicators of renal function .",outcomes,0,0,17
11429349,"Hemodynamic measurements , recovery , and adverse events were recorded .",outcomes,0,0,6
11429349,Propofol with EDTA produced no significant effects on clinical efficacy or renal function .,outcomes,0,3,6
11429349,"Propofol and propofol EDTA produced a statistically significant decrease from baseline in serum concentrations of ionized calcium and magnesium during infusion ( P < 0.05 ) , but with no apparent clinical effect .",outcomes,0,3,13
11429349,Hemodynamic measurements generally remained stable and were similar for both groups .,outcomes,0,0,2
11429349,"Statistically significant changes in systolic blood pressure , mean arterial pressure , and heart rate were not considered clinically significant .",outcomes,0,0,11
11429349,Adverse events were mild or moderate .,none,0,0,0
11429349,The addition of EDTA does not alter the clinical profile of propofol in pediatric ambulatory surgical patients .,participants,2,1,0
11429349,"With or without EDTA , propofol is associated with a decrease in ionized calcium with no apparent clinical effect .",interventions,0,2,2
11429349,IMPLICATIONS The addition of EDTA does not alter the clinical profile of propofol in pediatric ambulatory surgical patients .,participants,2,0,0
11429349,"With or without EDTA , propofol is associated with a decrease in ionized calcium with no apparent clinical effect .",outcomes,0,0,2
11435682,Patient positioning influences oxygen saturation in the acute phase of stroke .,participants,3,0,2
11435682,We evaluated arterial oxygen saturation ( SaO ( 2 ) ) and heart rate in acute stroke patients to determine whether routine positioning affected these physiological parameters .,outcomes,0,0,11
11435682,Measurements were recorded at the bedside non-invasively in five different positions assigned in random order each maintained for 10 min .,interventions,0,3,0
11435682,"One hundred and twenty-nine patients examined within a median of 72 h , lying on the left side resulted in slightly lower SaO ( 2 ) than lying on the right side , which was statistically significant in the patients with a right ( n = 66 ) , but not left , hemiparesis .",interventions,4,11,4
11435682,"Patients able to sit in a chair ( n = 65 ) , who mostly had less severe strokes , had a significantly higher mean SaO ( 2 ) and heart rate when sitting in the chair than when placed in any other position .",outcomes,0,4,7
11435682,"About 10 % of patients , especially those with a severe stroke , with right hemiparesis and concomitant chest disease , experienced falls in SaO ( 2 ) to 90 % or less for > /=2 min in certain positions ; the hypoxia was more likely when they were lying on their left side .",interventions,0,5,5
11435682,These results may have implications for current practice and for future patient positioning strategies to improve outcome after stroke .,none,0,0,0
11439748,Brief report : case reports on naltrexone use in children with autism : controlled observations regarding benefits and practical issues of medication management .,outcomes,2,1,3
11443835,Risk factors for malnutrition in patients undergoing gastroenterological and hernia surgery : an analysis of 374 patients .,participants,13,4,0
11443835,OBJECTIVE The aim of this study was to assess the nutritional status of 374 surgical patients with gastrointestinal disease and hernias of the abdominal wall ; to identify risk factors associated with a poorer nutritional status in this group of patients and to assess awareness of the patient 's nutritional status by medical teams .,participants,13,0,0
11443835,SUMMARY BACKGROUND DATA Malnutrition is prevalent among surgical patients and is associated with higher surgical complication rates and mortality .,none,0,0,0
11443835,"The major causes of poor nutritional status are related to the underlying disease , socio-economic factors , age , and length of hospitalization .",none,0,0,0
11443835,"Despite its high prevalence , medical teams often overlook malnutrition , and screening of these patients is not routine .",none,0,0,0
11443835,It is of utmost importance to identify patients at risk for malnutrition in order to prevent related complications .,none,0,0,0
11443835,"METHODS The 374 patients evaluated in this study were a subgroup of a larger multicenter , cross-sectional , randomized study that was carried out in 1996 .",none,0,0,0
11443835,Nutritional status was assessed by using Subjective Global Assessment .,interventions,0,6,0
11443835,"RESULTS Malnutrition was present in 55 % of the patients , with 19 % of the patients severely malnourished .",outcomes,0,0,1
11443835,"The presence of cancer , infection , age over 60 years , upper gastrointestinal disease , and longer length of hospital stay all negatively influenced nutritional status .",outcomes,0,0,2
11443835,"Despite the high prevalence of malnutrition , the medical teams only assessed the nutritional status of a few patients .",outcomes,0,0,2
11443835,CONCLUSION Malnutrition was highly prevalent in this setting of patients .,outcomes,0,0,1
11443835,"Therefore , patients with the risk factors above presented should routinely undergo nutritional screening and/or assessment in order to be able to early diagnose or prevent malnutrition and its correlated morbidity and mortality .",none,0,0,0
11446476,Comparison of enoxaparin and standard heparin in gynaecologic oncologic surgery : a randomised prospective double-blind clinical study .,participants,4,3,0
11446476,"OBJECTIVE This study aimed to compare the haemorrhagic complications and efficacy of enoxaparin , a low molecular weight heparin ( LMWH ) , and conventional standard heparin ( SH ) in gynaecological oncologic surgery .",interventions,0,6,0
11446476,"MATERIALS METHODS A double blind , randomised trial was performed on 102 consecutive women undergoing gynaecologic cancer surgery with pelvic and paraaortic lymphadenectomy .",none,0,0,0
11446476,"The women were separated into those who were given 2,500 IU enoxaparin once daily and SH in a dose of 5,000 IU three times daily .",interventions,0,2,0
11446476,"The groups were analysed for intraoperative blood loss , drainage , transfusion requirements , perioperative haemoglobin decrease , wound haematoma , and clinical deep venous thrombosis .",none,0,0,0
11446476,"RESULTS The two groups were well matched for age , weight , and other factors , which could predispose to the development of deep venous thrombosis ( DVT ) and haemorrhage .",outcomes,0,0,9
11446476,"No patient developed clinical significant DVT , wound haematoma or intra-abdominal bleeding .",outcomes,0,0,5
11446476,There was no significant difference in bleeding complications between the two regimens .,outcomes,0,0,2
11446476,The antiFXa level in the plasma was correlated strongly with patient weight .,outcomes,0,0,2
11446476,"CONCLUSIONS A dose of 2,500 IU enoxaparin/day does not cause more bleeding complications than SH 5,000 IU three times daily when used to prevent thrombosis .",interventions,0,1,0
11446476,"However , the dose of enoxaparin must be adjusted to the patient 's weight .",none,0,0,0
11450816,"Lamotrigine therapy for autistic disorder : a randomized , double-blind , placebo-controlled trial .",participants,3,2,0
11450816,"In autism , glutamate may be increased or its receptors up-regulated as part of an excitotoxic process that damages neural networks and subsequently contributes to behavioral and cognitive deficits seen in the disorder .",none,0,0,0
11450816,"This was a double-blind , placebo-controlled , parallel group study of lamotrigine , an agent that modulates glutamate release .",interventions,0,1,0
11450816,Twenty-eight children ( 27 boys ) ages 3 to 11 years ( M = 5.8 ) with a primary diagnosis of autistic disorder received either placebo or lamotrigine twice daily .,participants,8,6,0
11450816,"In children on lamotrigine , the drug was titrated upward over 8 weeks to reach a mean maintenance dose of 5.0 mg/kg per day .",interventions,0,21,0
11450816,This dose was then maintained for 4 weeks .,interventions,0,8,0
11450816,"Following maintenance evaluations , the drug was tapered down over 2 weeks .",interventions,0,12,0
11450816,The trial ended with a 4-week drug-free period .,interventions,0,8,0
11450816,"Outcome measures included improvements in severity and behavioral features of autistic disorder ( stereotypies , lethargy , irritability , hyperactivity , emotional reciprocity , sharing pleasures ) and improvements in language and communication , socialization , and daily living skills noted after 12 weeks ( the end of a 4-week maintenance phase ) .",outcomes,0,0,26
11450816,"We did not find any significant differences in improvements between lamotrigine or placebo groups on the Autism Behavior Checklist , the Aberrant Behavior Checklist , the Vineland Adaptive Behavior scales , the PL-ADOS , or the CARS .",outcomes,0,2,21
11450816,"Parent rating scales showed marked improvements , presumably due to expectations of benefits .",outcomes,0,0,3
11450818,Children 's attitudes and behavioral intentions toward a peer with autistic behaviors : does a brief educational intervention have an effect ?,participants,13,2,4
11450818,This study examined children 's ratings of attitudes and behavioral intentions toward a peer presented with or without autistic behaviors .,participants,18,0,4
11450818,The impact of information about autism on these ratings was investigated as well as age and gender effects .,none,0,0,0
11450818,"Third- and sixth-grade children ( N = 233 ) were randomly assigned to view a video of the same boy in one of three conditions : No Autism , Autism , or Autism/Information .",interventions,0,21,0
11450818,Children at both grade levels showed less positive attitudes toward the child in the two autism conditions .,outcomes,0,0,3
11450818,"In rating their own behavioral intentions , children showed no differences between conditions .",outcomes,0,0,2
11450818,"However , in attributing intentions to their classmates , older children and girls gave lower ratings to the child in the autism conditions .",outcomes,0,0,2
11450818,Information about autism did not affect ratings of either attitudes or behavioral intentions as ascribed to self or others .,outcomes,0,0,4
11453509,Ipratropium bromide nasal spray for treatment of rhinorrhea in the laryngectomized patient : a pilot study .,interventions,3,4,0
11453509,Many who have had a total laryngectomy complain of unrelenting rhinorrhea that is often very difficult to control .,none,0,0,0
11453509,"This study was undertaken to evaluate the effect of ipratropium bromide ( IB ) , an anticholinergic nasal spray , on rhinorrhea in these patients .",interventions,0,5,0
11453509,"This was designed as a prospective , randomized , double-blind , placebo-controlled , crossover pilot study .",interventions,0,1,0
11453509,Participants were selected if they had a total laryngectomy and complained of rhinorrhea .,participants,3,0,0
11453509,They were asked to rate the severity and duration of their rhinorrhea each day throughout the study on a scale from zero to six .,outcomes,0,0,5
11453509,Each participant was initially given a saline nasal spray for one week .,interventions,0,3,0
11453509,They were then randomized to use either IB or saline for the double-blinded portion of the study .,interventions,0,2,0
11453509,"Two sprays of IB at a dose of 42 micrograms/spray ( 0.06 % ) , or saline , were administered intranasally twice daily for two weeks , after which time the participants were given another nasal spray ( either IB or saline ) for the crossover portion of the study .",interventions,0,4,0
11453509,Six patients entered and completed the study .,participants,1,0,0
11453509,Those patients using the IB recorded a mean 55 % decline in severity and a mean 51 % decline in duration of the rhinorrhea as compared to placebo .,outcomes,0,0,9
11453509,The relief in both severity and duration of rhinorrhea obtained by patients was analyzed using the Wilcoxon signed-rank test and found to be highly significant ( p < 0.001 ) .,outcomes,0,0,8
11453509,"Despite the limitations of a small sample size in this study , ipratropium bromide nasal spray significantly reduced both the severity and duration of rhinorrhea in laryngectomized patients .",outcomes,0,0,5
11453509,"We suggest ipratropium nasal spray as a safe , effective way to treat chronic rhinorrhea in laryngectomized patients , improving their quality of life .",outcomes,0,0,3
11454840,Uncomplicated moderate coronary artery dissections after balloon angioplasty : good outcome without stenting .,interventions,0,2,0
11454840,"OBJECTIVE To study the relation between moderate coronary dissections , coronary flow velocity reserve ( CFVR ) , and long term outcome .",none,0,0,0
11454840,METHODS 523 patients undergoing balloon angioplasty and sequential intracoronary Doppler measurements were examined as part of the DEBATE II trial ( Doppler endpoints balloon angioplasty trial Europe ) .,participants,8,2,0
11454840,"After successful balloon angioplasty , patients were randomised to stenting or no further treatment .",interventions,0,7,0
11454840,"Dissections were graded at the core laboratory by two observers and divided into four categories : none , mild ( type A-B ) , moderate ( type C ) , severe ( types D to F ) .",none,0,0,0
11454840,Patients with severe dissections ( n = 128 ) or without available reference vessel CFVR ( n = 139 ) were excluded .,none,0,0,0
11454840,"The remaining 256 patients were divided into two groups according to the presence ( group A , n = 45 ) or absence ( group B , n = 211 ) of moderate dissection .",participants,2,0,0
11454840,"RESULTS Following balloon angioplasty , there was no difference in CFVR between the two groups .",outcomes,0,0,1
11454840,"At 12 months follow up , a higher rate of major adverse cardiac events was observed overall in group A than in group B ( 10 ( 22 % ) v 23 ( 11 % ) , p = 0.041 ) .",outcomes,0,0,4
11454840,"However , the risk of major adverse events was similar in the subgroups receiving balloon angioplasty ( group A , 6 ( 19 % ) v group B , 16 ( 16 % ) , NS ) .",outcomes,0,0,5
11454840,"Among group A patients , the adverse events risk was greater in those randomised to stenting ( odds ratios 6.603 v 1.197 , p = 0.046 ) , whereas there was no difference in risk if the group was analysed according to whether the CFVR was < 2.5 or > /= 2.5 after balloon angioplasty .",outcomes,0,0,3
11454840,CONCLUSIONS Moderate dissections left untreated result in no increased risk of major adverse cardiac events .,outcomes,0,0,6
11454840,Additional stenting does not improve the long term outcome .,none,0,0,0
11459079,Famotidine treatment of children with autistic spectrum disorders : pilot research using single subject research design .,participants,3,1,0
11459079,"Using single subject research design , we performed pilot research to evaluate the safety and efficacy of famotidine for the treatment of children with autistic spectrum disorders .",participants,3,1,0
11459079,"We studied 9 Caucasian boys , 3.8-8.1 years old , with a DSM-IV diagnosis of a pervasive developmental disorder , living with their families , receiving no chronic medications , and without significant gastrointestinal symptoms .",participants,11,0,0
11459079,The dose of oral famotidine was 2 mg/kg/day ( given in two divided doses ) ; the maximum total daily dose was 100 mg .,interventions,0,22,0
11459079,"Using single-subject research analysis and medication given in a randomized , double-blind , placebo-controlled , cross-over design , 4 of 9 children randomized ( 44 % ) had evidence of behavioral improvement .",outcomes,0,0,2
11459079,"Primary efficacy was based on data kept by primary caregivers , including a daily diary ; daily visual analogue scales of affection , reciting , or aspects of social interaction ; Aberrant Behavior Checklists ( ABC , Aman ) ; and Clinical Global Improvement scales .",outcomes,0,0,29
11459079,"Children with marked stereotypy ( meaningless , repetitive behaviors ) did not respond .",none,0,0,0
11459079,"Our subjects did not have prominent gastrointestinal symptoms and endoscopy was not part of our protocol ; thus , we can not exclude the possibility that our subjects improved due to the effective treatment of asymptomatic esophagitis .",outcomes,0,0,2
11459079,The use of famotidine for the treatment of children with autistic spectrum disorders warrants further investigation .,interventions,0,1,0
11465651,Valsartan alone or with a diuretic or ACE inhibitor as treatment for African American hypertensives : relation to salt intake .,participants,3,1,0
11465651,Previous clinical trials have demonstrated the important influence of ethnicity and dietary salt on the antihypertensive efficacy of drugs that block the renin angiotensin system .,none,0,0,0
11465651,"Angiotensin II receptor blockers are a new therapeutic entity that have not been widely studied in African American hypertensives , either alone , or in combination with other therapies such as diuretics or angiotensin converting enzyme inhibitors .",none,0,0,0
11465651,"We performed a pilot , prospective , open label , randomized design clinical trial to evaluate the effects of the angiotensin II receptor blocker valsartan ( 160 mg once a day ) on systolic and diastolic blood pressure in hypertensive African Americans ( n = 88 ) on a low salt ( 100 mEq Na+/day ) for 2 weeks and the same diet supplemented by 100 mEq Na+ for 4 weeks .",interventions,4,27,5
11465651,"After this evaluation , while continuing the Na+ supplementation , patients were randomized to valsartan 320 mg/day ( n = 28 ) , or the addition of hydrochlorothiazide ( HCTZ ) 12.5 mg/day ( n = 30 ) , or benazepril 20 mg/day to the valsartan 160 mg/day for an additional 6 weeks .",interventions,0,36,0
11465651,Valsartan ( 160 mg/day ) lowered blood pressure significantly in African American patients on both low salt ( -6.4/-4.8 mm Hg : P < .001 ) and a high salt diet ( -4.9/-3.8 mm Hg : P = .01 ) .,outcomes,0,0,2
11465651,"The high salt diet attenuated the antihypertensive effect slightly ( 1.6/1.3 mm Hg , P = not significant ) .",outcomes,0,0,2
11465651,"When comparing the efficacy of the three randomized therapeutic regimens while on the Na+ supplement , the valsartan 160 mg/HCTZ 12.5 mg was the most effective therapy with an incremental reduction in blood pressure of -10.5/-6.9 mm Hg ( P < .01 ) , compared to valsartan 160 mg/day alone .",outcomes,0,0,2
11465651,Doubling the dose of valsartan to 320 mg incrementally lowered blood pressure by -3.8/-3.3 mm Hg ( P = not significant ) .,outcomes,0,0,2
11465651,The least effective approach was adding benazepril 20 mg/day to valsartan 160 mg/day with no incremental reduction in systolic blood pressure and diastolic blood pressure reduction of only 1.7 mm Hg ( P = not significant ) .,outcomes,0,0,7
11465651,"We conclude that in our open label pilot study , the antihypertensive activity of valsartan is not significantly attenuated by supplemented salt diet in hypertensive African Americans .",participants,4,0,0
11465651,"Moreover , adding a low dose of HCTZ appears to be the most effective strategy in enhancing the antihypertensive activity of this angiotensin II receptor blocker in contrast to either doubling the dose or adding an angiotensin converting enzyme inhibitor .",none,0,0,0
11471578,A comparison of acupuncture with advice and exercises on the symptomatic treatment of osteoarthritis of the hip -- a randomised controlled trial .,participants,4,0,2
11471578,"Acupuncture is becoming a common technique within the physiotherapy profession as a treatment modality for pain relief ; however , few randomised controlled trials have been undertaken to assess the effectiveness of acupuncture , particularly in the treatment of osteoarthritis ( OA ) of the hip .",outcomes,0,0,2
11471578,"Therefore , a randomised trial to compare the effectiveness of acupuncture with advice and exercises on the symptomatic treatment of OA of the hip was carried out .",none,0,0,0
11471578,"Thirty-two patients awaiting a total hip arthroplasty were randomly allocated to either the experimental group , ( A ) , to have six sessions of acupuncture each lasting up to 25 minutes , or the control group , ( B ) , to be given advice and exercises for their hip over a six week period .",participants,6,0,0
11471578,"Group A consisted of three men and 13 women , and group B consisted of four men and eight women .",participants,20,0,0
11471578,The average age in group A was 66 years and in group B it was 68 years .,participants,16,0,0
11471578,"Patients were assessed for pain and functional ability , using a modified version of the WOMAC questionnaire , pre-treatment , immediately post-treatment and at eight weeks post-treatment .",outcomes,0,0,2
11471578,The pre-treatment WOMAC scores in the two groups were similar ( p=0.85 ) .,outcomes,0,0,2
11471578,There was a significant improvement in group A ( decrease in WOMAC score ) immediately post-treatment ( p=0.002 ) and this was maintained at the eight-week follow-up ( p=0.03 ) .,outcomes,0,0,2
11471578,There were no significant changes in group B .,none,0,0,0
11471578,"When the changes in WOMAC scores were compared between groups , a significantly greater improvement was found between pre-treatment and immediately post-treatment in group A , compared with group B ( p=0.02 ) .",outcomes,0,0,2
11471578,The changes between pre-treatment and the eight-week follow-up also showed a significant improvement in group A compared with group B ( p=0.03 ) .,none,0,0,0
11471578,"In conclusion , this trial supports the hypothesis that acupuncture is more effective than advice and exercises in the symptomatic treatment of OA of the hip .",outcomes,0,0,1
11472320,There are some benefits for eradicating Helicobacter pylori in patients with non-ulcer dyspepsia .,participants,2,0,0
11472320,BACKGROUND The relationship between Helicobacter pylori infection and non-ulcer dyspepsia is not established .,none,0,0,0
11472320,AIM To determine whether eradication of H. pylori might be of benefit in non-ulcer dyspepsia patients .,participants,2,0,0
11472320,"METHODS We randomly assigned 129 H. pylori infected patients with severe epigastric pain , without gastro-oesophageal reflux symptoms , to receive twice daily treatment with 300 mg of ranitidine , 1000 mg of amoxicillin , and 500 mg of clarithromycin for 7 days and 124 such patients to receive identical-appearing placebos .",participants,10,5,0
11472320,RESULTS Treatment was successful ( decrease of symptoms at 12 months ) in 62 % of patients in the active-treatment group and in 60 % of the placebo group ( N.S. ) .,none,0,0,0
11472320,"At 12 months , the rate of eradication of H. pylori was 69 % in the active-treatment group and 18 % in the placebo group ( P < 0.001 ) .",outcomes,0,0,6
11472320,"Complete relief of symptoms occurred significantly more frequently in patients on the active treatment ( 43 % ) than in placebo-treated patients ( 31 % , P=0.048 ) .",outcomes,0,0,4
11472320,"Within the active-treatment group , therapeutic success was significantly more frequent in the non-infected patients ( 84 % vs. 64 % , P=0.04 ) .",outcomes,1,0,2
11472320,"CONCLUSIONS Although eradicating H. pylori is not likely to relieve symptoms in the majority of patients with non-ulcer dyspepsia , a small proportion of H. pylori-infected patients may benefit from eradication treatment .",participants,3,0,0
11476129,"Clomipramine versus haloperidol in the treatment of autistic disorder : a double-blind , placebo-controlled , crossover study .",interventions,3,4,0
11476129,"Clomipramine , haloperidol , and placebo were compared with baseline in the treatment of autism , and overall outcome , specific symptoms , and side effects were examined .",outcomes,1,4,6
11476129,It was hypothesized that clomipramine would be better tolerated than haloperidol and prove superior on a measure of stereotypy .,interventions,0,2,0
11476129,"Individuals with a DSM-IV diagnosis of autistic disorder ( mean age , 16.3 years ; range , 10-36 years ) were randomly assigned , by using a Latin square design , to the following 7-week trials : placebo , clomipramine ( mean daily dose , 128.4 mg ; range , 100-150 mg ) , or haloperidol ( mean daily dose , 1.3 mg ; range , 1-1.5 mg ) .",interventions,0,3,0
11476129,Data on 36 subjects were analyzed and taken together ; the results favored haloperidol .,interventions,1,2,0
11476129,"In those patients who were able to complete a full therapeutic trial , clomipramine proved comparable to haloperidol in terms of improvement compared with baseline .",interventions,0,2,1
11476129,"However , significantly fewer individuals receiving clomipramine versus haloperidol were able to complete the trial ( 37.5 % vs. 69.7 % , respectively ) for reasons related to both side effects and efficacy or behavior problems .",outcomes,0,2,5
11476129,"In the intent-to-treat sample , which is perhaps more clinically relevant , only haloperidol proved superior to baseline on a global measure of autistic symptom severity , as well as specific measures for irritability and hyperactivity .",outcomes,0,1,6
11476129,"Clomipramine did not seem more effective on a measure of stereotypy , nor was it better tolerated .",interventions,0,1,0
11485124,Sulfasalazine decreases acute gastrointestinal complications due to pelvic radiotherapy .,interventions,0,1,0
11485124,BACKGROUND Radiation-induced gastrointestinal toxicity is a significant concern for patients who are treated with this modality for pelvic malignancies .,participants,3,0,0
11485124,Eicosanoids and free radicals are thought to be among the reasons for this effect .,none,0,0,0
11485124,Sulfasalazine is an inhibitor of their synthesis in the mucosa .,interventions,0,1,0
11485124,OBJECTlVE : To determine whether sulfasalazine can reduce the radiation-induced acute gastrointestinal complications .,interventions,0,1,0
11485124,"METHODS In this prospective , double-blind study , 31 patients receiving pelvic radiotherapy were randomized to receive two sulfasalazine 500-mg tablets twice daily or placebo , administered orally from the first day of irradiation .",interventions,3,6,0
11485124,"Patients were evaluated weekly , and gastrointestinal toxicities were graded according to the Late Effect of Normal Tissue-Subjective Objective Management Analytic ( LENT-SOMA ) toxicity table during pelvic radiotherapy .",outcomes,0,0,15
11485124,"On the last day of week 5 , the subjects were graded endoscopically , and biopsies taken from the rectum were classified histopathologically .",none,0,0,0
11485124,"RESULTS Groups did not differ in age , gender , tumor site , or irradiation procedure .",none,0,0,0
11485124,"During radiotherapy , grade 2 or higher gastrointestinal toxicity occurred in 20 % ( 3/15 ) and 63 % ( 10/16 ) of the sulfasalazine and placebo groups , respectively .",outcomes,0,0,6
11485124,This difference was significant ( p = 0.017 ) .,outcomes,0,0,1
11485124,No statistically significant differences were found in endoscopic and histopathologic evaluations .,none,0,0,0
11485124,CONCLUSIONS Sulfasalazine is effective in decreasing clinically acute gastrointestinal toxicities .,none,0,0,0
11485124,Long-term follow-up with the subjects will help to determine the net effect of sulfasalazine on the radiation-induced gastrointestinal injuries .,participants,3,0,0
11488317,Comparison of the acute effects of salbutamol and terbutaline on heart rate variability in adult asthmatic patients .,outcomes,2,3,4
11488317,This study investigated the effects of beta2-adrenergic agonist therapy on heart rate variability ( HRV ) in adult asthmatic patients by using frequency domain measures of HRV .,outcomes,0,1,6
11488317,A randomized crossover design was used .,none,0,0,0
11488317,Twenty adult patients with asthma were studied .,participants,1,0,0
11488317,All patients showed a mild-to-moderate decrease in baseline forced expiratory volume in one second .,outcomes,0,0,6
11488317,Any diseases that might have influenced the autonomic function were excluded .,none,0,0,0
11488317,All patients had a complete physical examination and medical history that revealed no cardiovascular disease or medication .,none,0,0,0
11488317,The study used 200 microg inhaled salbutamol and 500 microg inhaled terbutaline .,interventions,0,3,0
11488317,"HRV analysis was performed for each 5-min segment , 5 min before inhalation of the study drug and 5 , 10 , 15 , 20 , 25 and 30 min after inhalation .",none,0,0,0
11488317,"Total power ( TP : < 0.40 Hz ) , high-frequency power ( HF : 0.15-0.40 Hz ) , low-frequency power ( LF : 0.04-0.15 Hz ) and LF/HF ratio were calculated .",outcomes,0,0,27
11488317,"The LF and LF/HF ratio increased and TP decreased at 5 , 10 , 15 and 20 min after the salbutamol and the terbutaline inhalation , HF did not change significantly after the salbutamol and terbutaline inhalation .",outcomes,0,4,6
11488317,Acute salbutamol and terbutaline inhalation produce similar effects on heart rate variability and increase sympathetic modulation in the cardiac autonomic activity .,interventions,0,5,5
11500608,Does short-term treatment with proton pump inhibitors cause rebound aggravation of symptoms ?,interventions,0,3,0
11500608,BACKGROUND Rebound acid hypersecretion might occur after treatment with proton pump inhibitors .,interventions,0,3,0
11500608,This study looks for a rebound aggravation of symptoms after short-term treatment with lansoprazole .,interventions,0,2,0
11500608,"STUDY Sixty-two patients ( 19 men and 43 women ; mean age , 54 years ; range , 32-77 years ) with heartburn and regurgitation and normal upper endoscopy findings were studied in a randomized , double-blind , placebo-controlled trial with a crossover design .",participants,29,1,0
11500608,"There were two 5-day treatment periods with lansoprazole 60 mg once daily or placebo in random order , separated by a 9-day washout period .",interventions,0,6,0
11500608,"Reflux , total , and antacid scores were calculated for each of the treatment periods .",outcomes,0,0,7
11500608,Higher scores during the placebo period in the group given lansoprazole first than in the group given placebo first indicated a rebound aggravation of symptoms .,interventions,0,2,0
11500608,"RESULTS The mean symptom scores during the placebo period in the groups given lansoprazole first and placebo first were as follows : reflux score , 21.5 and 17.6 , respectively ( not significant ) ; total score , 11.2 and 10.3 , respectively ( not significant ) ; and antacid score , 8.2 and 7.2 , respectively ( not significant ) .",outcomes,0,1,8
11500608,CONCLUSIONS There is no indication of a rebound aggravation of symptoms 12 to 14 days after a 5-day treatment with lansoprazole 60 mg once daily in patients with reflux symptoms .,participants,5,1,0
11501687,Olanzapine versus haloperidol in children with autistic disorder : an open pilot study .,participants,3,2,0
11501687,"OBJECTIVES Conventional neuroleptics ameliorate symptoms in children with autistic disorder ; however , they are known to cause dyskinesias .",participants,4,1,0
11501687,"Atypical neuroleptics , including olanzapine , may have less risk for dyskinesia , but their efficacy in autistic disorder is not established .",interventions,0,2,0
11501687,This study was designed to investigate the safety and effectiveness of open-label olanzapine as a treatment for children with autistic disorder by using haloperidol as a standard comparator treatment .,participants,3,2,0
11501687,"METHOD In a parallel groups design , 12 children with DSM-IV autistic disorder ( mean age 7.8+/-2.1 years ) were randomized to 6 weeks of open treatment with olanzapine or haloperidol .",participants,7,5,0
11501687,Mean final dosages were 7.9+/-2.5 mg/day for olanzapine and 1.4+/-0.7 mg/day for haloperidol .,interventions,0,2,0
11501687,Outcome measures included the Clinical Global Impressions ( CGI ) and the Children 's Psychiatric Rating Scale ( CPRS ) .,outcomes,0,0,15
11501687,RESULTS Both groups had symptom reduction .,outcomes,0,0,2
11501687,Five of six in the olanzapine group and three of six in the haloperidol group were rated as responders according to the CGI Improvement item .,interventions,0,2,1
11501687,"Subjects showed improvement on the CPRS Autism Factor ( F1,9 = 24.4 , p = .0008 ) .",outcomes,0,0,3
11501687,Side effects included drowsiness and weight gain .,outcomes,0,0,4
11501687,CONCLUSIONS The findings suggest that olanzapine is a promising treatment for children with autistic disorder .,participants,3,1,0
11501687,Further placebo-controlled and long-term studies of olanzapine in autistic disorder are required .,interventions,0,1,0
11508634,The effect of neighborhood-based community organizing : results from the Seattle Minority Youth Health Project .,participants,5,3,0
11508634,"OBJECTIVE To evaluate the effect of a community mobilization and youth development strategy to prevent drug abuse , violence , and risky sexual activity .",interventions,0,6,6
11508634,"DATA SOURCES/STUDY SETTING Primary surveys of youth , parents , and key neighborhood leaders were carried out at baseline ( 1994 ) and at the end of the intervention period ( 1997 ) .",participants,2,0,0
11508634,The study took place in four intervention and six control neighborhoods in Seattle .,participants,1,0,0
11508634,STUDY DESIGN The study was designed as a randomized controlled trial with neighborhood as the unit of randomization .,none,0,0,0
11508634,The intervention consisted of a paid community organizer in each neighborhood who recruited a group of residents to serve as a community action board .,interventions,0,20,0
11508634,"Key variables included perceptions of neighborhood mobilization by youth , parents , and key neighborhood leaders .",outcomes,0,0,4
11508634,DATA COLLECTION/EXTRACTION METHODS Youth surveys were self-administered during school hours .,none,0,0,0
11508634,Parent and neighborhood leader surveys were conducted over the phone by trained interviewers .,none,0,0,0
11508634,PRINCIPAL FINDINGS Survey results showed that mobilization increased to the same degree in both intervention and control neighborhoods with no evidence of an overall intervention effect .,outcomes,0,0,1
11508634,There did appear to be a relative increase in mobilization in the neighborhood with the highest level of intervention activity .,outcomes,0,0,5
11508634,CONCLUSION This randomized study failed to demonstrate a measurable effect for a community mobilization intervention .,interventions,0,3,2
11508634,It is uncertain whether the negative finding was because of a lack of strength of the interventions or problems detecting intervention effects using individual-level closed-end surveys .,none,0,0,0
11517983,"Comparison of thiopentone/guaifenesin , ketamine/guaifenesin and ketamine/midazolam for the induction of horses to be anaesthetised with isoflurane .",participants,6,5,0
11517983,Forty-eight horses subjected to elective surgery were randomly assigned to three groups of 16 horses .,participants,6,0,0
11517983,"After premedication with 0.1 mg/kg acepromazine intramuscularly and 0.6 mg/kg xylazine intravenously , anaesthesia was induced either with 2 g thiopentone in 500 ml of a 10 per cent guaifenesin solution , given intravenously at a dose of 1 ml/kg ( group TG ) , or with 100 mg/kg guaifenesin and 2.2 mg/kg ketamine given intravenously ( group KG ) , or with 0.06 mg/kg midazolam , and 2.2 mg/kg ketamine given intravenously ( group KM ) .",interventions,0,11,0
11517983,Anaesthesia was maintained with isoflurane .,interventions,0,2,1
11517983,"The mean ( sd ) end tidal isoflurane concentration ( per cent ) needed to maintain a light surgical anaesthesia ( stage III , plane 2 ) was significantly lower in group KM ( 0.91 [ 0.03 ] ) than in groups TG ( 1.11 [ 0.03 ] ) and KG ( 1.14 [ 0.03 ] ) .",outcomes,0,1,15
11517983,The mean ( sd ) arterial pressure ( mmHg ) was significantly lower in group KG ( 67.4 [ 2.07 ] ) than in groups TC ( 75.6 [ 2.23 ] ) and KM ( 81.0 [ 2.16 ] ) .,outcomes,0,0,9
11517983,"There were no significant differences in the logarithm of the heart rate , recovery time or quality of recovery between the three induction groups .",outcomes,0,0,9
11517983,"However , pronounced ataxia was observed in the horses of group KM , especially after periods of anaesthesia lasting less than 75 minutes .",outcomes,0,0,1
11535502,"Relationships between age at diagnosis , clinical features , and outcome of therapy in children treated in the Medical Research Council AML 10 and 12 trials for acute myeloid leukemia .",participants,17,0,0
11535502,"Between May 1988 and June 2000 , 698 children were treated in the Medical Research Council acute myeloid leukemia 10 and 12 trials .",participants,5,0,0
11535502,The presenting features and outcomes of therapy in these children were compared by age .,interventions,0,11,0
11535502,"Although there was no single cutoff in age , younger children were more likely to have intermediate risk and less likely to have favorable cytogenetics ( P < .001 ) , and they had a higher incidence of translocations involving chromosome 11q23 ( P < .001 ) .",outcomes,0,0,8
11535502,"The distribution of French-American-British ( FAB ) types also varied with age ; FAB types M5 ( P < .001 ) and M7 ( P < .001 ) were more common in early childhood , whereas older children were more likely to have FAB types M0 ( P =.03 ) , M1 ( P =.04 ) , M2 ( P =.005 ) , and M3 ( P < .001 ) .",outcomes,0,0,9
11535502,Involvement of the central nervous system at diagnosis was also more common in the youngest children ( P =.01 ) .,none,0,0,0
11535502,"Younger children had more severe diarrhea ( P =.002 ) , whereas older children had worse nausea and vomiting ( P =.01 ) after chemotherapy .",outcomes,0,0,5
11535502,"When adjusted for other important factors , complete remission rates were similar ( P =.5 ) and although there was less resistant disease in younger children ( P =.003 ) , this was partially balanced by a slight increase in deaths during induction therapy in younger patients ( P =.06 ) .",outcomes,0,0,4
11535502,"On multivariate analysis overall survival ( P =.02 ) , event-free survival ( P =.02 ) , and disease-free survival were better ( P =.06 ) in younger children due to a lower relapse rate ( P =.02 ) especially in the bone marrow ( P =.02 ) .",outcomes,0,0,8
11536065,[ Comparison between anterior rhinomanometry and impulse-oscillometric rhinometry found within nasal allergen provocation ] .,interventions,2,4,3
11536065,"UNLABELLED Besides the standard method of anterior rhinomanometry ( aR ) , the impulse-oscillometric rhinometry ( IOS ) is available for measurements of the nasal resistance .",interventions,0,12,2
11536065,"The aR is a procedure dependent on the cooperation of the patient , whereas IOS is measured regardless from the breathing activities of the patient .",none,0,0,0
11536065,We examined weather the resistance-measurement by means of IOS in comparison to the aR is a more suitable method for nasal allergic provocation .,outcomes,0,0,3
11536065,"METHOD 17 patients with anamnestic known rhinokonjunktivitis ( 6 f , 11 m ) had a pricktest and then a nasal provocation testing with an allergen which provoked a reaction on the skin .",participants,2,0,0
11536065,The complete resistance of the nose was measured in a randomized order by means of aR and IOS .,interventions,0,4,1
11536065,"RESULTS The complete resistance showed neither in the basic measurement ( aR 0,38 +/- 0,14 kPa/l/s ; IOS 0,38 +/- 0,11 kPa/l/s ) nor in the control solution ( aR 0,38 +/- 0,14 ; IOS 0,39 +/- 0,14 ) nor after application of the allergenic solution ( 15 min : aR 0,69 +/- 0,27 ; IOS 0,77 +/- 0,42 ; 30 min : aR 0,65 +/- 0,29 ; IOS 0,6 +/- 0,38 ) a significant difference between the two methods .",outcomes,0,0,2
11536065,"The results of the measurement of aR and IOS after the allergenic solution showed a positive correlation ( 15 min : r = 0,63 , p < 0,01 ; 30 min : r = 0,67 , p < 0,01 ) .",outcomes,0,0,5
11536065,"We found by means of clinic and measurement methods in the aR of 7 patients a positive reaction , within 7 patient a negative reaction , 3 patients had a unspecific nasal hyperreactivity .",outcomes,1,0,3
11536065,There was a correspondence in 6 of the 7 patients with positive reaction in aR between both methods .,none,0,0,0
11536065,4 of the 7 results with negative reaction in the aR would have been positive then underlying the same criteria in the IOS without announcing the symptomscore a relevant clinical symptomatic while testing .,outcomes,0,0,1
11536065,CONCLUSION IOS is a suitable procedure for nasal provocation testing and provides results similar to the aR .,none,0,0,0
11536065,In comparison to aR IOS is not dependent on the patients cooperation .,none,0,0,0
11536065,Due to its higher sensitivity the valid limits of the aR at provocation testings can not be transferred to IOS to avoid a false positive reaction .,outcomes,0,0,3
11545629,Penetration of ofloxacin and ciprofloxacin into the aqueous humor of eyes with functioning filtering blebs : a randomized trial .,interventions,0,2,0
11545629,OBJECTIVE To determine concentrations of ofloxacin and ciprofloxacin hydrochloride in aqueous humor after topical or combined topical and oral administration in eyes with filtering blebs .,none,0,0,0
11545629,"DESIGN A prospective , investigator-masked , randomized , controlled comparative study involving 36 eyes of 34 patients with functioning filtering blebs who were to undergo cataract surgery .",participants,5,0,0
11545629,"Treatment groups received either topical ofloxacin or topical ciprofloxacin ( instillation of 0.3 % ophthalmic solution every 30 minutes for 4 hours before surgery ) , or a combined topical plus oral regimen ( ciprofloxacin hydrochloride , four 100-mg tablets , or ofloxacin , one 400-mg tablet , administered 24-26 , 12-14 , and 2 hours preceding surgery ) .",interventions,0,18,0
11545629,The main outcome measure was antibiotic concentration measured by chromatographic separation and mass spectrometry of aqueous samples obtained during surgery .,outcomes,0,0,2
11545629,"RESULTS Topical antibiotic treatment yielded mean concentrations of ofloxacin , 0.75 microg/mL , and ciprofloxacin , 0.21 microg/mL , in aqueous .",outcomes,0,2,3
11545629,"With combined topical and oral therapy , significantly more ofloxacin was measured than ciprofloxacin ( 3.84 microg/mL vs 0.35 microg/mL [ P < .001 ] ) .",none,0,0,0
11545629,The combination regimen produced significantly greater ofloxacin levels than did topical therapy alone ( P =.007 ) .,outcomes,0,0,3
11545629,"CONCLUSIONS Ofloxacin penetrates better than ciprofloxacin into the aqueous of eyes with filtering blebs , particularly after combined topical and oral administration , by which ofloxacin reaches more than a 10-fold greater concentration than does ciprofloxacin .",outcomes,0,0,1
11545629,Combined topical and oral therapy with ofloxacin may be beneficial in the treatment of bleb-associated infections .,interventions,0,6,0
11545671,A randomized effectiveness trial of collaborative care for patients with panic disorder in primary care .,participants,2,2,1
11545671,"BACKGROUND Effectiveness studies have tested interventions to improve quality of care for depression in primary care , but none , to our knowledge , have been completed for panic disorder ( PD ) in this setting .",outcomes,0,0,1
11545671,"This study sought to test the clinical effectiveness of PD pharmacotherapy embedded in a disease management framework of "" collaborative care "" ( CC ) .",interventions,0,2,2
11545671,"METHODS One hundred fifteen patients with PD from 3 primary care clinics were randomized to CC or "" usual care "" ( UC ) .",participants,4,1,0
11545671,Patients in CC ( n = 57 ) received educational videotapes and pamphlets ; pharmacotherapy with the selective serotonin reuptake inhibitor paroxetine ; 2 psychiatrist visits and 2 telephone calls in the first 8 weeks ; and up to 5 telephone calls between 3 and 12 months ' follow-up .,interventions,0,12,0
11545671,Usual care patients ( n = 58 ) were treated by their primary care physician .,none,0,0,0
11545671,"Telephone assessments of panic , anxiety sensitivity , depression , and disability variables were performed at 3 , 6 , 9 , and 12 months ' follow-up .",outcomes,0,0,6
11545671,Adequacy of pharmacotherapy was assessed with an algorithm based on a review of efficacy studies .,outcomes,0,0,4
11545671,"RESULTS Patients in CC were more likely to receive adequate ( type , dose , duration ) medication and more likely to adhere to this medication at 3 and 6 months .",outcomes,0,0,4
11545671,"Random regression analyses showed that CC patients improved significantly more over time compared with UC patients on anxiety , depression , and disability measures , with the greatest effects at 3 and 6 months .",outcomes,0,0,5
11545671,"CONCLUSIONS Compared with UC , CC interventions significantly improved both quality of care and clinical and functional outcomes in primary care PD patients .",participants,1,0,0
11545671,"Clinical differences were greatest in the first 6 months , corresponding to the greater quality of care and the greater intensity of intervention .",outcomes,0,0,1
11547366,Matched-pair analysis of all-polyethylene versus metal-backed tibial components .,interventions,0,5,0
11547366,"Forty-eight matched pairs of osteoarthritic knees from patients who underwent primary total knee arthroplasty with a round-on-round , Apollo Knee System were studied to evaluate the outcome between all-polyethylene and metal-backed tibial components .",interventions,2,5,0
11547366,"Patients were matched for patient factors , preoperative deformities , cruciate salvage or sacrifice , and surgical technique .",participants,1,0,0
11547366,"At the last follow-up ( average , 38.4 months ) , there was no statistically significant difference in terms of knee scores , patient self-assessment , and radiographic outcomes .",outcomes,0,0,6
11547366,"No component required revision , and no revisions were pending .",none,0,0,0
11547366,Maintenance of these results over time would project into better long-term success for all-polyethylene tibial components because of the amount of wear and osteolysis with current modular metal-backed tibial components .,interventions,0,6,0
11547366,We advocate the use of a more cost-effective all-polyethylene tibial component in elderly patients ( > 70 years old ) who are not likely to need the versatility of exchange of a modular polyethylene insert because of wear .,participants,3,3,0
11549300,"Dipyridamole in chronic stable angina pectoris ; a randomized , double blind , placebo-controlled , parallel group study .",participants,4,1,0
11549300,"BACKGROUND Oral dipyridamole induces accumulation of endogenous adenosine , which in a hypoxic milieu exerts experimentally an angiogenic effect on coronary collateral circulation .",interventions,0,1,0
11549300,"A meta-analysis of 13 randomized placebo-controlled trials published between 1960 and 1992 showed evidence of benefit for dipyridamole in the treatment of angina pectoris , especially with longer duration of treatment .",interventions,0,1,0
11549300,"Aim To assess the efficacy and safety of dipyridamole in the treatment of patients with chronic stable angina in a large scale , international , randomized , placebo-controlled , parallel group study .",participants,11,0,3
11549300,METHODS Four hundred patients with chronic stable angina pectoris and a positive treadmill exercise test were randomized to receive either modified release dipyridamole ( 200 mg b.i.d .,interventions,2,3,0
11549300,"p.o. , n=198 ) or corresponding placebo ( n=202 ) , for 24 weeks as an add-on to conventional antianginal therapy and for 4 additional weeks as monotherapy -- the latter after withdrawal of standard treatment with calcium antagonists and/or beta-blockers and/or long-acting ( prophylactic ) nitrates .",interventions,0,20,0
11549300,"RESULTS Of the 198 patients randomized to dipyridamole , 134 completed the add-on and only 12 the monotherapy phase .",participants,1,1,0
11549300,"Of the 202 patients randomized to placebo , 162 reached the add-on and only 12 the monotherapy phase .",interventions,0,1,0
11549300,"Serious adverse events occurred in 15 patients with dipyridamole and in 12 with placebo ( 7.6 % vs 6.0 , P=0.52 ) .",outcomes,0,0,3
11549300,Increase over the baseline treadmill exercise test was similar in the treatment groups at each stage of the trial for all the main efficacy parameters : total treadmill exercise test duration ; time to first anginal pain ( except for a -13 s difference in favour of placebo at week 24 ; P=0.040 ) ; time to ST segment depression > 0.1 mVolt ( except for a +21 s difference in favour of dipyridamole at week 8 ; P=0.024 ; this latter difference was totally attributable to patients with lower exercise tolerance -- Bruce stage II at study entry ) .,outcomes,0,0,22
11549300,"CONCLUSION In patients with chronic stable angina treated with regular antianginal background medication , the use of oral dipyridamole is safe and well tolerated .",participants,11,0,2
11549300,"Antianginal and antiischaemic efficacy , as assessed by exercise testing , is comparable to placebo , except for a beneficial effect on time to ischaemia after 2 months , totally attributable to patients with lower exercise tolerance at study entry .",none,0,0,0
11549539,Effect of antioxidant supplementation on ozone-induced lung injury in human subjects .,participants,7,2,0
11549539,"To determine whether antioxidants can influence human susceptibility to ozone ( O ( 3 ) ) -induced changes in lung function and airway inflammation , we placed 31 healthy nonsmoking adults ( 18 to 35 yr old ) on a diet low in ascorbate for 3 wk .",interventions,1,5,4
11549539,"At 1 wk , subjects were exposed to filtered air for 2 h while exercising ( 20 L/min/m ( 2 ) ) , and then underwent bronchoalveolar lavage ( BAL ) and were randomly assigned to receive either a placebo or 250 mg of vitamin C , 50 IU of alpha-tocopherol , and 12 oz of vegetable cocktail daily for 2 wk .",interventions,0,35,0
11549539,Subjects were then exposed to 0.4 ppm O ( 3 ) for 2 h and underwent a second BAL .,interventions,0,1,0
11549539,"On the day of the O ( 3 ) exposure , supplemented subjects were found to have significantly increased levels of plasma ascorbate , tocopherols , and carotenoids as compared with those of the placebo group .",outcomes,0,0,9
11549539,"Pulmonary function testing showed that O ( 3 ) -induced reductions in FEV ( 1 ) and FVC were 30 % and 24 % smaller , respectively , in the supplemented cohort .",outcomes,0,0,13
11549539,"In contrast , the inflammatory response to O ( 3 ) inhalation , as represented by the percent neutrophils and the concentration of interleukin-6 recovered in the BAL fluid at 1 h after O ( 3 ) exposure was not different for the two groups .",outcomes,0,0,14
11549539,These data suggest that dietary antioxidants protect against O ( 3 ) -induced pulmonary function decrements in humans .,outcomes,0,2,7
11550726,Is psychotherapy more effective when therapists disclose information about themselves ?,participants,1,1,0
11550726,Theorists have long debated the wisdom of therapists disclosing personal information during psychotherapy .,outcomes,0,1,3
11550726,"Some observers have argued that such therapist self-disclosure impedes treatment , whereas others have suggested that it enhances the effectiveness of therapy .",outcomes,0,0,4
11550726,"To test these competing positions , therapists at a university counseling center were instructed to increase the number of self-disclosures they made during treatment of one client and refrain from making self-disclosures during treatment of another client .",interventions,0,12,0
11550726,Analyses revealed that clients receiving psychotherapy under conditions of heightened therapist disclosure not only reported lower levels of symptom distress but also liked their therapist more .,outcomes,0,3,10
11550726,Such findings suggest that self-disclosure by the therapist may improve both the quality of the therapeutic relationship and the outcome of treatment .,outcomes,0,0,11
11554235,Comparison of tropisetron and granisetron in the control of nausea and vomiting in children receiving combined cancer chemotherapy .,participants,3,3,3
11554235,Tropisetron and granisetron are selective serotonin ( 5-HT3 ) antagonists that have been proven effective in the prevention of nausea and vomiting in adults and children receiving cancer chemotherapy .,participants,4,2,2
11554235,"This prospective , randomised study was designed to compare the efficacy of the two agents in the prevention of vomiting and nausea in children receiving highly emetogenic chemotherapy for various malignancies .",participants,5,0,3
11554235,A total of 51 children ( mean age : 7.7 +/- 4.8 year ) were studied in 133 chemotherapy cycles .,participants,5,0,0
11554235,"In 66 chemotherapy cycles , the children received tropisetron as an antiemetic agent in a dose of 0.2 mg/kg/24 h intravenously and , in 67 cycles , they received granisetron 40 micrograms/kg/24 h intravenously before cytotoxic drug administration during the days they received chemotherapy .",interventions,0,4,0
11554235,"The response per 24 h of chemotherapy was defined as complete ( no nausea and vomiting ) , partial ( 1-4 events of vomiting and/or nausea ) , and failure ( more than 4 events of vomiting and/or nausea ) .",none,0,0,0
11554235,Efficacy of antiemetic therapy was evaluated as acute ( Day 1 ) and overall was based on the worst day during the chemotherapy .,none,0,0,0
11554235,"Complete control of acute vomiting was achieved in 74 % of tropisetron and 88 % of granisetron patients ( P = 0.04 ) , and complete control of acute nausea in 56 % and 82 % respectively ( p = 0.002 ) .",outcomes,0,2,7
11554235,Overall response by means of complete control of both vomiting and nausea during the whole therapy period was 29 % of tropisetron group and 55 % of granisetron group ( p = 0.007 ) .,outcomes,0,2,4
11554235,"The statistical analysis ( depending on the emetogenicity of the chemotherapy cycles ) showed increased efficacy of granisetron in highly ( grade 3 ) emetogenic chemotherapy cycles ( p = 0.002 ) , whereas there was no difference in the very highly emetogenic cycles ( p = 0.7 ) .",none,0,0,0
11554235,"Also , granisetron was found to be more effective than tropisetron , especially in patients heavier than 25 kg ( p = 0.02 ) .",interventions,0,2,1
11554235,The adverse reactions were few and mild .,outcomes,0,0,2
11554235,There were no differences in the tolerability of the two antiemetic therapy modalities .,outcomes,0,0,1
11554235,"In conclusion , granisetron was found to be more effective than tropisetron in controlling nausea and vomiting in children receiving highly emetogenic chemotherapy .",participants,4,1,2
11554235,This increased antiemetic efficacy of ganisetron might have been related to maximal dose differences according to body weight .,outcomes,0,1,4
11554438,Dose dependent pharmacokinetics of theophylline : Michaelis-Menten parameters for its major metabolic pathways .,interventions,0,1,0
11554438,"Dose Dependency for pharmacokinetics of theophylline and the formation of its major metabolites , 3-methylxanthine ( 3-MX ) ; 1-methyluric acid ( 1-MU ) ; 1,3-dimethyluric acid ( DMU ) , were examined by administering three single oral doses ( 250 , 375 , 500 mg ) of theophylline to six healthy adult volunteers .",participants,2,1,0
11554438,The serum and urine concentrations of theophylline and the metabolites in serum and urine were determined by high-performance liquid chromatography .,interventions,0,1,0
11554438,Total clearance of theophylline decreased and its half life increased over the range of doses administered ( p < 0.01 ) .,outcomes,0,1,2
11554438,There was a significant dose related decrease in the fractional recovery of 3-MX and 1-MU ( p < 0.001 ) and a dose related increase in fractional excretion of DMU and unchanged theophylline ( p < 0.01 and p < 0.001 respectively ) .,outcomes,0,0,4
11554438,"No significant dose related changes were observed in the renal clearance of 3-MX , 1-MU and DMU , indicating linear urinary excretion kinetics of the metabolites .",outcomes,0,0,6
11554438,Theophylline metabolic clearance to 3-MX as well as to 1-MU decreased with increasing dose but clearance to DMU remained unnaffected by the size of dose .,outcomes,0,1,5
11554438,The individual Michaelis-Menten parameters Km and Vmax were estimated for six subjects receiving three different single doses .,outcomes,0,0,5
11554438,"The Km values for theophylline metabolism to 3-MX , 1-MU and DMU were 2.4+/-0.6 , 5.1+/-1.8+/- and 112.3+/-36.8 mg/L respectively and the Vmax values were 3.5+/-0.7 , 7.5+/-2.6 and 112.3+/-36.8 mg/hr respectively .",outcomes,0,1,11
11554438,The Km values for the N-demethylation pathways ( 3MX and 1-MU ) were lower corresponding to therapeutic serum concentrations of drug .,outcomes,0,0,11
11554438,These results suggest that the elimination kinetics of theophylline is nonlinear in the human in the therapeutic range of serum concenntrations and can be explained by saturable formation kinetics of 3-MX and 1-MU .,outcomes,0,1,2
11554438,In contrast to previous studies we did n't find obvious indication for nonlinear formation of DMU at therapeutic concentration range .,none,0,0,0
11561265,Epidural analgesia compared with intravenous morphine patient-controlled analgesia : postoperative outcome measures after mastectomy with immediate TRAM flap breast reconstruction .,participants,7,4,0
11561265,BACKGROUND AND OBJECTIVES Epidural analgesia has been shown to provide superior pain control compared with intravenous ( IV ) opioids after major surgical procedures .,none,0,0,0
11561265,"In this study , we compared the effect of epidural analgesia and IV morphine patient-controlled analgesia ( PCA ) on pain relief , duration of hospitalization , oral nutrition , ambulation , and side effects in patients undergoing a major surgical procedure ( i.e. , unilateral mastectomy with immediate transverse rectus abdominis musculocutaneous flap reconstruction ) .",participants,17,5,0
11561265,METHODS Eighteen patients were prospectively randomized to receive either epidural analgesia or PCA during the postoperative period .,interventions,1,4,0
11561265,The intensity of pain was assessed daily by a 100-mm visual analog scale .,outcomes,0,0,3
11561265,"The total length of hospital stay , time to ambulation , and time to oral nutrition were recorded .",outcomes,0,0,12
11561265,RESULTS The epidural group had significantly lower pain scores at 3 evaluation times through postoperative day number 4 ( P < .05 ) .,outcomes,0,0,2
11561265,"The total length of hospitalization for the epidural group ( median , 101 hours ) was significantly less than the PCA group ( median , 126 hours ; P = .0498 ) .",outcomes,0,0,4
11561265,"The time to first ambulation , time to first bowel sounds , time to tolerating oral nutrition , incidence of nausea/vomiting or pruritus , and time to first flatus were not statistically different between the groups .",outcomes,0,0,23
11561265,CONCLUSIONS These results show that epidural analgesia compared with PCA offered improved pain control after breast reconstruction with immediate transverse rectus abdominis musculocutaneous flap reconstruction .,none,0,0,0
11561265,It also resulted in a 25-hour reduction in time of hospitalization .,none,0,0,0
11570022,A randomized intervention to improve ongoing participation in mammography .,outcomes,0,0,4
11570022,"OBJECTIVE To test the effectiveness of interventions intended to increase rates of regular breast cancer screening , according to recommended guidelines .",outcomes,0,2,6
11570022,STUDY DESIGN A randomized controlled trial of 2 outreach interventions ( a mail reminder and a telephone reminder plus appointment scheduling ) compared with a routine publicity campaign to encourage continued participation in mammography screening .,interventions,0,18,5
11570022,PARTICIPANTS AND METHODS Participants were 1908 women aged 50 to 75 years continuously enrolled in a large group-model HMO during the study who underwent a bilateral mammogram during the first quarter of 1994 and no subsequent mammogram during the next 18 to 21 months .,none,0,0,0
11570022,Data were obtained from health plan administrative data files supplemented by medical chart review .,none,0,0,0
11570022,"Women were randomly assigned to receive ( 1 ) a mail reminder , ( 2 ) a telephone reminder , or ( 3 ) routine publicity on mammography for all women .",interventions,0,23,0
11570022,The outcome measure was a mammogram received after the intervention period and within 2 years of the initial mammogram date .,outcomes,0,0,15
11570022,RESULTS Bivariate and multivariate statistical analyses showed that participation was significantly higher for women contacted by telephone than through routine publicity .,none,0,0,0
11570022,Mail reminders were no more effective than a routine publicity campaign .,interventions,0,4,0
11570022,Primary care physician and gynecologist visits increased the likelihood of a subsequent mammogram for women in all intervention groups .,outcomes,0,0,2
11570022,CONCLUSIONS Telephone contact by regular health plan staff was more successful than publicity in encouraging continued participation in mammography screening in women enrolled in a group-model managed health care plan .,interventions,0,2,2
11570022,"Because mailings did not influence participation in mammography screening , health plans should be cautious about investing in member mailings without first evaluating their effectiveness in the context of existing outreach efforts .",outcomes,0,0,2
11570966,Benefit of FSH priming of women with PCOS to the in vitro maturation procedure and the outcome : a randomized prospective study .,participants,2,2,0
11570966,"The aim of this study was to determine whether the rates of in vitro oocyte maturation , fertilization and cleavage , as well as implantation rate and pregnancy rate , could be improved by low-dose priming with FSH in vivo before retrieval of immature oocytes in patients with polycystic ovary syndrome ( PCOS ) .",outcomes,7,1,12
11570966,"From March 1998 to June 2000 , a total of 28 women underwent 36 completed treatment cycles , randomized sequentially in one of two groups .",participants,2,0,0
11570966,"Women in group 1 ( n = 12 cycles ) received no stimulation and women in group 2 ( n = 24 cycles ) received 150 iu recombinant FSH day ( -1 ) for 3 days , initiated on day 3 after menstruation .",interventions,0,4,0
11570966,Aspiration was performed transvaginally between day 9 and day 17 in the unstimulated group and on day 8 or day 9 in the FSH-primed group after FSH deprivation for 2 or 3 days .,none,0,0,0
11570966,All cumulus-enclosed oocytes of healthy appearance were matured in culture medium ( TCM-199 ) in vitro for 28-36 h before intracytoplasmic sperm injection ( ICSI ) .,none,0,0,0
11570966,After oocyte retrieval the women were given oestradiol ( 6 mg day ( -1 ) ) and progesterone administration ( 300 mg day ( -1 ) ) was initiated 2 days later .,none,0,0,0
11570966,Suitable embryos ( maximum two embryos ) were transferred on day 3 after ICSI .,none,0,0,0
11570966,"The percentage of oocytes reaching metaphase II was significantly higher ( P < 0.05 ) in the FSH-primed group ( 59 % , 92/156 ) compared with the non-primed group ( 44 % , 36/81 ) .",outcomes,0,0,6
11570966,There were no significant differences in the rates of oocyte fertilization and cleavage between these groups .,outcomes,0,0,6
11570966,"No pregnancies were obtained in group 1 ( 0 % , 0/12 ) , whereas seven clinical pregnancies were obtained in group 2 ( 29 % , 7/24 ) ( P < 0.05 ) .",outcomes,0,0,3
11570966,"In group 2 , 37 embryo transfers resulted in eight implantations ( 21.6 % ) .",outcomes,0,0,1
11570966,Three healthy singleton children have been born at term ; the remaining pregnancies ended with spontaneous abortions in the first trimester .,outcomes,0,0,6
11570966,These results indicate that priming with recombinant FSH before harvesting of immature oocytes from patients with PCOS may improve the maturational potential of the oocytes and the implantation rate of the cleaved embryos .,outcomes,1,0,13
11579299,Induction versus noninduction in renal transplant recipients with tacrolimus-based immunosuppression .,participants,6,1,0
11579299,BACKGROUND The aim of this study was to compare the efficacy and safety of induction treatment with antithymocyte globulins ( ATG ) followed by tacrolimus therapy with immediate tacrolimus therapy in renal transplant recipients .,interventions,3,6,3
11579299,"METHODS This 12-month , open , prospective study was conducted in 15 centers in France and 1 center in Belgium ; 309 patients were randomized to receive either induction therapy with ATG ( n=151 ) followed by initiation of tacrolimus on day 9 or immediate tacrolimus-based triple therapy ( n=158 ) .",interventions,2,8,0
11579299,"In both study arms , the initial daily tacrolimus dose was 0.2 mg/kg .",interventions,0,1,0
11579299,Steroid boluses were given in the first 2 days and tapered thereafter from 20 mg/day to 5 mg/day .,interventions,0,2,0
11579299,Azathioprine was administered at 1-2 mg/kg per day .,interventions,0,1,0
11579299,"RESULTS At month 12 , biopsy-confirmed acute rejections were reported for 15.2 % ( induction ) and 30.4 % ( noninduction ) of patients ( P=0.001 ) .",outcomes,0,0,3
11579299,The incidence of steroid-sensitive acute rejections was 7.9 % ( induction ) and 22.2 % ( noninduction ) ( P=0.001 ) .,outcomes,0,0,5
11579299,Steroid-resistant acute rejections were reported for 8.6 % ( induction ) and 8.9 % ( noninduction ) of patients .,outcomes,0,0,3
11579299,A total of nine patients died .,outcomes,0,0,2
11579299,"Patient survival and graft survival at month 12 was similar in both treatment groups ( 97.4 % vs. 96.8 % and 92.1 % vs. 91.1 % , respectively ) .",outcomes,0,0,5
11579299,"Statistically significant differences in the incidence of adverse events were found for cytomegalovirus ( CMV ) infection ( induction , 32.5 % vs. noninduction , 19.0 % , P=0.009 ) , leukopenia ( 37.3 % vs. 9.5 % , P < 0.001 ) , fever ( 25.2 % vs. 10.1 % , P=0.001 ) , herpes simplex ( 17.9 % vs. 5.7 % , P=0.001 ) , and thrombocytopenia ( 11.3 % vs. 3.2 % , P=0.007 ) .",outcomes,0,0,14
11579299,"In the induction group , serum sickness was observed in 10.6 % of patients .",outcomes,0,0,2
11579299,The incidence of new onset diabetes mellitus was 3.4 % ( induction ) and 4.5 % ( noninduction ) .,outcomes,0,0,4
11579299,CONCLUSION Low incidences of acute rejection were found in both treatment arms .,none,0,0,0
11579299,"Induction treatment with ATG has the advantage of a lower incidence of acute rejection , but it significantly increases adverse events , particularly CMV infection .",outcomes,0,1,2
11595000,"Safety and efficacy of PNU-142633 , a selective 5-HT1D agonist , in patients with acute migraine .",interventions,2,6,0
11595000,"In this randomized , double-blind , placebo-controlled , parallel-group study , patients received a single 50-mg oral dose of a 5-HT ( 1D ) agonist , PNU-142633 ( n = 34 ) , or matching placebo ( n = 35 ) during an acute migraine attack .",participants,2,2,0
11595000,"No statistically significant treatment effects were observed at 1 and 2 h after dosing , even after stratifying by baseline headache intensity .",none,0,0,0
11595000,"At 1 and 2 h post-dose , 8.8 % and 29.4 % of the PNU-142633 group , respectively , and 8.6 % and 40.0 % of the placebo group , respectively , experienced headache relief ; 2.9 % and 8.8 % of the PNU-142633 group and 0 % and 5.7 % of the placebo group were free of headache pain .",outcomes,0,1,7
11595000,Adverse events associated with PNU-142633 treatment included chest pain ( two patients ) and QTc prolongation ( three patients ) .,outcomes,0,0,6
11595000,"Results from this study suggest that anti-migraine efficacy is not mediated solely through the 5-HT ( 1D ) receptor subtype , although this receptor may contribute , at least in part , to the adverse cardiovascular effects observed with 5-HT agonist medications .",interventions,0,2,0
11683484,Caffeine eliminates psychomotor vigilance deficits from sleep inertia .,outcomes,0,1,3
11683484,"STUDY OBJECTIVES This study sought to establish the effects of caffeine on sleep inertia , which is the ubiquitous phenomenon of cognitive performance impairment , grogginess and tendency to return to sleep immediately after awakening .",participants,2,1,2
11683484,DESIGN 28 normal adult volunteers were administered sustained low-dose caffeine or placebo ( randomized double-blind ) during the last 66 hours of an 88-hour period of extended wakefulness that included seven 2-hour naps during which polysomnographical recordings were made .,interventions,0,3,0
11683484,"Every 2 hours of wakefulness , and immediately after abrupt awakening from the naps , psychomotor vigilance performance was tested .",outcomes,0,0,3
11683484,"MEASUREMENTS AND RESULTS In the placebo condition , sleep inertia was manifested as significantly impaired psychomotor vigilance upon awakening from the naps .",outcomes,0,1,4
11683484,This impairment was absent in the caffeine condition .,none,0,0,0
11683484,Caffeine had only modest effects on nap sleep .,outcomes,0,0,2
11683484,CONCLUSIONS Caffeine was efficacious in overcoming sleep inertia .,outcomes,0,1,2
11683484,This suggests a reason for the popularity of caffeine-containing beverages after awakening .,none,0,0,0
11683484,Caffeine 's main mechanism of action on the central nervous system is antagonism of adenosine receptors .,none,0,0,0
11683484,"Thus , increased adenosine in the brain upon awakening may be the cause of sleep inertia .",outcomes,0,0,2
11683967,Equivalent efficacy of mitomycin C plus doxorubicin instillation to bacillus Calmette-Guerin therapy for carcinoma in situ of the bladder .,interventions,0,4,1
11683967,"BACKGROUND To elucidate the most efficient topical therapy for carcinoma in situ of the bladder , the efficacy of intravesical mitomycin C plus doxorubicin therapy was compared with bacillus Calmette-Guerin ( BCG ) therapy .",none,0,0,0
11683967,The clinical behavior of the tumor was analysed according to the histological grade .,none,0,0,0
11683967,METHODS Forty-two patients with carcinoma in situ of the bladder were randomized to intravesical BCG ( 21 patients ) or mitomycin C plus doxorubicin sequential therapy ( 21 patients ) as first line treatment .,interventions,1,8,0
11683967,The non-responders underwent the subsequent instillation of the other intravesical therapy alternately .,none,0,0,0
11683967,"Of the patients , 27 had grade 2 and 15 had grade 3 cancer .",none,0,0,0
11683967,"RESULTS Both topical therapies were equally effective with initial response rates of 86 % ( 18/21 ) for BCG and 81 % ( 17/21 ) for mitomycin C plus doxorubicin , irrespective of the tumor grade .",outcomes,0,0,2
11683967,"Of seven initial non-responders , five patients achieved a complete response by subsequent instillation , resulting in a total response rate of 95 % .",outcomes,0,0,3
11683967,"After a mean follow-up of 47 months , five patients ( 12 % ) developed disease progression .",outcomes,0,0,2
11683967,"The progression rates were not different between the topical therapies , but were significantly higher in grade 3 than in grade 2 cases .",outcomes,0,0,2
11683967,CONCLUSION It appears likely that mitomycin C plus doxorubicin instillation has an equivalent efficacy to BCG as the initial therapy of carcinoma in situ and the combination of them would be the most efficient treatment for the disease .,outcomes,0,0,3
11683967,"Moreover , histological grading would be clinically useful in defining the tumor characteristics and behavior of carcinoma in situ of the bladder .",none,0,0,0
11691528,Carotid sinus syndrome : a modifiable risk factor for nonaccidental falls in older adults ( SAFE PACE ) .,outcomes,0,0,2
11691528,OBJECTIVES The aim of the study was to determine whether cardiac pacing reduces falls in older adults with cardioinhibitory carotid sinus hypersensitivity ( CSH ) .,interventions,0,2,1
11691528,"BACKGROUND Cardioinhibitory carotid sinus syndrome causes syncope , and symptoms respond to cardiac pacing .",interventions,0,3,0
11691528,There is circumstantial evidence for an association between falls and the syndrome .,outcomes,0,0,1
11691528,METHODS A randomized controlled trial was done of consecutive older patients ( > 50 years ) attending an accident and emergency facility because of a non-accidental fall .,outcomes,0,0,2
11691528,Patients were randomized to dual-chamber pacemaker implant ( paced patients ) or standard treatment ( controls ) .,interventions,0,12,0
11691528,The primary outcome was the number of falls during one year of follow-up .,outcomes,0,0,8
11691528,RESULTS One hundred seventy-five eligible patients ( mean age 73 +/- 10 years ; 60 % women ) were randomized to the trial : pacemaker 87 ; controls 88 .,interventions,0,2,0
11691528,"Falls ( without loss of consciousness ) were reduced by two-thirds : controls reported 669 falls ( mean 9.3 ; range 0 to 89 ) , and paced patients 216 falls ( mean 4.1 ; range 0 to 29 ) .",outcomes,0,0,7
11691528,"Thus , paced patients were significantly less likely to fall ( odds ratio 0.42 ; 95 % confidence interval : 0.23 , 0.75 ) than were controls .",outcomes,0,0,1
11691528,"Syncopal events were also reduced during the follow-up period , but there were much fewer syncopal events than falls-28 episodes in paced patients and 47 in controls .",outcomes,0,0,5
11691528,Injurious events were reduced by 70 % ( 202 in controls compared to 61 in paced patients ) .,outcomes,0,0,2
11691528,CONCLUSIONS There is a strong association between non-accidental falls and cardioinhibitory CSH .,outcomes,0,0,1
11691528,These patients would not usually be referred for cardiovascular assessment .,none,0,0,0
11691528,Carotid sinus hypersensitivity should be considered in all older adults who have non-accidental falls .,none,0,0,0
11699803,"Multisite , double-blind , placebo-controlled trial of porcine secretin in autism .",interventions,1,3,0
11699803,OBJECTIVE To examine the efficacy of intravenous porcine secretin for the treatment of autistic disorder .,outcomes,3,2,4
11699803,"METHOD Randomized , double-blind , placebo-controlled , crossover design .",interventions,0,1,0
11699803,Fifty-six subjects with autistic disorder received either a secretin or placebo infusion at baseline and the other substance at week 4 .,participants,3,3,0
11699803,Subjects were given the Autism Diagnostic Observation Schedule ( ADOS ) and other pertinent developmental measures at baseline and at weeks 4 and 8 to assess drug effects .,outcomes,0,0,10
11699803,"RESULTS For the primary efficacy analysis , change of ADOS social-communication total score from week 0 to week 4 , no statistically significant difference was obtained between placebo ( -0.8 +/- 2.9 ) and secretin groups ( -0.6 +/- 1.4 ; t54 = 0.346 , p < .73 ) .",outcomes,0,2,4
11699803,The other measures showed no treatment effect for secretin compared with placebo .,interventions,0,2,2
11699803,"CONCLUSION There was no evidence for efficacy of secretin in this randomized , placebo-controlled , double-blind trial .",outcomes,0,0,1
11700823,"Effect of a specific preparation of Chinese herbs ( "" clear the way "" ) on duration and severity of the common cold .",outcomes,2,2,8
11701101,The role of radiography in primary care patients with low back pain of at least 6 weeks duration : a randomised ( unblinded ) controlled trial .,participants,13,1,0
11701101,"OBJECTIVES To test the hypotheses that : ( 1 ) Lumbar spine radiography in primary care patients with low back pain is not associated with improved patient outcomes , including pain , disability , health status , sickness absence , reassurance , and patient satisfaction or belief in the value of radiography .",outcomes,0,0,12
11701101,"( 2 ) Lumbar spine radiography in primary care patients with low back pain is not associated with changes in patient management , including medication use , and the use of primary and secondary care services , physical therapies and complementary therapies .",interventions,0,3,0
11701101,( 3 ) Participants choosing their treatment group ( i.e .,none,0,0,0
11701101,radiography or no radiography ) do not have better outcomes than those randomised to a treatment group .,interventions,0,4,0
11701101,( 4 ) Lumbar spine radiography is not cost-effective compared with usual care without lumbar spine radiography .,none,0,0,0
11701101,DESIGN A randomised unblinded controlled trial .,none,0,0,0
11701101,"SETTING Seventy-three general practices in Nottingham , North Nottinghamshire , Southern Derbyshire , North Lincolnshire and North Leicestershire .",participants,1,0,0
11701101,Fifty-two practices recruited participants to the trial .,participants,1,0,0
11701101,"SUBJECTS Randomised arm : 421 participants with low back pain , with median duration of 10 weeks .",participants,11,0,0
11701101,"Patient preference arm : 55 participants with low back pain , with median duration of 11 weeks .",participants,1,0,0
11701101,INTERVENTION Lumbar spine radiography and usual care versus usual care without radiography .,interventions,0,11,0
11701101,"MAIN OUTCOME MEASURES Roland adaptation of the Sickness Impact Profile , visual analogue pain scale , health status scale , EuroQol , use of primary and secondary care services , and physical and complementary therapies , sickness absence , medication use , patient satisfaction , reassurance and belief in value of radiography at 3 and 9 months post-randomisation .",outcomes,0,0,40
11701101,"RESULTS Participants randomised to receive an X-ray were more likely to report low back pain at 3 months ( odds ratio ( OR ) = 1.56 ; 95 % confidence interval ( CI ) , 1.02 to 2.40 ) and had a lower overall health status score ( p = 0.02 ) .",outcomes,0,0,5
11701101,There were no differences in health or functional status at 9 months .,outcomes,0,0,3
11701101,"A higher proportion of participants consulted the general practitioner ( GP ) in the 3 months following an X-ray ( OR = 2.72 ; 95 % CI , 1.80 to 4.10 ) .",outcomes,0,0,7
11701101,"There were no differences in use of any other services , medication use or sickness absence at 3 or 9 months .",outcomes,0,0,8
11701101,No serious spinal pathology was identified in either group .,outcomes,0,0,3
11701101,The commonest X-ray reports were of discovertebral degeneration and normal findings .,outcomes,0,0,4
11701101,Many patients did not perceive their information needs were met within the consultation .,none,0,0,0
11701101,Satisfaction with care was greater in the group receiving radiography at 9 months .,outcomes,0,0,1
11701101,"Participants randomised to receive an X-ray were not less worried , or more reassured about serious disease causing their low back pain .",outcomes,0,1,2
11701101,"Satisfaction was associated with meeting participants ' information needs and reduced belief in the necessity for investigations for low back pain , including X-rays and blood tests .",none,0,0,0
11701101,"In both groups , at 3 and 9 months 80 % of participants would choose to have an X-ray if the choice was available .",none,0,0,0
11701101,"Participants in the patient preference group achieved marginally better outcomes than those randomised to a treatment group , but the clinical significance of these differences is unclear .",outcomes,0,0,1
11701101,Lumbar spine radiography was associated with a net economic loss at 3 and 9 months .,outcomes,0,0,2
11701101,"CONCLUSIONS Lumbar spine radiography in primary care patients with low back pain of at least 6 weeks duration is not associated with improved functioning , severity of pain or overall health status , and is associated with an increase in GP workload .",outcomes,0,0,9
11701101,"Participants receiving X-rays are more satisfied with their care , but are not less worried or more reassured about serious disease causing their low back pain .",none,0,0,0
11701101,"CONCLUSIONS - RECOMMENDATIONS FOR FURTHER RESEARCH : Further work is required to develop and test an educational package that educates patients and GPs about the utility of radiography and provides strategies for identifying and meeting the information needs of patients , and the needs of patients and GPs to be reassured about missing serious disease .",none,0,0,0
11701101,"Guidelines on the management of low back pain in primary care should be consistent about not recommending lumbar spine radiography in patients with low back pain in the absence of red flags for serious spinal pathology , even if the pain has persisted for at least 6 weeks .",interventions,0,3,0
11701433,Oral estrogen antagonizes the metabolic actions of growth hormone in growth hormone-deficient women .,interventions,0,2,0
11701433,We have determined whether oral estrogen reduces the biological effects of growth hormone ( GH ) in GH-deficient ( GHD ) women compared with transdermal estrogen treatment .,interventions,0,4,0
11701433,"In two separate studies , eight GHD women randomly received either oral or transdermal estrogen for 8 wk before crossing over to the alternate route of administration .",interventions,0,4,0
11701433,"The first study assessed the effects of incremental doses of GH ( 0.5 , 1.0 , 2.0 IU/day for 1 wk each ) on insulin-like growth factor I ( IGF-I ) levels during each estrogen treatment phase .",interventions,0,1,0
11701433,The second study assessed the effects of GH ( 2 IU/day ) on lipid oxidation and on protein metabolism using the whole body leucine turnover technique .,none,0,0,0
11701433,Mean IGF-I level was significantly lower during oral estrogen treatment ( P < 0.05 ) and rose dose dependently during GH administration by a lesser magnitude ( P < 0.05 ) compared with transdermal treatment .,interventions,0,4,3
11701433,"Postprandial lipid oxidation was significantly lower with oral estrogen treatment , both before ( P < 0.05 ) and during ( P < 0.05 ) GH administration , compared with transdermal treatment .",outcomes,0,2,3
11701433,Protein synthesis was lower during oral estrogen both before and during GH administration ( P < 0.05 ) .,interventions,0,2,2
11701433,Oral estrogen antagonizes several of the metabolic actions of GH .,outcomes,0,2,8
11701433,It may aggravate body composition abnormalities already present in GHD women and attenuate the beneficial effects of GH therapy .,interventions,0,2,0
11701433,Estrogen replacement in GHD women should be administered by a nonoral route .,interventions,0,2,0
11701672,Acute effect of pegvisomant on cardiovascular risk markers in healthy men : implications for the pathogenesis of atherosclerosis in GH deficiency .,interventions,0,1,0
11701672,Cardiovascular risk is increased in GH deficiency ( GHD ) .,none,0,0,0
11701672,GHD adults are frequently abdominally obese and display features of the metabolic syndrome .,participants,2,0,0
11701672,Otherwise healthy abdominally obese subjects have low GH levels and show features of the metabolic syndrome as well .,none,0,0,0
11701672,We investigated in healthy nonobese males the effect of the GH receptor antagonist pegvisomant in different metabolic conditions .,participants,3,1,0
11701672,This is a model for acute GHD without the alterations in body composition associated with GHD .,none,0,0,0
11701672,We compared the effect of pegvisomant with that of placebo before and after 3 d of fasting .,interventions,0,2,0
11701672,"In addition , we investigated the effect of pegvisomant under normal , i.e .",interventions,0,1,0
11701672,"fed , conditions .",none,0,0,0
11701672,"Three days of fasting as well as pegvisomant alone decreased serum free IGF-I levels ( 1.0 +/- 0.15 vs. 0.31 +/- 0.05 ng/ml and 0.86 +/- 0.23 vs. 0.46 +/- 0.23 ng/ml , respectively ) .",outcomes,0,0,4
11701672,Fasting in combination with pegvisomant also decreased serum free IGF-I levels ( 1.0 +/- 0.15 vs. 0.31 +/- 0.07 ng/ml ) .,outcomes,0,0,4
11701672,Treatment with pegvisomant had no additional influence on the decline of free IGF-I induced by fasting .,outcomes,0,1,2
11701672,Pegvisomant alone had no influence on insulin sensitivity .,outcomes,0,0,3
11701672,The increase in insulin sensitivity induced by fasting was comparable to the increase in insulin sensitivity induced by fasting combined with pegvisomant .,outcomes,0,0,4
11701672,"Among serum lipid concentrations , only serum triglycerides increased significantly as a result of pegvisomant alone ( 1.0 +/- 0.2 vs. 1.6 +/- 0.4 mmol/liter ) .",outcomes,0,0,5
11701672,The changes in lipid concentrations induced by fasting alone or pegvisomant were not different from those induced by pegvisomant alone .,outcomes,0,0,4
11701672,von Willebrand factor antigen levels declined significantly under the influence of pegvisomant alone ( 1.1 +/- 0.07 vs. 0.8 +/- 0.06 U/ml ) .,outcomes,0,0,5
11701672,"In conclusion , in different metabolic conditions the GH receptor antagonist pegvisomant induces no significant acute changes in the major risk markers for cardiovascular disease .",outcomes,0,0,6
11701672,"These data suggest that the secondary metabolic changes , e.g .",none,0,0,0
11701672,"abdominal obesity or inflammatory factors , that develop as a result of long-standing GHD are of primary importance in the pathogenesis of atherosclerosis in patients with GHD .",outcomes,0,0,5
11705818,"Acute hemodynamic effects of conivaptan , a dual V ( 1A ) and V ( 2 ) vasopressin receptor antagonist , in patients with advanced heart failure .",participants,3,1,3
11705818,BACKGROUND Arginine vasopressin may contribute to abnormalities in hemodynamics and fluid balance in heart failure through its actions on V ( 1A ) ( vascular and myocardial effects ) and V ( 2 ) receptors ( renal effects ) .,outcomes,0,0,27
11705818,Inhibiting the action of vasopressin may be beneficial in patients with heart failure .,participants,3,0,0
11705818,"METHODS AND RESULTS A total of 142 patients with symptomatic heart failure ( New York Heart Association class III and IV ) were randomized to double-blind , short-term treatment with conivaptan , a dual V ( 1a ) /V ( 2 ) vasopressin receptor antagonist , at a single intravenous dose ( 10 , 20 , or 40 mg ) or placebo .",participants,5,3,0
11705818,"Compared with placebo , conivaptan at 20 and 40 mg significantly reduced pulmonary capillary wedge pressure ( -2.6+/-0.7 , -5.4+/-0.7 , and -4.6+/-0.7 mm Hg for placebo and 20 and 40 mg groups , respectively ; P < 0.05 ) and right atrial pressure ( -2.0+/-0.4 , -3.7+/-0.4 , and -3.5+/-0.4 mm Hg for placebo and 20 and 40 mg groups , respectively ; P < 0.05 ) during the 3- to 6-hour interval after intravenous administration .",outcomes,0,0,7
11705818,"Conivaptan significantly increased urine output in a dose-dependent manner ( -11+/-17 , 68+/-17 , 152+/-19 , and 176+/-18 mL/hour for placebo and 10 , 20 , and 40 mg groups , respectively ; P < 0.001 ) during the first 4 hours after the dose .",outcomes,0,1,2
11705818,"Changes in cardiac index , systemic and pulmonary vascular resistance , blood pressure , and heart rate did not significantly differ from placebo .",outcomes,0,0,15
11705818,"CONCLUSIONS In patients with advanced heart failure , vasopressin receptor antagonism with conivaptan resulted in favorable changes in hemodynamics and urine output without affecting blood pressure or heart rate .",outcomes,3,1,10
11705818,These data suggest that vasopressin is functionally significant in advanced heart failure and that further investigations are warranted to examine the effects of conivaptan on symptom relief and natural history in such patients .,none,0,0,0
11706697,Does temporary clamping of drains following knee arthroplasty reduce blood loss ?,interventions,0,4,0
11706697,A randomised controlled trial .,none,0,0,0
11706697,"In a randomised , blinded study 76 patients undergoing primary total knee arthroplasty were assigned to either immediate drain opening ( n = 45 ) or drains opened at 2 h ( n = 31 ) .",interventions,5,13,0
11706697,"No significant differences were found between the groups for the volume of drained blood , transfusion requirements , knee motion or wound status .",outcomes,0,0,10
11706697,The authors conclude that the practice of clamping drains has no benefit in routine knee arthroplasty .,interventions,0,2,0
11706697,"However , when faced with immediate brisk blood loss , the results suggest that drains can be clamped without any excess morbidity .",outcomes,0,1,3
11708589,Evaluation of a new computer intervention to teach people with autism or Asperger syndrome to recognize and predict emotions in others .,participants,4,3,0
11708589,This randomized controlled trial looked at the effect of a new computer program designed to teach people with autistic spectrum disorders to better recognize and predict emotional responses in others .,participants,3,3,0
11708589,Two groups of 11 children ( age 12-18 ) with autism or Asperger syndrome at two special schools participated : one group used the computer program for 10 half-hour sessions over 2 weeks .,interventions,7,13,0
11708589,Within-program data showed a significant reduction in errors made from first to last use .,none,0,0,0
11708589,"Students were assessed pre- and post-intervention using facial expression photographs , cartoons depicting emotion-laden situations , and non-literal stories .",outcomes,0,0,12
11708589,Scores were not related to age or verbal ability .,none,0,0,0
11708589,The experimental group made gains relative to the control group on all three measures .,none,0,0,0
11708589,Gains correlated significantly with the number of times the computer program was used and results suggest positive effects .,interventions,0,2,0
11708589,Further research could assess whether these gains generalized into real life or improved performance on theory of mind measures .,none,0,0,0
11709366,Pharmacokinetic study of human immunodeficiency virus protease inhibitors used in combination with amprenavir .,participants,3,0,0
11709366,"In an open-label , randomized , multicenter , multiple-dose pharmacokinetic study , we determined the steady-state pharmacokinetics of amprenavir with and without coadministration of indinavir , nelfinavir , or saquinavir soft gel formulation in 31 human immunodeficiency virus type 1-infected subjects .",outcomes,0,0,2
11709366,"The results indicated that amprenavir plasma concentrations were decreased by saquinavir soft gel capsule ( by 32 % for area under the concentration-time curve at steady state [ AUC ( ss ) ] and 37 % for peak plasma concentration at steady state [ C ( max , ss ) ] ) and increased by indinavir ( 33 % for AUC ( ss ) ) .",outcomes,0,0,14
11709366,"Nelfinavir significantly increased amprenavir minimum drug concentration at steady state ( by 189 % ) but did not affect amprenavir AUC ( ss ) or C ( max , ss ) .",outcomes,0,0,14
11709366,Nelfinavir and saquinavir steady-state pharmacokinetics were unchanged by coadministration with amprenavir compared with the historical monotherapy data .,outcomes,0,0,2
11709366,"Concentrations of indinavir , coadministered with amprenavir , in plasma decreased in both single-dose and steady-state evaluations .",outcomes,0,0,7
11709366,"The changes in amprenavir steady-state pharmacokinetic parameters , relative to those for amprenavir alone , were not consistent among protease inhibitors , nor were the changes consistent with potential interactions in CYP3A4 metabolism or P-glycoprotein transport .",outcomes,0,0,3
11709366,No dose adjustment of either protease inhibitor in any of the combinations studied is needed .,none,0,0,0
11710599,"Absence of cervical radiation myelitis after hyperfractionated radiation therapy with and without concurrent chemotherapy for locally advanced , unresectable , nonmetastatic squamous cell carcinoma of the head and neck .",participants,14,5,3
11710599,PURPOSE To evaluate the risk of developing radiation myelitis after a cervical spinal cord dose of 50.6 Gy given via 1.1 Gy b.i.d .,outcomes,0,1,5
11710599,"fractionation during a prospective , randomised trial of hyperfractionated radiation therapy ( HFX RT ) to a total dose of 77 Gy given in 70 fractions of 1.1 Gy b.i.d. , with and without concurrent low-dose , daily cisplatin ( CDDP ) for head and neck cancer .",interventions,4,8,0
11710599,"METHODS Of 130 patients with locally advanced , unresectable , nonmetastatic squamous cell carcinoma of the head and neck ( SCC H & N ) who entered a prospective , randomised trial , 101 patients received 50.6 Gy to a portion of their spinal cord and survived > 1 year following the beginning of therapy .",interventions,1,2,0
11710599,Forty-five patients were treated with HFX RT alone and fifty-six patients also received CDDP .,interventions,0,3,0
11710599,RESULTS None of these 101 patients developed cervical radiation myelitis .,outcomes,0,0,4
11710599,"Therefore , it was not possible to investigate the influence of potentially contributing factors on the occurrence of radiation myelitis , such as interfraction interval , cord length , and administration of concurrent CDDP .",outcomes,0,1,16
11710599,"CONCLUSIONS Given the increasing number of studies with both altered fractionated regimens and concurrent radio-chemotherapy in SCC H & N , new studies with more patients are needed to gain better insight into the risks of developing cervical radiation myelitis .",outcomes,0,1,3
11714591,Social support and abstinence from opiates and cocaine during opioid maintenance treatment .,interventions,3,6,3
11714591,Social support may play an important role in helping drug users achieve abstinence ; however these benefits may depend on the type of support experienced .,participants,2,2,2
11714591,"In this prospective observational study , we examined the extent to which general and abstinence-specific support , both structural and functional , predicted opiate and cocaine abstinence in 128 opioid maintenance patients receiving either methadone or LAAM .",interventions,4,10,0
11714591,A new multidimensional self-report instrument assessing abstinence-specific functional support was developed for the study .,interventions,0,1,0
11714591,Previously validated measures were used to assess the remaining types of support .,none,0,0,0
11714591,"With baseline abstinence and other statistically important covariates adjusted , hierarchical logistic regression analyses demonstrated that the associations between social support at study baseline and biochemically confirmed abstinence 3 months later varied by type of support and by drug .",outcomes,0,0,2
11714591,"Greater abstinence-specific structural support ( operationalized as fewer drug users in the social network ) and decreases in three types of negative abstinence-specific functional support ( Complaints about Drug Use , Drug Exposure , and Demoralization ) predicted cocaine , but not opiate abstinence .",outcomes,0,2,24
11714591,"There were no effects for general support , whether structural or functional , on abstinence from either drug .",outcomes,0,0,3
11714591,Interventions that focus on modifying patients ' abstinence-specific support may be helpful in reducing the high rates of cocaine use disorders in this population .,outcomes,0,1,5
11718681,Relationship between endogenous estrogen concentrations and serum cholesteryl ester transfer protein concentrations in Chinese women .,interventions,2,6,0
11718681,BACKGROUND CETP plays an important role in HDL metabolism and in the reverse cholesterol transport pathway .,none,0,0,0
11718681,METHODS The relationship between the changes of endogenous estrogen and the concentration of cholesteryl ester transfer protein ( CETP ) in the serum of Chinese women was investigated .,none,0,0,0
11718681,"Serum concentrations of estradiol ( E ( 2 ) ) , follicle-stimulating hormone ( FSH ) , CETP and lipid profile were determined in 196 Chinese women ( 52 premenopausal with ages ranging from 18 to 40 years , 57 perimenopausal from 41 to 60 years , and 87 postmenopausal from 61 to 81 years ) .",participants,24,23,18
11718681,"RESULTS Serum CETP concentration was significantly lower in postmenopausal women compared with those in perimenopausal and premenopausal women ( 1.39+/-1.06 , 2.36+/-1.50 and 2.31+/-1.25 mg/l , respectively , P < 0.0001 ) .",outcomes,0,0,3
11718681,"Even in the women around the menopausal , CETP concentration in postmenopause was significantly lower than that in premenopause ( 1.93+/-1.33 vs. 3.42+/-1.35 mg/l , P < 0.01 ) .",outcomes,0,0,2
11718681,"In addition , CETP concentration had a highly positive correlation with serum concentration of E ( 2 ) ( r=0.243 , P < 0.001 ) , while negative correlation of CETP concentration with serum concentration of FSH was found ( r=-0.273 , P < 0.001 ) .",outcomes,0,0,8
11718681,CONCLUSIONS Estrogen may affect the concentration of CETP .,outcomes,0,0,3
11741555,Prognostic significance of the dobutamine echocardiography test in idiopathic dilated cardiomyopathy .,outcomes,0,0,4
11741555,Dobutamine stress echo provides potentially useful information on idiopathic dilated cardiomyopathy ( IDC ) .,interventions,0,6,0
11741555,"From February 1 , 1997 , to October 1 , 1999 , 186 patients ( 131 men and 55 women , mean age 56 +/- 12 years ) with IDC , ejection fraction < 35 % , and angiographically normal coronary arteries were studied by high-dose ( up to 40 micro/kg/min ) dobutamine echo in 6 centers , all quality controlled for stress echo reading .",interventions,0,2,0
11741555,"In all patients , wall motion score index ( WMSI ) ( from 1 = normal to 4 = dyskinetic in a 16- segment model of the left ventricle ) was evaluated by echo at baseline and peak dobutamine .",none,0,0,0
11741555,One hundred eighty-four patients were followed up ( mean 15 +/- 13 months ) and only cardiac death was considered as an end point .,outcomes,0,0,2
11741555,There were 29 cardiac deaths .,none,0,0,0
11741555,"Significant parameters for survival prediction at univariate analysis are : DeltaWMSI ( chi-square 20.1 ; p < 0.0000 ) , New York Heart Association ( NYHA ) class ( chi-square 17.57 ; p < 0.0000 ) , rest ejection fraction ( chi-square 10.41 ; p = 0.0013 ) , angiotensin-converting enzyme inhibitors ( chi-square 8.23 ; p = 0.0041 ) , and hypertension ( chi-square 8.08 , p = 0.0045 ) .",none,0,0,0
11741555,"In the multivariate stepwise analysis only DeltaWMSI and NYHA were independent predictors of outcome ( DeltaWMSI = hazard ratio 0.02 , p < 0.0000 ; NYHA class = hazard ratio 3.83 , p < 0.0000 ) .",none,0,0,0
11741555,"Kaplan-Meier survival estimates showed a better outcome for patients with a large inotropic response ( DeltaWMSI > or =0.44 , a cutoff identified by receiver-operating characteristic curves analysis ) than for those with a small or no myocardial inotropic response to dobutamine ( 93.6 % vs 69.4 % , p = 0.00033 ) .",outcomes,0,0,5
11741555,"Thus , in patients with IDC , an extensive contractile reserve identified by high-dose dobutamine stress echocardiography is associated with a better survival .",outcomes,0,0,3
11743411,Capsular contracture around saline-filled fine textured and smooth mammary implants : a prospective 7.5-year follow-up .,none,0,0,0
11743411,"In a previous prospective randomized clinical study comparing in the same patient textured and smooth saline-filled mammary implants ( Biocell ) with large pore size ( 300 to 600 microm ) , we saw no difference in capsular contracture .",none,0,0,0
11743411,This study was undertaken in a similar way to compare capsular contracture around smooth and textured saline-filled prostheses with pores of small size .,interventions,0,2,0
11743411,"During a period of 7.5 years , the breast hardness was followed up , and at the end of the study patient satisfaction was evaluated .",none,0,0,0
11743411,Twenty healthy women with a mean age of 30 years were operated on for breast augmentation .,participants,10,0,0
11743411,Two surgeons performed all operations in a standardized way .,none,0,0,0
11743411,"Each patient received subglandularly a Siltex textured saline-filled prosthesis with a pore size of 30 to 70 microm in one breast , and a smooth saline-filled prosthesis in the other .",interventions,0,12,0
11743411,"The hardness of the breasts was evaluated after 0.5 , 1 , and 7.5 years using Baker grading and applanation tonometry .",outcomes,0,0,10
11743411,Eighteen patients completed 1-year and 7.5-year follow-up .,participants,2,0,0
11743411,Two breasts with smooth prostheses were contracted after 6 months ( Baker III or IV ) .,none,0,0,0
11743411,"After 1 year , four patients with smooth prostheses and one with a textured prosthesis had capsular contracture ( p = 0.34 ) .",outcomes,0,0,2
11743411,"Seven and one-half years after surgery , six patents with smooth and four with textured implants had contracture ( p = 0.66 ) .",interventions,0,1,1
11743411,"On two patients with smooth prostheses and one patient with a textured prosthesis , the capsule around the implant hardened between 6 and 12 months .",outcomes,0,0,5
11743411,"Between 1 year and 7.5 years , three breasts with smooth and textured implants contracted and one with a textured implant softened.The patients reported on a Visual Analogue Scale ( 1 to 10 ) the impact of the augmentation on their quality of life to be 9 +/- 1 .",outcomes,0,0,14
11743411,"Four patients preferred the breast with the smooth prosthesis , three preferred the breast with the textured prosthesis , and the others found both breasts equal .",none,0,0,0
11743411,This study showed no significant difference of contracture with smooth versus fine textured implants .,outcomes,0,0,3
11743411,The majority of the patients preferred the smooth implants .,outcomes,0,0,4
11743411,The patients reported that the breast augmentation had had an extremely high impact on their quality of life .,none,0,0,0
11746070,"Evaluating the impact of peer , nurse case-managed , and standard HIV risk-reduction programs on psychosocial and health-promoting behavioral outcomes among homeless women .",interventions,1,10,5
11746070,Investigators examined the 6-month impact of three cognitive-behavioral HIV risk-reduction programs on behavioral factors ( substance use and sexual risk behaviors ) and cognitive and psychological resources of 325 women who resided in emergency or sober-living shelters and their 308 intimate sexual partners .,outcomes,3,4,6
11746070,"Participants were randomized by shelter to a peer-mentored , a nurse case-managed , or a standard care HIV risk-reduction program .",outcomes,0,10,12
11746070,Significant improvements were observed in all groups in all behavioral factors and cognitive and psychological resources except for self-esteem .,outcomes,0,0,8
11746070,"Participants in the peer-mentored and nurse case-managed groups did not differ significantly from the standard group in self-esteem , life satisfaction , psychological well-being , use of noninjection drugs , sex with multiple partners , and unprotected sex at 6 months ( n = 633 ) .",outcomes,0,6,21
11746070,It was concluded that a standard approach by health care professionals appears to effectively modify HIV risk behaviors for a majority of homeless participants and may have important economic and policy implications .,outcomes,1,0,4
11746070,"Further , the impact of short-term programs that address psychological vulnerabilities of impoverished populations needs to be studied further .",participants,1,0,0
11748974,Fibrin application for preventing lymphocysts after retroperitoneal lymphadenectomy in patients with gynecologic malignancies .,participants,2,2,0
11748974,"OBJECTIVE We performed a randomized , prospective trial to assess the impact of fibrin glue on the incidence of lymphocysts after systematic pelvic or pelvic and paraaortic lymphadenectomy in patients with gynecologic malignancies .",participants,2,2,0
11748974,METHODS Ninety-three consecutive patients with gynecologic pelvic malignancies who underwent surgery including pelvic or pelvic and paraaortic lymphadenectomy were randomized during surgery to be treated with fibrin glue or not .,interventions,4,5,0
11748974,Serial computed tomography ( CT ) scans were performed during follow-up .,interventions,0,7,0
11748974,"CT findings of a smooth and thin-walled cavity filled with a water-equivalent fluid , sharply demarcated from its surroundings and without signs of infiltration were interpreted as lymphocysts .",outcomes,0,0,1
11748974,RESULTS Forty-seven patients ( 51 % ) were treated with fibrin glue and 46 ( 49 % ) were not .,interventions,0,2,0
11748974,All 93 patients underwent pelvic lymphadenectomy ; 15 patients ( 32 % ) of the fibrin group and 12 ( 26 % ) of the controls also underwent paraaortic lymphadenectomy .,participants,1,0,0
11748974,We found no significant differences between patients who received fibrin glue and those who did not .,outcomes,0,0,3
11748974,CONCLUSION Intraoperative application of fibrin glue did not reduce the rate of postoperative lymphocysts after lymphadenectomy and had no impact on any follow-up parameter .,outcomes,0,0,10
11748974,Its use seems not to be indicated in systematic gynecologic pelvic or pelvic and paraaortic lymphadenectomy .,none,0,0,0
11751780,Once-daily versus twice-daily intravenous administration of vancomycin for infections in hospitalized patients .,participants,4,1,0
11751780,The efficacy and toxicity of once-daily ( od ) versus twice-daily ( bd ) dosing of vancomycin was compared in 121 hospitalized patients .,participants,2,1,0
11751780,Eighteen patients were then withdrawn from the study .,participants,1,0,0
11751780,Clinical and bacteriological responses were evaluated in all patients ( n = 103 ) .,participants,1,0,0
11751780,Nephrotoxicity was assessed in patients who did not receive nephrotoxic agents ( n = 76 ) .,outcomes,0,0,1
11751780,Ototoxicity was assessed in patients who completed two audiograms and were not receiving ototoxic agents ( n = 63 ) .,outcomes,0,0,1
11751780,"No significant difference was found between the two groups for favourable clinical response : 47/51 ( 92.1 % ) and 49/52 ( 94.2 % ) in the od and bd groups , respectively .",none,0,0,0
11751780,In 34 patients vancomycin was the only effective antibiotic .,outcomes,0,1,3
11751780,Fifteen of 18 ( 83.3 % ) evaluated episodes in the od and 12/16 ( 75.0 % ) evaluated episodes in the bd group showed a favourable bacteriological response .,outcomes,0,0,3
11751780,There were no significant differences between the od and bd groups for all adverse events .,outcomes,0,0,3
11751780,"Nephrotoxicity developed in 4/37 ( 10.8 % ) and 3/39 ( 7.7 % ) patients , respectively .",outcomes,0,0,1
11751780,Hearing loss developed in 1/31 ( 3.2 % ) and 5/32 ( 15.6 % ) .,outcomes,0,0,2
11751780,Phlebitis occurred in 7/51 ( 13.7 % ) and 12/52 ( 23.0 % ) .,outcomes,0,0,1
11751780,"Red man syndrome occurred in 7/51 ( 13.7 % ) and 5/52 ( 9.6 % ) in od and bd groups , respectively .",outcomes,0,0,3
11751780,"The efficacy and safety profile of od administration of vancomycin is similar to that of the customary , but less convenient , bd administration .",outcomes,0,1,4
11752031,Controlled prospective trial of prednisolone and cytotoxics in progressive IgA nephropathy .,participants,3,3,0
11752031,"In a single-center , multiple-referral source study , 38 patients with progressive IgA nephropathy and controlled hypertension were randomized to treatment with prednisolone and cytotoxic agents , to therapy with low-dose cyclophosphamide then azathioprine , and to control groups .",interventions,5,10,0
11752031,"The follow-up period lasted 2 to 6 yr. Renal survival , as assessed by Kaplan-Meier analysis annually to 5 yr , showed significant preservation of function from 3 yr in the treatment group and 82 , 82 , 72 , and 72 % for 2 , 3 , 4 , and 5 yr , respectively , compared with 68 , 47 , 26 , and 6 % in controls .",none,0,0,0
11752031,"Rate of loss of renal function , evaluated objectively by least-squares analyses of reciprocal serum creatinine , was reduced-and in one-third of the patients , arrested-during immunosuppressive treatment .",outcomes,0,0,10
11752031,"Proteinuria , present in all patients at the time of entry into the trial , was reduced by treatment from 12 mo , compared with pretreatment levels or controls ; erythrocyturia was reduced from 6 mo .",outcomes,1,0,2
11752031,Histologic activity and chronicity indexes were determined in renal biopsies performed at trial entry .,outcomes,0,0,4
11752031,Multivariate analysis demonstrated that mesangial cell proliferation and matrix scores were highest in those patients with more rapidly progressive disease .,outcomes,0,0,8
11752031,No morphologic variable or residual renal function predicted response to immunosuppressive therapy at entry .,outcomes,0,0,6
11752031,Mean arterial pressures did not differ significantly between treatment and control groups .,outcomes,0,0,3
11752031,There was thus no explanation other than treatment for the improved outcome in patients who received immunosuppressive therapy .,none,0,0,0
11752031,Morbidity attributable to treatment or to renal failure occurred in both groups ; an audit showed that benefits of therapy outweighed expected or minor side effects of drugs in this population at risk of end-stage renal failure .,outcomes,0,0,6
11752031,"Patients selected for moderately progressive IgA nephropathy benefit from treatment with prednisolone and cytotoxic agents ; results are consistent with modulation of systemic immune response or nephritic injury , thus explaining improved outcome , and indicate that this therapy has an acceptably low risk of side effects .",outcomes,4,4,5
11778352,Physical activity in first-degree relatives of breast cancer patients .,participants,2,2,0
11778352,"This study sought to evaluate physical activity in women at moderate risk for breast cancer , the correlates of engaging in regular physical activity , and whether physical activity relates to psychological well-being .",participants,6,6,3
11778352,The results revealed that 55 % of women were regularly active .,participants,1,0,0
11778352,Logistic regression models indicated that positive affect was associated with increased and negative affect was associated with decreased overall and leisure activity .,outcomes,0,0,3
11778352,"Older , married , and employed women were more likely to engage in household/occupational activity , whereas women who perceived their risk for breast cancer as high were less likely .",outcomes,0,0,2
11778352,"More educated women and those with higher perceived risk were more likely to engage in leisure activity , and married women were less likely .",outcomes,0,0,2
11778352,"These results suggest a need to increase activity levels in women at moderate risk for breast cancer , provide variables upon which interventions can be tailored to promote activity , and point to psychological benefits of activity in this population .",participants,6,3,0
11779598,"Metformin therapy improves ovulatory rates , cervical scores , and pregnancy rates in clomiphene citrate-resistant women with polycystic ovary syndrome .",outcomes,8,2,9
11779598,"OBJECTIVE To evaluate the effect of metformin therapy on hyperandrogenism , insulin resistance , cervical scores , ovulation , and pregnancy rates in clomiphene citrate-resistant women with polycystic ovary syndrome ( PCOS ) .",interventions,0,2,0
11779598,"DESIGN Prospective , randomized , double-blind , placebo-controlled study .",interventions,0,1,0
11779598,SETTING Infertility clinic of a tertiary referral center .,none,0,0,0
11779598,PATIENT ( S ) Fifty-six women with clomiphene citrate-resistant PCOS .,none,0,0,0
11779598,"INTERVENTION ( S ) Two cycles of oral metformin therapy ( 850 mg , twice daily ) in group I and placebo therapy ( twice daily ) in group II .",interventions,0,5,0
11779598,Clomiphene citrate ( 100 mg/day ) on cycle days 3-7 of the second cycle in both groups .,interventions,0,2,0
11779598,"MAIN OUTCOME MEASURE ( S ) Insulin , T , DHEAS , FSH , LH , body mass index ( BMI ) , waist-to-hip ratio , endometrial thickness , cervical score , ovulation , and pregnancy rates in clomiphene-induced cycles after metformin therapy .",outcomes,0,1,31
11779598,"RESULT ( S ) Metformin therapy resulted in a significant decrease in total T , LH level , LH/FSH ratio , insulin resistance , and mean BMI .",outcomes,0,1,16
11779598,"No difference in waist-to-hip ratio , DHEAS level , and fasting insulin level was observed .",outcomes,0,0,10
11779598,Clomiphene citrate induction resulted in higher ovulation rates and thicker endometrium in the metformin group than in the placebo group .,outcomes,0,2,5
11779598,"There was higher cumulative pregnancy rate in the metformin group ; however , there was no significant difference in the pregnancy rate between the two groups .",outcomes,0,0,5
11779598,"CONCLUSION ( S ) Metformin therapy not only decreases hyperandrogenism and insulin resistance but also improves ovulation rates , cervical scores , and pregnancy rates in clomiphene citrate-resistant women with PCOS .",outcomes,0,1,13
11781402,"A randomized , double-blind , placebo-controlled MRI study of anti-herpes virus therapy in MS .",interventions,2,3,0
11781402,"OBJECTIVE To evaluate the effect of treatment with the antiherpes drug valacyclovir on MRI-evident lesions in patients with relapsing-remitting MS in a phase 2 , randomized , double-blind , placebo-controlled study .",interventions,1,4,2
11781402,BACKGROUND It has been postulated from virologic studies that herpesvirus infection could play a role in the progression of MS. METHODS Patients were eligible for the study if they had had two or more MS relapses in the 2-year period before enrollment .,participants,1,0,0
11781402,Seventy patients with Expanded Disability Status Scale scores of 0 to 5.5 were randomly assigned to receive 1 gram of valacyclovir ( n = 36 ) or placebo ( n = 34 ) three times daily for 24 weeks .,interventions,1,2,0
11781402,"Patients underwent MRI every fourth week for 32 weeks : twice during pretreatment , six times during treatment , and once after treatment .",none,0,0,0
11781402,Scoring of neurologic disability was performed at the start and end of the treatment period .,outcomes,0,0,4
11781402,The primary endpoint was the number of new active MRI-evident lesions over 24 weeks of treatment .,outcomes,0,0,6
11781402,Secondary endpoints included other MRI measures and clinical endpoints .,outcomes,0,0,5
11781402,RESULTS The mean number of new active lesions +/- SD per patient during 24 weeks of treatment with valacyclovir was 11.9 +/- 17.6 and that during placebo treatment was 14.5 +/- 21.4 .,outcomes,0,2,3
11781402,A protocol-planned exploratory analysis stratified patients according to baseline activity ; this analysis showed that patients with high levels of disease activity in the valacyclovir treatment group ( n = 17 ) developed fewer new active lesions per scan than did those in the placebo treatment group ( n = 11 ) .,outcomes,0,1,3
11781402,"The median number ( Q ( 1 ) , Q ( 3 ) range ) of active lesions was 2.0 ( 1.38 , 3.96 ) in the valacyclovir treatment group and 6.5 ( 2.63 , 9.0 ) in the placebo treatment group .",outcomes,0,0,2
11781402,CONCLUSIONS Valacyclovir treatment did not reduce the formation of active lesions in patients with relapsing-remitting MS who had two or more relapses during the previous 2-year period .,outcomes,1,1,2
11781402,"In a subgroup of patients with high levels of disease activity who had more than one active MRI-evident lesion during 4 weeks , valacyclovir treatment was associated with a reduced number of new active MRI-evident lesions and with an increase in the number of scans free of new active lesions .",outcomes,0,1,7
11781402,The results of the exploratory subgroup analysis provide support for further studies of antiherpes therapy for patients with MS and high levels of MRI-evident disease activity .,participants,4,2,0
11783270,[ Clinical study on retarding aging effect of tongbu recipe to traditional Chinese medicine ] .,outcomes,0,0,3
11783270,OBJECTIVE To study the mechanism of Tongbu No .,interventions,0,3,0
11783270,"1 ( TB1 , a prescription for reinforcing Kidney and Spleen , clearing up the bowel viscera to send Turbid downward and regulating Qi and blood ) in retarding aging .",outcomes,0,1,2
11783270,"METHODS A controlled , multiple indexes study was conducted in 56 old subjects randomized into 3 groups .",participants,2,0,0
11783270,"RESULTS TB1 ( containing ginseng leaf , cistanche , fleeceflower root , immature bitter orange , rhubarb , etc ) could improve various symptoms of aging , and had the effect in regulating immune and endocrinal function , scavenging free radicals and adjusting coli flora .",outcomes,0,0,11
11783270,"The effects of TB1 and TB2 ( containing ginseng leaf , cistanche and fleeceflower root ) were different significantly ( P < 0.05 , P < 0.01 ) .",none,0,0,0
11783270,CONCLUSION TB1 has a good comprehensive effect in retarding aging .,outcomes,0,0,2
11786587,Dronabinol versus megestrol acetate versus combination therapy for cancer-associated anorexia : a North Central Cancer Treatment Group study .,interventions,0,6,0
11786587,"PURPOSE To determine whether dronabinol administered alone or with megestrol acetate was more , less , or equal in efficacy to single-agent megestrol acetate for palliating cancer-associated anorexia .",interventions,0,5,0
11786587,"PATIENTS AND METHODS Four hundred sixty-nine assessable advanced cancer patients were randomized to ( 1 ) oral megestrol acetate 800 mg/d liquid suspension plus placebo , ( 2 ) oral dronabinol 2.5 mg twice a day plus placebo , or ( 3 ) both agents .",interventions,3,8,0
11786587,Eligible patients acknowledged that loss of appetite or weight was a problem and reported the loss of 5 pounds or more during 2 months and/or a daily intake of less than 20 calories/kg of body weight .,participants,36,0,0
11786587,"RESULTS Groups were comparable at baseline in age , sex , tumor type , weight loss , and performance status .",none,0,0,0
11786587,A greater percentage of megestrol acetate-treated patients reported appetite improvement and weight gain compared with dronabinol-treated patients : 75 % versus 49 % ( P =.0001 ) for appetite and 11 % versus 3 % ( P =.02 ) for > or = 10 % baseline weight gain .,outcomes,0,3,5
11786587,Combination treatment resulted in no significant differences in appetite or weight compared with megestrol acetate alone .,outcomes,0,2,5
11786587,"The Functional Assessment of Anorexia/Cachexia Therapy questionnaire , which emphasizes anorexia-related questions , demonstrated an improvement in quality of life ( QOL ) among megestrol acetate-treated and combination-treated patients .",outcomes,0,2,6
11786587,"The single-item Uniscale , a global QOL instrument , found comparable scores .",outcomes,0,0,1
11786587,"Toxicity was also comparable , with the exception of an increased incidence of impotence among men who received megestrol acetate .",interventions,1,2,2
11786587,"CONCLUSION In the doses and schedules we studied , megestrol acetate provided superior anorexia palliation among advanced cancer patients compared with dronabinol alone .",interventions,0,3,0
11786587,Combination therapy did not appear to confer additional benefit .,none,0,0,0
11788219,"Quantitative angiographic methods for appropriate end-point analysis , edge-effect evaluation , and prediction of recurrent restenosis after coronary brachytherapy with gamma irradiation .",outcomes,6,2,9
11788219,"OBJECTIVES The study was done to investigate the relationship between clinical restenosis and the relative angiographic location of the recurrent restenotic lesion , after treatment of in-stent restenosis with vascular brachytherapy in the Washington Radiation for In-Stent Restenosis Trial ( WRIST ) .",interventions,0,2,0
11788219,BACKGROUND Intracoronary radiation therapy reduces recurrence of in-stent restenosis .,interventions,0,3,0
11788219,We investigated the above objective in patients enrolled in WRIST .,none,0,0,0
11788219,METHODS The WRIST study randomized 130 patients to double-blinded therapy with gamma irradiation ( iridium-192 [ ( 192 ) Ir ] ) versus placebo after interventional treatment of diffuse in-stent restenosis .,interventions,0,21,0
11788219,"After the intervention and at follow-up , three vessel segments were individually analyzed with quantitative coronary angiography : 1 ) the "" stent , "" 2 ) the "" radiation ribbon , "" and 3 ) the "" ribbon+margin "" segment ( including 5 mm on either end of the injured or radiation-ribbon segment ) .",none,0,0,0
11788219,Receiver operator curves ( ROC ) were used to assess the value of the follow-up percent diameter stenosis ( DS ) for each of the three analyzed segments in predicting target vessel revascularization ( TVR ) .,none,0,0,0
11788219,"RESULTS ( 192 ) Ir reduced recurrent restenosis ( 23.7 % vs. 60.7 % , p < 0.001 ) and the length of recurrent restenosis ( 8.99 +/- 4.34 mm vs. 17.54 +/- 10.48 mm , p < 0.001 ) at follow-up compared to placebo .",outcomes,0,0,6
11788219,Isolated stent edge ( 3.4 % ) and ribbon edge ( 1.7 % ) restenoses were infrequent in both groups .,outcomes,0,0,6
11788219,The best angiographic surrogate of TVR was the 50 % follow-up DS obtained from the ribbon+margin analysis ( ROC area 0.806 ) .,none,0,0,0
11788219,"CONCLUSIONS In WRIST , not only was ( 192 ) Ir therapy effective in reducing restenosis , but it also reduced the lesion length of treatment failures by 50 % , and it was not associated with edge proliferation .",interventions,0,5,0
11788219,The restenosis rate obtained from the vessel segment inclusive of the dose fall-off zones was the best correlate of TVR and should become a standard analysis site in all vascular brachytherapy trials .,none,0,0,0
11789002,[ Statins in the treatment of patients with arterial occlusive disease of the lower extremities ] .,interventions,0,1,0
11789002,"In patients with advanced atherosclerosis manifested by arterial occlusion in the lower extremities without a baseline blood lipid disorder statin treatment caused improvement of the efficiency , i.e .",outcomes,0,1,4
11789002,"prolongation of the claudication interval , while in a comparable control group without statins the efficiency deteriorated further .",outcomes,0,0,5
11789002,"In patients with arterial occlusion of the lower extremities with baseline dyslipidaemia statin treatment proved protective , i.e .",interventions,0,1,1
11789002,at least it retarded the patients ' complaints .,outcomes,0,0,8
11789002,The authors recorded improvement of the prooxidation state which followed after the dynamics of improvement of the impaired blood lipid spectrum .,outcomes,0,0,6
11789002,The results admit a possible part played by the pleiotropic effect of statins .,none,0,0,0
11791023,1999 WHO/ISH Guidelines applied to a 1999 MONICA sample from northern Sweden .,none,0,0,0
11791023,BACKGROUND Treating hypertension with drugs is so far the most cost-effective way to reduce this important risk factor for cardiovascular disease ( CVD ) .,none,0,0,0
11791023,"It is , however , important to determine absolute risk , and thereby estimate indication for drug treatment , in order to maintain a cost-effective drug treatment .",none,0,0,0
11791023,"WHO/ISH Hypertension Guidelines from 1999 propose a risk stratification for estimating absolute risk for CVD based on blood pressure and additional risk factors , target organ damage ( TOD ) and CVD .",none,0,0,0
11791023,"OBJECTIVES We studied the consequences of applying the recent WHO/ISH risk stratification scheme to a MONICA sample of 6000 subjects from a geographically defined population in northern Sweden , regarding indications for treatment , target blood pressure and risk distribution .",interventions,0,4,0
11791023,"METHODS We have risk-classified each of these patients using a computer program , according to the WHO/ISH scheme .",interventions,0,2,0
11791023,Data on TOD were not available .,none,0,0,0
11791023,"RESULTS In all , 917 ( 15 % ) had drug-treated hypertension .",participants,2,0,0
11791023,"Three-quarters ( n = 737 ) were inadequately treated , with blood pressure levels at or above 140 or 90 mmHg .",outcomes,0,0,3
11791023,"1773 ( 30 % of 5997 ) untreated subjects had a blood pressure of 140/90 or above ; 16 % in the low- , 62 % in the medium- , 8 % in the high- , and 14 % in the very-high-risk group .",none,0,0,0
11791023,"The corresponding risk-group pattern for the inadequately treated hypertensives ( n = 737 ) was 5.5 , 48.3 , 11.1 and 35.2 % , respectively .",none,0,0,0
11791023,"If we shifted the target blood pressure from below 140/90 to below 130/85 for drug-treated subjects under 60 ( n = 278 ) the number of inadequately treated subjects increased by 34 ( 12.2 % of 278 ) ; 14 in the low-risk group , 15 in the medium-risk group , and only five in the high- or very-high-risk groups .",outcomes,0,0,5
11791023,CONCLUSIONS Only one-fifth of the drug-treated hypertensives were well controlled .,none,0,0,0
11791023,"Moreover , the incidence of newly detected blood pressure elevation was high .",outcomes,0,0,5
11791023,"The majority of younger subjects with high blood pressure had low risk , but in those aged 45-54 this had already risen to a medium risk .",participants,2,0,0
11791023,"Changing the target blood pressure to below 130/85 , for subjects aged below 60 , as recommended by WHO/ISH , affects predominantly low- and medium-risk groups .",participants,4,0,0
11804430,Improved responsiveness of PCOS patients to clomiphene after CYP17a inhibitor .,interventions,2,4,0
11804430,"PURPOSE To study the effect of CYP17a inhibitor , "" ketoconazole , "" on clomiphene responsiveness in PCOS patients .",interventions,0,7,0
11804430,METHODS Prospective analysis was employed with the setup at Alexandria IVF/ICSI center .,none,0,0,0
11804430,"Ninety-seven insulin-resistant PCOS patients undergoing ovulation induction using clomiphene citrate were randomly divided , by random number table , into two groups .",interventions,0,2,0
11804430,The first group ( n = 49 ) received ketoconazole ( 400 mg daily ) till correction of metabolic syndrome followed by clomiphene ( 100 mg/day ) ; the second group ( n = 48 ) receiving clomiphene without ketoconazole pretreatment .,interventions,0,5,0
11804430,"Main outcome measures were incidence of clomiphene resistance , monofollicular response , fasting insulin/glucose ratio , serum testosterone , and pregnancy rates .",outcomes,0,0,19
11804430,"RESULTS The ketoconazole group showed significantly ( p < 0.05 ) higher incidence of monofollicular response ( 38 % ) , higher pregnancy rates , and significantly less marked antiestrogenic manifestations than did the control group .",outcomes,0,1,12
11804430,"They also had significantly lower incidence of clomiphene resistance ( 11.6 % ) , lower serum testosterone levels , less hyperinsulinaemia , than did the control group .",outcomes,0,0,9
11804430,CONCLUSION Ketoconazole improved clomiphene responsivenss in PCOS patients and attenuated its untoward biological effects .,outcomes,0,1,9
11812696,Small-dose selective spinal anesthesia for short-duration outpatient laparoscopy : recovery characteristics compared with desflurane anesthesia .,interventions,0,4,0
11812696,UNLABELLED We conducted a randomized controlled trial to compare the recovery characteristics of selective spinal anesthesia ( SSA ) and desflurane anesthesia ( DES ) in outpatient gynecological laparoscopy .,interventions,0,13,0
11812696,"Twenty ASA physical status I patients undergoing gynecological laparoscopy were randomized to receive either SSA with lidocaine 10 mg + sufentanil 10 microg or general anesthesia with DES and N ( 2 ) O. Intraoperative conditions , recovery times , postanesthesia recovery scores , and postoperative outcomes were recorded .",interventions,5,18,13
11812696,Intraoperative conditions were comparable in both groups .,none,0,0,0
11812696,"All patients in the SSA group were awake and oriented at the end of surgery , whereas patients in the DES group required 7 +/- 2 min for extubation and orientation .",interventions,0,2,0
11812696,SSA patients had a significantly shorter time to straight leg raising ( 3 +/- 1 min versus 9 +/- 4 min ; P < 0.0001 ) and to ambulation ( 3 +/- 0.9 min versus 59 +/- 16 min ; P < 0.0001 ) compared with the DES group .,outcomes,0,2,7
11812696,SSA patients had significantly less postoperative pain than DES patients ( P < 0.05 ) .,interventions,0,2,2
11812696,We concluded that SSA was an effective alternative to DES for outpatient gynecological laparoscopy .,interventions,0,1,0
11812696,IMPLICATIONS This study compared the use of a desflurane general anesthetic to a small-dose spinal anesthetic in ambulatory gynecological laparoscopy .,interventions,0,1,0
11812696,"Using the spinal technique , patients can walk from the operating room table to a stretcher on completion of surgery .",none,0,0,0
11812696,Their recovery time was similar to that of the desflurane group .,outcomes,0,1,2
11815321,Marginal biotin deficiency during normal pregnancy .,participants,2,0,0
11815321,BACKGROUND Biotin deficiency is teratogenic in several mammalian species .,none,0,0,0
11815321,"Approximately 50 % of pregnant women have an abnormally increased urinary excretion of 3-hydroxyisovaleric acid ( 3-HIA ) , which probably reflects decreased activity of the biotin-dependent enzyme methylcrotonyl-CoA carboxylase .",outcomes,2,0,5
11815321,"However , increased 3-HIA excretion could result from pregnancy per se ( eg , from an effect of pregnancy on renal handling of organic acids ) .",none,0,0,0
11815321,OBJECTIVE We tested the hypothesis that biotin supplementation significantly decreases 3-HIA excretion in pregnant women with abnormally increased 3-HIA excretion .,participants,5,0,0
11815321,"DESIGN Twenty-six pregnant women with increased 3-HIA excretion were studied in a randomized , placebo-controlled trial ; 10 women were studied during early pregnancy ( 6-17 wk gestation ) and 16 women during late pregnancy ( 21-37 wk gestation ) .",participants,6,1,0
11815321,Urine samples were collected before and after 14 d of supplementation with 300 microg ( 1.2 micromol ) biotin/d or placebo .,interventions,0,8,2
11815321,"RESULTS In the early-pregnancy group , 3-HIA excretion decreased ( P < 0.006 ) by 11.7 +/- 3.6 mmol/mol creatinine ( mean +/- SEM ) in the 5 women who received biotin supplements , whereas 3-HIA excretion increased by 1.6 +/- 0.6 mmol/mol creatinine in the 5 women who received placebo .",outcomes,0,0,4
11815321,"In the late-pregnancy group , 3-HIA excretion decreased ( P < 0.002 ) by 7.1 +/- 1.2 mmol/mol creatinine in the 8 women who received biotin supplements , whereas 3-HIA excretion increased by 0.9 +/- 1.8 mmol/mol creatinine in the 8 women who received placebo .",outcomes,0,0,4
11815321,CONCLUSIONS This study provides evidence that the increased excretion of 3-HIA seen frequently in normal pregnancy reflects reduced biotin status .,outcomes,0,0,6
11815321,The conclusion that marginal biotin deficiency occurs frequently in the first trimester further raises concern about potential human teratogenicity .,none,0,0,0
11815957,Liposome-encapsulated doxorubicin compared with conventional doxorubicin in a randomized multicenter trial as first-line therapy of metastatic breast carcinoma .,interventions,3,4,0
11815957,"BACKGROUND The objective of this study was to compare the efficacy and toxicity of the liposome-encapsulated doxorubicin , TLC D-99 ( Myocet , Elan Pharmaceuticals , Princeton , NJ ) , and conventional doxorubicin in first-line treatment of metastatic breast carcinoma ( MBC ) .",interventions,0,16,0
11815957,"METHODS Two hundred twenty-four patients with MBC and no prior therapy for metastatic disease were randomized to receive either TLC D-99 ( 75 mg/m ( 2 ) ) or doxorubicin ( 75 mg/m ( 2 ) ) every 3 weeks , in the absence of disease progression or unacceptable toxicity .",interventions,4,10,0
11815957,The primary efficacy endpoint was response rate .,none,0,0,0
11815957,Responses were assessed using World Health Organization criteria and were required to be of at least 6 weeks ' duration .,none,0,0,0
11815957,The primary safety endpoint was cardiotoxicity .,none,0,0,0
11815957,"Cardiac function was monitored by multiple-gated radionuclide cardioangiography scan , and the left ventricular ejection fraction ( LVEF ) was scored at a central laboratory .",interventions,0,4,0
11815957,"Patients were removed from study if LVEF declined 20 or more EF units from baseline to a final value of greater than or equal to 50 % , or by 10 or more units to a final value of less than 50 % , or onset of clinical congestive heart failure ( CHF ) .",none,0,0,0
11815957,RESULTS Median age was 54 years in both treatment groups .,participants,2,0,0
11815957,"All relevant prognostic factors were balanced , with the exception that there were significantly more progesterone receptor positive patients in the doxorubicin-treated group .",interventions,0,1,0
11815957,Protocol-defined cardiotoxicity was observed in 13 % of TLC D-99 patients ( including 2 cases of CHF ) compared to 29 % of doxorubicin patients ( including 9 cases of CHF ) .,outcomes,0,1,2
11815957,"Median cumulative doxorubicin dose at onset of cardiotoxicity was 785 mg/m ( 2 ) for TLC D-99 versus 570 mg/m ( 2 ) for doxorubicin ( P = 0.0001 ; hazard ratio , 3.56 ) .",outcomes,0,4,8
11815957,The overall response rate was 26 % in both treatment groups .,outcomes,0,0,3
11815957,The median TTP was 2.9 months on TLC D-99 versus 3.1 months on doxorubicin .,outcomes,0,1,2
11815957,Median survival was 16 versus 20 months with a nonsignificant trend in favor of doxorubicin ( P = 0.09 ) .,outcomes,0,1,2
11815957,"Clinical toxicities , commonly associated with doxorubicin , appeared less common with TLC D-99 , although the difference was not statistically significant .",outcomes,0,0,1
11815957,There was only one report of palmar-plantar erythrodysesthesia ( Grade 2 ) with this liposomal formulation of doxorubicin .,outcomes,0,1,2
11815957,"CONCLUSIONS Single-agent TLC D-99 produces less cardiotoxicity than doxorubicin , while providing comparable antitumor activity .",interventions,0,3,0
11816482,[ Intravesical instillation of doxorubicin or epirubicin for chemoprophylaxis of superficial bladder cancer -- the fifth study of the Japanese Urological Cancer Research Group for Adriamycin/Farumorubicin ] .,interventions,0,1,0
11816482,"A total of 465 patients with primary and multiple or recurrent , stages Ta and T1 superficial bladder cancer were included in this randomized multicenter trial to compare the prophylactic effect by 17 times instillation of 40 mg doxorubicin or 40 mg epirubicin with no instillation after transurethral resection of tumor ( s ) .",interventions,4,6,0
11816482,The primary endpoint was first recurrence after transurethral resection .,outcomes,0,0,2
11816482,Endoscopic examination as well as urinary cytology was performed in each case every three months .,outcomes,0,0,4
11816482,It became evident that the recurrence rate in the doxorubicin or epirubicin instillation arm was lower that in the no instillation arm .,interventions,0,2,2
11816482,Toxicity was mainly restricted to bladder irritation in about 10 % of patients in each instillation arm .,outcomes,0,0,3
11819768,Helicobacter pylori and gastric cancer : current status of the Austrain Czech German gastric cancer prevention trial ( PRISMA Study ) .,participants,5,0,0
11819768,AIM To test the hypothesis that Helicobacter pylori eradication alone can reduce the incidence of gastric cancer in a subgroup of individuals with an increased risk for this fatal disease .,participants,12,0,2
11819768,"METHODS It is a prospective , randomized , double blind , placebo controlled multinational multicenter trial .",interventions,0,1,0
11819768,"Men between 55 and 65 years of age with a gastric cancer phenotype of Helicobacter pylori gastritis are randomized to receive a 7 day course of omeprazole 2 X 20mg , clarithromycin 2 X 500mg , and amoxicillin 2 X 1g for 7 days , or omeprazole 2 X 20mg plus placebo .",participants,19,17,0
11819768,"Follow-up endoscopy is scheduled 3 months after therapy , and thereafter in one-year intervals .",none,0,0,0
11819768,"Predefined study endpoints are gastric cancer , precancerous lesions ( dysplasia , adenoma ) , other cancers , and death .",outcomes,0,0,13
11819768,"RESULTS Since March 1998 , 1524 target patients have been screened , 279 patients ( 18.3 % ) had a corpus dominant type of H. pylori gastritis , and 167 of those were randomized ( 58.8 % ) .",none,0,0,0
11819768,"In the active treatment group ( r = 86 ) , H. pylori infection infection was cured in 88.9 % of patients .",outcomes,0,0,1
11819768,"Currently , the cumulative follow-up time is 3046 months ( 253.38 patient years , median follow up 16 months ) .",none,0,0,0
11819768,"So far , none of the patients developed gastric cancer or any precancerous lesion .",outcomes,0,0,5
11819768,Three ( 1.8 % ) patients reached study endpoints other than gastric cancer .,outcomes,0,0,2
11819768,"CONCLUSION Among men between 55 and 65 years of age , the gastric cancer phenotype of H. pylori gastritis appears to be more common than expected .",none,0,0,0
11819768,Further follow up and continuing recruitment are necessary to fulfil the main aim of the study .,none,0,0,0
11824175,"A double-blind , placebo-controlled crossover study investigating the effect of porcine secretin in children with autism .",interventions,2,3,0
11824175,"OBJECTIVES A recent patient series reported the incidental findings of improved social and language skills in 3 children with autistic spectrum disorders after the administration of secretin , a peptide hormone .",participants,4,1,0
11824175,"However , a subsequent study did not find evidence for a drug effect .",none,0,0,0
11824175,Parents are seeking treatment with secretin despite the absence of empirical investigations demonstrating amelioration in autism symptomology .,interventions,0,1,0
11824175,"In order to more precisely measure the effects of secretin , this study investigated the effect of a single intravenous dose of porcine secretin on 12 autistic children through a randomized , double-blind , placebo-controlled , crossover study .",interventions,2,7,0
11824175,"Children were assessed on objective language and on social , neuropsychological , and gastrointestinal measures to evaluate drug effects .",outcomes,0,0,11
11824175,The study was conducted over a 16-week trial .,none,0,0,0
11824175,The results indicated that significant differences were not observed on the majority of the dependent variables .,none,0,0,0
11824175,Statistically significant differences were observed on measures of positive affect and activity level following secretin infusion .,outcomes,0,1,7
11824175,"In general , the autistic children did not demonstrate the improvements described in the initial retrospective report .",participants,1,0,0
11828556,Carpal tunnel release by limited palmar incision vs traditional open technique : randomized controlled trial .,interventions,0,6,0
11828556,"AIM To compare a limited palmar incision for carpal tunnel release ( CTR ) with a traditional open technique , which is still considered the gold standard .",interventions,0,13,0
11828556,METHODS Seventy-two patients with a carpal tunnel syndrome were individually randomized into the trial ( limited incision CTR ) ( n=36 ) and control group ( traditional technique CTR ) ( n=36 ) .,participants,32,10,0
11828556,"In the trial group , skin incision parallel to the thenar crease was made up to 2.5 cm in length , under an operating microscope and endoscopic transillumination .",participants,26,0,0
11828556,"Skin incision in the control group began at the distal border of the carpal ligament , followed the longitudinal crease of the palm , and crossed the base of the palm in a zigzag fashion .",interventions,0,2,0
11828556,"Three months after surgery , the patients were asked about symptomatic relief and intervals between the operation and return to their daily activities and work , and examined for scar tenderness and esthetic outcome .",outcomes,0,0,25
11828556,"Distal motor latency , conduction velocity , scar length , scar width , and operation time were measured .",outcomes,0,0,16
11828556,RESULTS There were no differences between the two groups in symptomatic relief and electrophysiological parameters .,outcomes,0,0,6
11828556,"Intervals between the operation and return to daily activities ( median 5 days , range 2-15 ) were shorter in the trial group than in the control group ( median 10 days , range 2-21 ; p < 0.001 ) , as well as the intervals between the operation and return to work ( median 15 days , range 5-45 vs median 30 days , range 10-60 ; p < 0.001 ) .",outcomes,0,0,17
11828556,"Scar/pillar tenderness , scar length and width , esthetic outcome , and operation time were significantly better in the trial group .",outcomes,0,0,14
11828556,"CONCLUSION Limited palmar incision CTR is as effective and safe as traditional CTR technique , but with better postoperative recovery and cosmetic results .",interventions,0,7,0
11832869,Changes in selected fitness parameters following six weeks of snowshoe training .,interventions,0,2,2
11832869,"BACKGROUND Recently , there has been an increase in popularity and participation in the sport of snowshoeing .",interventions,0,1,0
11832869,"While the sport has gained considerable recognition , to date there is little or no scientific research regarding training responses to snowshoeing as a form of exercise .",outcomes,0,0,2
11832869,"Therefore , the purpose of this study was to determine whether snowshoe training could improve fitness measures .",outcomes,0,0,3
11832869,A further purpose was to compare responses from a snowshoe training program to a similarly designed run training program .,interventions,0,6,0
11832869,"METHODS This prospective , comparative study was conducted with healthy males and females between the ages of 19 and 24 .",participants,6,0,0
11832869,These subjects were recruited from the University of Vermont population and surrounding community .,none,0,0,0
11832869,"Following baseline measurements in VO2max , running time to exhaustion ( RTE ) , and anthropometry , 17 subjects ( 10 snowshoers and 7 runners ) participated in a six week conditioning program .",outcomes,1,0,12
11832869,"Both groups exercised for 30 min at 75-85 % age predicted maximum heart rate , 3-4 times per week , for a total of 18 sessions .",none,0,0,0
11832869,"RESULTS VO2max improved significantly in both running and snowshoeing groups , 6.3 and 8.5 % , respectively .",none,0,0,0
11832869,"Run time to exhaustion also improved significantly in both groups , 23.3 and 33.5 % , respectively .",none,0,0,0
11832869,There were no changes in anthropometry for either group .,outcomes,0,0,1
11832869,"With the exception of RTE , there were no statistically significant differences between groups in any other measurements at baseline .",none,0,0,0
11832869,CONCLUSIONS These results support the acceptability of snowshoeing as a valid means to improve or maintain cardiovascular endurance .,outcomes,0,0,3
11835021,"The Low Energy Safety Study ( LESS ) : rationale , design , patient characteristics , and device utilization .",interventions,0,4,0
11835021,BACKGROUND A 10-J energy safety margin has traditionally been used in programming implantable cardioverter defibrillators ( ICDs ) .,interventions,4,6,0
11835021,The Low Energy Safety Study ( LESS ) tests the hypothesis that programming shocks to lower energy margins is safe and effective .,interventions,0,4,0
11835021,"METHODS Patients with standard ICD indications undergo defibrillation threshold testing ( DFT ) at the time of ICD implant , with reconfirmation of lowest successful energy twice ( DFT++ ) .",interventions,7,8,0
11835021,"Patients are randomized to 2 groups : the first has the initial 2 shocks for ventricular fibrillation conversion programmed at 2 energy steps above DFT++ ( typically 4-6 J , maximum 10 J ) with subsequent shocks at maximum energy , and the second has all shocks programmed at maximum energy .",interventions,0,35,0
11835021,Patients are followed up every 3 months for 2 years to assess shock conversion efficacy of spontaneous arrhythmias .,outcomes,0,0,6
11835021,"In a subgroup of patients , there is a second randomization to energy levels of 0 , 1 , 2 , 3 , or 4 steps above implant DFT++ for conversion testing of 3 induced ventricular fibrillation episodes at prehospital discharge , 3 months , and 12 months after implant .",interventions,0,1,0
11835021,"RESULTS Enrollment is complete ( 702 patients ) , but follow-up results are pending .",participants,1,0,0
11835021,"There were no significant variations in implant indications and baseline antiarrhythmic drug use over the 3-year enrollment period , although an increase in the percentage of dual-chamber ICDs implanted occurred , with the majority ( 65 % ) of implanted ICDs being dual-chamber devices by the end of the enrollment period .",outcomes,0,2,12
11835021,CONCLUSION The results of LESS should facilitate the development of algorithms for programming ICD energy safety margins .,outcomes,0,0,4
11836674,Multicenter randomized controlled trial of the management of unresectable malignant mesothelioma proposed by the British Thoracic Society and the British Medical Research Council .,participants,5,0,0
11836674,Malignant mesothelioma is almost invariably fatal .,participants,2,0,0
11836674,"The incidence of the disease is rising rapidly in many countries , and there is no generally accepted standard treatment for patients with unresectable disease .",none,0,0,0
11836674,"According to current British Thoracic Society ( BTS ) guidelines , patients should be treated with active symptom control ( ASC ) , involving ( 1 ) regular follow-up in a specialist clinic ; ( 2 ) structured assessments of physical , psychological and social problems with appropriate action ; ( 3 ) rapid involvement of additional specialists ; and ( 4 ) parallel nursing support .",none,0,0,0
11836674,"Although many nonrandomized studies have reported tumor responses to anticancer chemotherapy , few have studied palliation and it is not known whether chemotherapy prolongs survival or provides clinically worthwhile palliation with acceptable toxicity when given in addition to ASC .",none,0,0,0
11836674,"We therefore plan to conduct a multicenter randomized controlled trial comparing ( 1 ) ASC alone , ( 2 ) ASC plus mitomycin vinblastine and cisplatin ( MVP ) , and ( 3 ) ASC plus vinorelbine ( N ; Navelbine , Pierre Fabre Oncology , Winchester , UK ) .",interventions,0,14,0
11836674,We chose these chemotherapy regimens because they have been shown in nonrandomized studies to provide good symptom control as recorded by patients .,none,0,0,0
11836674,"The outcome measures are overall survival , palliation of symptoms , performance status , analgesic usage , toxicity , quality of life , tumor response , and recurrence/progression-free survival .",outcomes,0,0,17
11836674,"In a preliminary feasibility study , we are assessing the acceptability of the trial design to patients and the suitability of two standard quality-of-life instruments in mesothelioma .",outcomes,0,0,1
11836674,Data will help us to decide the final details of the large multicenter trial .,none,0,0,0
11837240,Pacifier as a risk factor for acute otitis media .,participants,3,1,0
11837468,Glibenclamide vs gliclazide in reducing oxidative stress in patients of noninsulin dependent diabetes mellitus -- a double blind randomized study .,participants,4,2,2
11837468,OBJECTIVE Parameters of oxidative stress were quantitated in 50 patients with type 2 diabetes mellitus in uncontrolled state and after control using oral glibenclamide or gliclazide .,participants,7,2,2
11837468,"The estimates were further compared between the two groups irrespective of drug used to evaluate the difference , if any .",none,0,0,0
11837468,"METHODS The study was a double blind , uncontrolled , noncrossover and randomized trial .",none,0,0,0
11837468,Fifty patients of uncontrolled type 2 diabetes were divided in to two groups .,participants,4,0,0
11837468,Group I ( 25 patients ) received capsule A ( glibenclamide ) while Group II ( 25 patients ) received capsule B ( gliclazide ) .,interventions,0,2,0
11837468,"The parameters studied were Superoxide dismutase ( SOD ) , malonyl-dialdehyde ( MDA ) and reduced glutathione ( GSH ) .",outcomes,0,0,14
11837468,"They were done at ( a ) uncontrolled stage ( FBS -- 165 +/- 16.7 mg/dl , PP -- 240 +/- 30.1 mg/dl and HbA1 -- 10.5 +/- 0.9 % in group I and FBS -- 150 +/- 15.8 mg/dl , PP -- 246 +/- 29.1 mg/dl HbA1 10.6 +/- 0.8 % in group II ) and during controlled stage at 12 weeks ( FBS -- 120 +/- 18.5 mg/dl , PP -- 180 +/- 19.1 mg/dl and HbA1 -- 8.4 +/- 0.29 % in group I and FBS -- 118 +/- 17.6 mg/dl , PP -- 176 +/- 20.1 mg/dl and HbA1 -- 8.5 +/- 0.39 % in group II patients ) .",none,0,0,0
11837468,"RESULTS The significantly raised levels of MDA and SOD , and decreased levels of reduced glutathione ( GSH ) during uncontrolled stage of diabetes indicated free radical stress induced lipid peroxidation .",outcomes,0,0,12
11837468,The significant fall of MDA and SOD and increased levels of GSH in blood in both groups after control revealed beneficial effects of glycemic control on oxidative stress .,outcomes,0,0,14
11837468,The levels were not normalized and stayed higher than those in controls .,none,0,0,0
11837468,"On intergroup comparison ; the control of diabetes with gliclazide ( group II ) showed improvement in oxidative stress ( MDA , GSH ) better ( p < 0.001 ) than glibenclamide ( group I ) .",outcomes,0,2,7
11837468,CONCLUSION Oxidative stress in uncontrolled diabetes is decreased with glycemic control .,outcomes,0,0,2
11837468,"The control of diabetes with gliclazide reduced oxidative stress more than glibenclamide , indicating higher antioxidant properties of gliclazide .",interventions,0,2,2
11837468,Normalization of oxidative stress was not achieved .,outcomes,0,0,2
11837468,Further studies are required to see long-term effect of drug therapy in combating oxidative stress after achieving acceptable control of diabetes .,outcomes,0,0,2
11838820,Methodological issues in designing a multisite trial of risperidone in children and adolescents with autism .,participants,6,1,0
11838820,"OBJECTIVE To describe the methodological challenges and decisions made in developing a multisite , controlled study of risperidone in children and adolescents with autism .",interventions,0,1,0
11838820,"METHODS Review the design considerations for clinical trials in children with autistic disorder accompanied by severe tantrums , aggressive and/or self-injurious behaviors .",none,0,0,0
11838820,These design considerations include the definition of inclusion criteria that are relevant to clinical practice and matching study design to the goal of evaluating short- and long-term effects .,none,0,0,0
11838820,Additional ethical and scientific issues concern the length of trial and sample size .,none,0,0,0
11838820,"RESULTS We undertook a short-term , placebo-controlled study to evaluate the efficacy and safety of risperidone in children and adolescents with autistic disorder .",interventions,0,2,2
11838820,This trial design was followed by an extended open-label maintenance on risperidone to confirm durability of treatment effects and to monitor safety .,outcomes,0,1,2
11838820,"Finally , a placebo-controlled discontinuation study tested the need for continuous treatment .",none,0,0,0
11838820,"CONCLUSIONS In the absence of standard pharmacological treatment for children with autistic disorder , a placebo-controlled study remains the most appropriate method of testing efficacy and safety .",none,0,0,0
11838820,The clinical relevance of this study is enhanced by the addition of an extended maintenance phase followed by a placebo discontinuation .,interventions,0,1,0
11839712,Effects of glucagon-like peptide-1 ( 7-36 ) amide on motility and sensation of the proximal stomach in humans .,outcomes,0,6,7
11839712,"BACKGROUND Glucagon-like peptide-1 ( 7-36 ) amide ( GLP-1 ) retards gastric emptying , reduces food intake , and inhibits antroduodenal and stimulates pyloric motility .",interventions,0,9,0
11839712,"AIMS To assess the effects of synthetic GLP-1 on fundus tone and volume waves , gastric compliance , and perception of gastric distension .",outcomes,0,2,11
11839712,SUBJECTS Eleven healthy male volunteers .,participants,3,0,0
11839712,"METHODS Background infusions were saline , or GLP-1 at 0.3 or 0.9 pmol/ kg/min on separate days in random order .",interventions,0,2,0
11839712,Interdigestive fundus motility was recorded by barostat ( maximum capacity of intragastric bag 1200 ml ) during basal and peptide periods of 60 minutes each .,outcomes,0,0,3
11839712,"Thereafter stepwise isobaric distensions were performed with ongoing peptide infusion , and gastric sensation was scored .",outcomes,0,0,2
11839712,"RESULTS Low and high loads of GLP-1 induced physiological and supraphysiological plasma immunoreactivities , respectively .",outcomes,0,1,5
11839712,GLP-1 dose dependently diminished fundus tone ( 162.9 ( 15.0 ) and 259.5 ( 17.2 ) v 121.1 ( 6.0 ) ml with saline ; p < 0.0001 ) .,outcomes,0,1,2
11839712,It greatly reduced volume waves and total volume displaced by these events ( p < 0.0001 ) .,outcomes,0,0,6
11839712,Gastric compliance derived from isobaric distension rose in a dose related manner ( 42.6 ( 5.5 ) and 63.6 ( 7.7 ) v 27.0 ( 3.5 ) ml/mm Hg ; p=0.0004 ) with a concomitant reduction of the pressure at half maximum bag volume ( 6.4 ( 0.4 ) and 5.5 ( 0.4 ) v 7.2 ( 0.1 ) mm Hg ; p < 0.0001 ) .,outcomes,0,0,3
11839712,GLP-1 did not change perception of isobaric distension but reduced the perception score related to corresponding bag volume ( p < 0.0001 ) .,outcomes,0,1,4
11839712,CONCLUSIONS GLP-1 is a candidate physiological inhibitory regulator of fundus motility .,outcomes,0,1,2
11839712,It allows the stomach to afford a larger volume without increase in sensation .,outcomes,0,0,3
11849797,Prophylactic use of amifostine to prevent radiochemotherapy-induced mucositis and xerostomia in head-and-neck cancer .,interventions,0,1,0
11849797,PURPOSE To determine the prophylactic properties of amifostine against acute and late toxicities from radiochemotherapy in patients with head-and-neck cancer .,interventions,0,1,0
11849797,"METHODS AND MATERIALS Fifty patients were randomized to receive conventional radiotherapy ( RT ) ( 2-Gy fractions , 5 days weekly , to a total of 60-74 Gy , depending on the tumor localization and TNM classification ) and carboplatin ( 90 mg/m ( 2 ) infusion once per week before RT ) .",interventions,0,3,0
11849797,Amifostine ( 300 mg/m ( 2 ) ) was administered in the study group only 15-30 min before RT for 6-7.5 weeks .,interventions,0,1,0
11849797,"The primary study end point was the grading of acute and late nonhematologic toxicities ( mucositis , dysphagia , xerostomia ) induced by radiochemotherapy .",outcomes,0,1,10
11849797,"Secondary end points included treatment duration , hematologic toxicity , and clinical outcome .",outcomes,0,0,6
11849797,"RESULTS The treatment duration was significantly shorter in the amifostine-treated group ( p = 0.013 ) , because treatment interruptions were more frequent in the control group .",outcomes,0,0,2
11849797,Acute toxicities ( mucositis and dysphagia ) were less severe in the amifostine-treated group .,outcomes,0,0,4
11849797,"By Week 3 , all in the control group experienced Grade 2 mucositis compared with only 9 % in the amifostine-treated group ( p < 0.0001 ) .",outcomes,0,0,3
11849797,"By Week 5 , 52.2 % of the patients in the control group experienced Grade 4 mucositis compared with 4.5 % in the amifostine-treated group ( p = 0.0006 ) .",none,0,0,0
11849797,Similar results were obtained for dysphagia .,outcomes,0,0,1
11849797,"At 3 months of follow-up , only 27 % of patients in the study group experienced Grade 2 xerostomia compared with 73.9 % in the control group ( p = 0.0001 ) .",outcomes,0,0,3
11849797,"Eighteen months after cessation of therapy , the proportion of patients with Grade 2 xerostomia was 4.5 % vs. 30.4 % for each respective treatment group ( p = 0.047 ) .",outcomes,0,0,7
11849797,"Cytoprotection with amifostine did not affect treatment outcome , with 90.9 % complete responses in the amifostine-treated group compared with 78.3 % in the control group ( p = 0.414 ) .",interventions,0,2,0
11849797,CONCLUSION Amifostine was effective in reducing mucositis and dysphagia resulting from radiochemotherapy in patients with head-and-neck cancer .,interventions,0,1,0
11849797,"Furthermore , amifostine reduced the severity of late xerostomia , a side effect of RT with long-lasting consequences .",interventions,0,1,0
11849797,Amifostine treatment did not affect the clinical outcome .,interventions,0,1,0
11860536,Laparoscopically assisted vaginal hysterectomy versus abdominal hysterectomy in stage I endometrial cancer .,interventions,4,6,0
11860536,The purpose of this study was to evaluate and compare laparoscopic treatment for stage I endometrial cancer with the traditional transabdominal approach .,interventions,4,5,0
11860536,"From July 1996 to July 1998 , 61 patients with clinical stage I endometrial cancer were treated at the Gynaecology Oncology Unit at the Royal North Shore of Sydney , Australia .",participants,5,0,0
11860536,"Twenty-nine patients were treated with laparoscopic assisted vaginal hysterectomy ( LAVH ) and bilateral salpingo-oophrectomy ( BSO ) plus minus laparoscopic pelvic lymphadenectomy ( LPLA ) , while 32 patients were treated with the traditional laparotomy and underwent total abdominal hysterectomy ( TAH ) and BSO plus minus pelvic lymphadenectomy ( PLA ) .",interventions,14,30,0
11860536,"The main outcomes studied were operative time , blood loss , blood transfusion , intraoperative complications , postoperative complications , duration of hospital stay , and number of lymph nodes obtained .",outcomes,0,0,18
11860536,"In conclusion , laparoscopic treatment of endometrial cancer is safe in the hands of experienced operators with minimal intraoperative and postoperative complications .",interventions,0,2,0
11860536,"This procedure is associated with significantly less blood loss and shorter hospitalization ; however , it is associated with significantly longer operating time .",outcomes,0,0,5
11860536,Proper selection of patients for the laparoscopic procedure is the vital step in achieving the major goals of this approach .,interventions,0,2,0
11860915,[ Efficacy and immune memory of plasma-derived hepatitis B vaccine 11 years after primary immunization ] .,participants,9,4,3
11860915,OBJECTIVE To evaluate the long-term efficacy of hepatitis B vaccine 10 years after primary immunization to provide scientific basis for the time of revaccination .,participants,8,3,2
11860915,"METHODS The study was strictly designed with randomization , double-blinding , and placebo-controlled method to observe the efficacy and immune memory 11 years following hepatitis B vaccination .",interventions,0,4,2
11860915,RESULTS Immunogenicity and protective rate of vaccine were still kept well 11 years after immunization with a protective rate against HBV infection of 73.5 % .,outcomes,0,0,8
11860915,"But , there was no significant difference in HBV infection rates between vaccine group and placebo-controlled group ( 7.89 % vs. 13.25 % , P > 0.1 ) nine to 11 years following immunization .",outcomes,0,0,3
11860915,"There still existed immune memory 11 years after immunization , but it was significantly weaker than that within the first 10 years after immunization .",outcomes,0,0,2
11860915,"CONCLUSION The efficacy of the vaccine had begun to drop 11 years after immunization , which should be followed up further to reach a clear conclusion .",outcomes,0,0,1
11863211,Effect of oxolamine on cough sensitivity in COPD patients .,participants,2,1,2
11867842,Effect of delayed cord clamping on iron stores in infants born to anemic mothers : a randomized controlled trial .,participants,6,3,2
11867842,OBJECTIVE To study the effects of cord clamping on iron stores of infants born to anemic mothers at 3 months of age .,none,0,0,0
11867842,DESIGN Randomized controlled trial .,none,0,0,0
11867842,SETTING Teaching hospital .,none,0,0,0
11867842,METHODS Infants born to mothers with hemoglobin ( Hb ) < 100 g/L were randomized at delivery to either immediate cord clamping ( early group ) or cord clamping delayed till descent of placenta into vagina ( delayed group ) .,interventions,0,12,0
11867842,The outcome measures were infant 's hemoglobin and serum ferritin 3 months after delivery .,outcomes,0,0,10
11867842,RESULTS There were 102 neonates randomized to early ( n = 43 ) or delayed cord clamping ( n = 59 ) .,none,0,0,0
11867842,"The groups were comparable for maternal age , parity , weight and supplemental iron intake , infant s birth weight , gestation and sex .",none,0,0,0
11867842,The mean infant ferritin and Hb at 3 months were significantly higher in the delayed clamping group ( 118.4 microg/L and 99 g/L ) than in the early clamping group ( 73 microg/L and 88 g/L ) .,outcomes,0,4,8
11867842,"The mean decrease in Hb ( g/L ) at 3 months adjusted for co-variates was significantly less in the delayed clamping group compared to the early clamping group ( -1.09 , 95 % CI-1.58 to -0.62 , p > 0.001 ) .",interventions,0,4,1
11867842,The odds for anemia ( < 100 g/L ) at 3 months was 7.7 ( 95 % CI 1.84-34.9 ) times higher in the early compared to the delayed clamping group .,interventions,0,2,1
11867842,CONCLUSION Iron stores and Hb in infancy can be improved in neonates born to anemic mothers by delaying cord clamping at birth .,interventions,0,3,3
11876712,"Effectiveness of two quadruple , tetracycline- or clarithromycin-containing , second-line , Helicobacter pylori eradication therapies .",outcomes,0,2,4
11876712,BACKGROUND There are no guidelines on second-line therapies for Helicobacter pylori eradication failures of omeprazole-clarithromycin-amoxicillin triple therapy .,none,0,0,0
11876712,AIM To compare the efficacy of two second-line therapies for persistent H. pylori infection .,none,0,0,0
11876712,"METHODS Over a 6-year period , patients with persistent H. pylori infection following omeprazole-clarithromycin-amoxicillin eradication therapy were randomized to receive omeprazole , 20 mg twice daily , bismuth , 120 mg four times daily , metronidazole , 500 mg twice daily , and either tetracycline , 500 mg four times daily , or clarithromycin , 500 mg twice daily , given for 7 days .",interventions,0,28,0
11876712,"Before therapy , patients underwent endoscopy with biopsies for histology , culture and antibiotic susceptibility tests .",none,0,0,0
11876712,H. pylori infection was confirmed by histology .,none,0,0,0
11876712,"RESULTS Of the 95 randomized patients , 88 ( 93 % ) completed the study .",none,0,0,0
11876712,"Age , sex , smoking , ulcer/non-ulcer dyspepsia ratio and antibiotic resistance were not significantly different between the treatment groups .",none,0,0,0
11876712,"On intention-to-treat analysis , eradication was achieved in 41 of the 49 patients ( 84 % ; 95 % confidence interval , 70.4-92.7 % ) and 27 of the 46 patients ( 59 % ; 95 % confidence interval , 43.3-73.0 % ) of the tetracycline- and clarithromycin-containing groups , respectively ( P=0.007 ) .",outcomes,0,0,1
11876712,"On multivariate regression analysis , the sensitivity of H. pylori to metronidazole had a likelihood ratio of 5.2 ( P=0.022 ) , followed by the type of quadruple therapy ( likelihood ratio , 4.4 ; P=0.036 ) .",outcomes,0,0,3
11876712,CONCLUSIONS Tetracycline-containing quadruple rescue therapy is highly effective in treating H. pylori eradication failures of the omeprazole-amoxicillin-clarithromycin regimen .,interventions,0,4,0
11876893,[ Clinical application of irradiated drug-containing porcine-cornea to patients with ocular burns ] .,participants,2,2,0
11876893,OBJECTIVE To explore a new method for the management of patients with ocular burns .,participants,2,0,0
11876893,METHODS Fifty-five cases of patients with ocular burns ( in 88 eyes ) were randomly divided into treatment and control groups .,participants,4,0,0
11876893,"Thirty cases in treatment group with 49 eyes were transplanted with irradiated drug-containing ( ofloxacin , acetyl cysteine and reduced glutathione ) porcine-cornea .",interventions,1,5,0
11876893,25 cases in control group with 39 eyes were treated with routine program .,none,0,0,0
11876893,RESULTS Thirty-two eyes were rescued in treatment group with the cure rate of 65.3 % .,outcomes,0,0,3
11876893,"But only 17 eyes were saved in control group with the cure rate of 43.59 % , indicating significant difference of the cure rate between the two groups ( P < 0.05 ) .",outcomes,0,0,5
11876893,CONCLUSION Irradiated drug-containing porcine-cornea might well be an ideal therapeutic material for the management of patients with ocular burns .,participants,2,1,0
11877686,"Benefits , morbidity , and mortality associated with long-term administration of oral anticoagulant therapy to patients with peripheral arterial bypass procedures : a prospective randomized study .",participants,7,3,3
11877686,BACKGROUND The benefits of the long-term administration of oral anticoagulant therapy remain unclear in patients with lower extremity arterial bypass surgery .,interventions,0,3,0
11877686,"We studied the effect of warfarin plus aspirin therapy ( WASA ) versus aspirin therapy alone ( ASA ) on patient mortality , morbidity and bypass patency rates in a randomized clinical trial .",interventions,0,13,6
11877686,"METHODS In a multicenter , prospective , nonmasked clinical trial , 831 patients who underwent peripheral arterial bypass surgery were compared in a long-term treatment program of WASA ( target international normalized ratio of 1.4 to 2.8 ; 325 mg/day ) with ASA ( 325 mg/day ) .",interventions,0,2,0
11877686,"The primary end point was bypass patency , and mortality and morbidity were the secondary endpoints .",outcomes,0,0,4
11877686,"RESULTS There were 133 deaths in the WASA group ( 31.8 % ) and 95 deaths in the ASA group ( 23.0 % ; risk ratio , 1.41 ; 95 % confidence interval , 1.09 to 1.84 ; P =.0001 ) .",interventions,0,2,2
11877686,"Major hemorrhagic events occurred more frequently in the WASA group ( WASA , n = 35 ; ASA , n = 15 ; P =.02 ) .",outcomes,0,2,3
11877686,"In the prosthetic bypass group , there was no significant difference in patency rate in the 8-mm bypass subgroup , but there was a significant difference in patency rate in the 6-mm bypass subgroup ( femoral-popliteal ; 71.4 % in the WASA group versus 57.9 % in the ASA group ; P =.02 ) .",outcomes,0,2,4
11877686,"In the vein bypass group , patency rate was unaffected ( 75.3 % in the WASA group versus 74.9 % in the ASA group ) .",outcomes,0,1,2
11877686,CONCLUSION The long-term administration of warfarin therapy when combined with aspirin therapy has only a few selected indications for improvement of bypass patency and is associated with an increased risk of morbidity and mortality .,outcomes,0,2,4
11881749,Comparison of comfort and local complications after cardiac catheterization .,outcomes,2,2,3
11881749,"The purpose of this study was to compare the effects of 4 hours of bed rest versus 6 hours of bed rest on patients ' safety , comfort , and satisfaction levels .",interventions,0,4,4
11881749,"Using a quasi-experimental design , the authors studied 118 left-heart catheterization patients who were randomly assigned to 4 hours or 6 hours of bed rest .",participants,4,2,0
11881749,"Among the study participants , only 1 in the 6-hour group had significant bleeding .",outcomes,0,0,2
11881749,There were no complications in the 4-hour group .,outcomes,0,0,1
11881749,There were no statistically significant differences between the two groups on any of the other study variables .,none,0,0,0
11881749,"Given the lack of significant complications for the 4-hour group and similar comfort levels for both study groups , these findings suggest the feasibility of reducing the standard period of postcatheterization bed rest from 6 hours to 4 hours , thereby possibly lowering the cost of the outpatient procedure .",outcomes,0,0,7
11888754,Amiodarone versus digoxin and metoprolol combination for the prevention of postcoronary bypass atrial fibrillation .,interventions,0,5,4
11888754,OBJECTIVE This prospective randomized study aims at evaluation and comparison of the prophylactic effects of amiodarone versus digoxin and metoprolol combination in postcoronary bypass atrial fibrillation .,interventions,0,5,4
11888754,METHODS A total of 241 consecutive patients undergoing elective coronary artery bypass grafting were randomly allocated into three groups .,participants,6,0,0
11888754,Patients in Group1 ( n=77 ) received metoprolol 100 mg/24 h per oral ( P.O .,interventions,4,6,0
11888754,") , preoperatively , 2x0.5 mg digoxin intravenously on the operating day and digoxin 0.25 mg P.O.+metoprolol 100 mg P.O .",interventions,0,14,0
11888754,on the first postoperative day until discharge .,none,0,0,0
11888754,Patients in Group 2 ( n=72 ) received totally 1200 mg intravenous/24 h amiodarone which the 300 mg - bolus dose/1 h was given as soon as the operation had been finished .,participants,5,1,0
11888754,On the next day patients were administered 450 mg/24 h amiodarone i.v .,interventions,0,1,0
11888754,and 600 mg/day in three doses P.O .,none,0,0,0
11888754,were given until discharge .,none,0,0,0
11888754,Group 3 ( n=92 ) was the control group with no antiarrhythmic prophylaxis .,participants,5,2,0
11888754,RESULTS Preoperative patient characteristics and operative parameters were similar in three groups .,none,0,0,0
11888754,"Atrial fibrillation occurred in 13 patients ( 16.8 % ) in Group 1 , six patients ( 8.3 % ) in Group 2 and 31 patients ( 33.6 % ) in Group 3 .",outcomes,0,0,2
11888754,CONCLUSION Both study groups were effective in the prevention of postcoronary bypass atrial fibrillation with respect to control ( P < 0.01 in Group 1 and P < 0.001 in Group 2 ) .,outcomes,0,0,4
11890175,Supervisor tolerance-responsiveness to substance abuse and workplace prevention training : use of a cognitive mapping tool .,none,0,0,0
11890175,"Supervisor tolerance-responsiveness , referring to the attitudes and behaviors associated with either ignoring or taking proactive steps with troubled employees , was investigated in two studies .",interventions,0,2,0
11890175,"The studies were conducted to help examine , understand and improve supervisor responsiveness to employee substance abuse .",none,0,0,0
11890175,Study 1 examined supervisor response to and tolerance of coworker substance use and ways of interfacing with the Employee Assistance Program ( EAP ) in two workplaces ( n = 244 and 107 ) .,interventions,0,6,0
11890175,These surveys suggested that engaging supervisors in a dialogue about tolerance might improve their willingness to use the EAP .,outcomes,0,0,7
11890175,Study 2 was a randomized control field experiment that assessed a team-oriented training .,none,0,0,0
11890175,This training adopted a cognitive mapping technique to help improve supervisor responsiveness .,none,0,0,0
11890175,Supervisors receiving this training ( n = 29 ) were more likely to improve on several dimensions of responsiveness ( e.g .,outcomes,0,0,4
11890175,"likely to contact the EAP ) than were supervisors who received a more didactic , informational training ( n = 23 ) or a no-training control group ( n = 17 ) .",interventions,0,3,0
11890175,Trained supervisors also showed increases in their own help-seeking behavior .,outcomes,0,0,4
11890175,Procedures and maps from the mapping activity ( two-stage conversational mapping ) are described .,none,0,0,0
11890175,"Overall , results indicate that while supervisor tolerance of coworker substance use inhibits EAP utilization , it may be possible to address this tolerance using team-oriented prevention training in the work-site .",none,0,0,0
11915576,The impact of different doses of medroxyprogesterone acetate on mood symptoms in sequential hormonal therapy .,interventions,0,5,2
11915576,The aim of this study was to compare adverse mood effects of two different doses of medroxyprogesterone acetate ( MPA ) during postmenopausal hormone replacement therapy ( HRT ) in women with and without a history of premenstrual syndrome ( PMS ) .,participants,8,5,2
11915576,The study was designed as a randomized double-blind cross-over study and included 36 postmenopausal women at three health care areas in northern Sweden .,participants,3,0,0
11915576,The women received 2 mg estradiol continuously during five 28-day cycles and 10 mg or 20 mg MPA sequentially for 12 days during each cycle .,interventions,0,3,0
11915576,The main outcome measures were mood and physical symptoms noted on a daily rating scale .,outcomes,0,0,10
11915576,We found that physical symptoms did not differ between 10 and 20 mg MPA .,outcomes,0,0,2
11915576,Both women with a history of PMS and women without responded with more negative mood symptoms with the lower dose of MPA .,outcomes,0,0,2
11915576,In women with previous PMS the higher dose of MPA enhanced positive mood symptoms .,outcomes,0,0,3
11915576,"With respect to mood and physical symptoms , the aim to lower MPA doses in HRT is unwarranted .",outcomes,0,0,4
11916791,The interaction between propofol and clonidine for loss of consciousness .,interventions,0,3,0
11916791,UNLABELLED Clonidine premedication reduces the intraoperative requirement for opioids and volatile anesthetics .,interventions,0,1,0
11916791,Clonidine also reduces the induction dose of IV anesthetics .,interventions,0,1,0
11916791,"There is no information , however , regarding the effect of oral clonidine premedication on the propofol blood concentrations required for loss of consciousness , and the interaction between propofol and clonidine .",interventions,0,6,0
11916791,We randomly administered target effect-site concentrations of propofol ranging from 0.5 to 5 .,interventions,0,1,0
11916791,"0 microg/mL by using computer-assisted target-controlled infusion to 3 groups of healthy male patients : Control ( n = 35 ) , 2.5 microg/kg Clonidine ( n = 36 ) , and 5.0 microg/kg Clonidine ( n = 36 ) groups .",participants,5,3,0
11916791,Nothing was administered to the Control group .,interventions,0,8,0
11916791,Clonidine ( 2.5 or 5.0 microg/kg ) was administered orally 90 min before the induction of anesthesia in the Clonidine groups .,interventions,0,2,0
11916791,"After equilibration between the blood and effect-site for 15 min , a verbal command to open their eyes was given two times to the patients .",none,0,0,0
11916791,Arterial blood samples for analysis of the serum propofol and clonidine concentrations were taken immediately before verbal commands were given .,interventions,0,3,3
11916791,Measured serum propofol concentrations in equilibrium with the effect-site at which 50 % of the patients did not respond to verbal commands ( EC50 for loss of consciousness ) were determined by logistic regression .,outcomes,0,1,5
11916791,"The EC50 +/- SE values in the Control , 2.5 microg/kg Clonidine , and 5.0 microg/kg Clonidine groups were 2.67 +/- 0.18 , 1.31 +/- 0.12 , and 0.91 +/- 0.13 microg/mL , respectively .",interventions,0,2,1
11916791,The EC50 in the 2.5 and 5.0 microg/kg clonidine groups was significantly smaller than that in the Control group ( P < 0.001 ) .,outcomes,0,0,1
11916791,The use of a response surface modeling analysis indicated that there was an additive interaction between measured arterial propofol and clonidine concentrations in relation to loss of consciousness .,outcomes,0,3,5
11916791,These results indicate that propofol and clonidine act additively for loss of consciousness .,outcomes,0,0,3
11916791,IMPLICATIONS Oral clonidine 2.5 and 5.0 microg/kg premedication decreases the propofol concentration required for loss of consciousness .,interventions,0,2,0
11918753,Effects of enalapril and eprosartan on the renal vascular nitric oxide system in human essential hypertension .,participants,4,2,0
11918753,BACKGROUND Experimental data in humans on the contribution of angiotensin-converting enzyme inhibitors and angiotensin II type 1 receptor blockers to the nitric oxide system of the renal vasculature are inconsistent .,none,0,0,0
11918753,"Enalapril and eprosartan , alone and in combination , were used to determine their short-term effects on the renal nitric oxide system and renal hemodynamics of human subjects with essential hypertension .",participants,6,2,1
11918753,"METHODS Twenty male , white patients ( 27 +/- 1 years ) with mild essential hypertension ( 143 +/- 11/95 +/- 6 mm Hg ) were included in a double-blind , randomized , placebo-controlled , fourfold cross-over study with placebo , enalapril ( 20 mg/day ) , eprosartan ( 600 mg/day ) , or combination of both drugs ( 10 and 300 mg/day , respectively ) each over a one week period followed by a two-week washout phase .",interventions,0,16,0
11918753,After each study phase the glomerular filtration rate ( GFR ) and renal plasma flow ( RPF ) were determined .,outcomes,0,0,13
11918753,Basal nitric oxide synthesis of the renal vasculature was assessed by the decrease in RPF after inhibition of nitric oxide synthase with NG-monomethyl-L-arginine ( L-NMMA ; 4.25 mg/kg ) .,outcomes,0,0,3
11918753,"RESULTS After one week of therapy , the combination therapy decreased casual blood pressure by 5 +/- 2/3 +/- 1 mm Hg versus placebo ( P < 0.01 ) .",outcomes,0,2,3
11918753,"Neither enalapril alone ( -2 +/- 2/1 +/- 2 mm Hg , NS vs. placebo ) nor eprosartan alone ( -1 +/- 1/0 +/- 2 mm Hg , NS vs. placebo ) had a clear-cut significant effect on casual blood pressure .",outcomes,0,0,3
11918753,"In the combination phase , RPF increased by 123 +/- 36 mL/min ( P < 0.01 ) .",outcomes,0,0,1
11918753,"Neither enalapril alone ( +59 +/- 46 mL/min , P = 0.21 ) nor eprosartan alone ( +113 +/- 51 mL/min , P = 0.06 ) had a clear-cut significant effect on RPF .",interventions,0,2,1
11918753,"Changes of RPF induced by treatment correlated with the L-NMMA induced decrease in RPF in the combination ( r = 0.70 , P < 0.01 ) and eprosartan phase ( r = 0.86 , P < 0.001 ) , but not in the enalapril phase ( r = -0.44 , P = 0.10 ) .",outcomes,0,0,1
11918753,Renal vascular resistance was reduced by each active treatment with the most prominent reduction in the combination phase .,outcomes,0,0,3
11918753,GFR was unaffected by any treatment .,outcomes,0,0,1
11918753,"CONCLUSIONS In contrast to the effects of either substance alone , a combination of half the dose of eprosartan with half the dose of enalapril had a prominent effect on renal perfusion .",interventions,0,2,2
11918753,"The effects of eprosartan on RPF are mediated , at least in part , by an increased bioavailability of nitric oxide in the renal vasculature .",outcomes,0,1,4
11920488,The specific role of isoflavones on estrogen metabolism in premenopausal women .,participants,4,1,0
11920488,"BACKGROUND There is increasing evidence that dietary factors may play a role in the production , metabolism , and bioavailability of sex hormones and their impact on target tissues .",none,0,0,0
11920488,The specific objective of this study was to evaluate the effectiveness of supplementing a group of premenopausal women who were free of breast carcinoma with a dietary supplement of isoflavones ( 40 mg per day ) in producing a change in steroid hormones and menstrual cycle length .,participants,1,1,0
11920488,"METHODS Sixty-eight consecutively recruited , premenopausal , omnivorous women of all races and ethnicities between the ages of 25 years and 55 years were admitted to the study and randomized to an experimental group supplemented with soy ( 40 mg genistein per day ) or to a control group that consumed a placebo for a 12-week period .",participants,5,4,0
11920488,"Changes in their anthropometric , nutritional , and hormonal biomarkers from early follicular phase were analyzed at baseline and post-intervention .",outcomes,0,0,4
11920488,RESULTS Serum-free estradiol and estrone levels decreased moderately in the experimental group .,outcomes,0,0,4
11920488,Serum hormone-binding globulin levels increased in 41.4 % of women in the experimental group compared with 37.5 % of women in the placebo group .,outcomes,0,1,4
11920488,Free estradiol decreased in 53.85 % of women in the experimental group compared with 37.5 % of women in the placebo group .,outcomes,0,1,2
11920488,Estrone decreased in 55.56 % of women in the experimental group compared with 42.86 % in the placebo group .,interventions,0,1,0
11920488,Those women in the experimental group who were consuming soy had their mean menstrual cycle length increased by 3.52 days compared with a mean decrease of 0.06 days for women in the placebo group ( P = 0.04 ) from baseline to the third menstrual cycle .,outcomes,0,2,4
11920488,"In addition , women who were taking soy had their mean follicular phase increase by 1.46 days compared with a mean increase of 0.14 days for women who were taking the placebo ( P = 0.08 ) .",outcomes,0,2,4
11920488,"CONCLUSIONS These data suggest that increased isoflavone intake affects estrogen metabolism by altering the steroid hormone concentrations and menstrual cycle length , thereby demonstrating a potential to reduce the risk for breast carcinoma .",interventions,0,1,0
11922398,"Parenteral troxerutin and carbazochrome combination in the treatment of post-hemorrhoidectomy status : a randomized , double-blind , placebo-controlled , phase IV study .",interventions,0,4,0
11922398,"Flavonoids , such as troxerutin , have been shown to be safe and effective agents for the treatment of chronic venous insufficiency .",interventions,0,1,0
11922398,The fixed combination between troxerutin 150 mg and carbazochrome 1.5 mg ( Fleboside ampoules ) was previously shown to have a good efficacy and safety profile in non-surgical patients with acute uncomplicated hemorrhoids .,participants,3,2,0
11922398,"The purpose of this randomized , double-blind , placebo-controlled study was to investigate the efficacy and tolerability of the active combination in the treatment of post-hemorrhoidectomy patients .",participants,1,0,0
11922398,"30 patients were randomized to receive one of two treatments : troxerutin 150 mg and carbazochrome 1.5 mg , or placebo , i.m .",interventions,1,8,0
11922398,"3 ml ampoules twice a day for five consecutive days after the surgical procedure , starting from the day of surgery .",none,0,0,0
11922398,"Efficacy parameters were assessed as follows : at baseline ( T1 ) , after the first administration ( T2 ; day of surgery ) , the second day after the surgical procedure ( T3 ) , and the fifth day after the surgical procedure ( T4 ) ; hemorrhoidal symptoms based on a visual analogue scale ( VAS ) : pain , discharge , bleeding , inflammation , and pruritus ; analgesic intake , if any ; time to restore a physiological defecation ; edema evaluation ( based on a four-point scale : 0 = absent ; 1 = mild ; 2 = moderate ; 3 = severe ) ; camera pictures taken at T1 and T4 ( in selected patients ) ; and blood coagulation tests .",outcomes,0,0,39
11922398,"Analysis between treatment groups revealed a highly significant difference at T3 and T4 for the total VAS score ( p = 0.007 and p = 0.001 , respectively ) in favor of the active combination treatment .",outcomes,0,0,5
11922398,A statistically significant difference was also observed for bleeding and pruritus at T3 and for these two parameters and both inflammation and edema at T4 ( p < 0.001 ) in favor of the active combination group .,outcomes,0,0,4
11922398,No adverse events were reported .,outcomes,0,0,3
11922398,Neither the active combination nor placebo affected blood coagulation tests .,outcomes,0,0,2
11922398,"We conclude that intramuscular administration of the fixed combination of troxerutin 150 mg and carbazochrome 1.5 mg is effective , well tolerated and superior to placebo in improving hemorrhoidal and post-surgical symptoms during the five days following surgery .",interventions,0,5,0
11931782,Safety of intravitreous fomivirsen for treatment of cytomegalovirus retinitis in patients with AIDS .,participants,7,1,0
11931782,PURPOSE To report data regarding the safety of intravitreous fomivirsen for treatment of cytomegalovirus ( CMV ) retinitis in patients with acquired immunodeficiency syndrome ( AIDS ) .,interventions,0,1,0
11931782,DESIGN Critical review of safety data from three randomized controlled clinical trials with supplemental information from an expanded drug access program .,none,0,0,0
11931782,METHODS Adverse ocular events reported by clinician investigators were listed using terms modified from the COSTART dictionary .,none,0,0,0
11931782,"Data for two doses ( 165-microg/injection [ 35 eyes , 30 patients ] and 330-microg/injection [ 153 eyes , 120 patients ] ) and two 330-microg/injection dose schedules of different intensity were pooled to calculate incidence rates for each event .",participants,2,0,0
11931782,"Rates were calculated as "" events/patient-year "" ( based on total cumulative reported events and duration of treatment ) for events that could recur during treatment .",none,0,0,0
11931782,"Rates were calculated as "" patients with events/person-year "" for the following events : retinal detachment , cataract , visual field disturbance , and retinal pigment epitheliopathy .",none,0,0,0
11931782,"To assess the ability to manage events , we reviewed treatments given for two events ( anterior chamber inflammation , increased intraocular pressure ) in one trial .",none,0,0,0
11931782,We also report an analysis comparing the proportion of eyes that developed one or more key events to the cumulative number of injections .,none,0,0,0
11931782,"RESULTS Incidence rates were dose and schedule dependent ( 165 microg/injection , 4.06 events/patient-year ; 330 microg/injection , 6.58 events/patient-year [ less intense regimen ] and 8.35 events/patient-year [ more intense regimen ] ) .",none,0,0,0
11931782,The most frequently reported events were anterior chamber inflammation and increased intraocular pressure .,outcomes,0,0,6
11931782,We found no evidence that the proportion of patients with events increased as the number of injections increased .,outcomes,0,0,10
11931782,CONCLUSIONS Intravitreous fomivirsen is well tolerated with an acceptable safety profile .,outcomes,0,0,8
11931782,Adverse ocular events associated with doses and schedules used clinically can be managed successfully with medical therapy .,outcomes,0,0,3
11932879,Step-down approach using either cyclosporin A or methotrexate as maintenance therapy in early rheumatoid arthritis .,participants,3,3,0
11932879,"OBJECTIVE To evaluate the feasibility and outcome of the step-down approach using either cyclosporin A ( CSA ) or methotrexate ( MTX ) as maintenance therapy following 6 months treatment with these 2 agents in combination in early , nonerosive rheumatoid arthritis ( RA ) .",interventions,0,9,3
11932879,"METHODS Fifty-seven patients younger than 65 years with early , nonerosive RA were first treated with CSA and MTX in combination for 6 months .",interventions,2,4,0
11932879,They were then randomly stepped down to single-agent maintenance treatment for another 18 months .,interventions,0,1,0
11932879,"Safety , clinical efficacy , survival on treatment , and radiographic progression were evaluated .",outcomes,0,0,9
11932879,"RESULTS When being treated with combination therapy , 7 of the 57 patients ( 12.3 % ) withdrew because of adverse events .",participants,5,0,2
11932879,"Of the remaining 50 patients , 42 ( 84.0 % ) were American College of Rheumatology ( ACR ) 20 % responders , 30 ( 60.0 % ) were ACR 50 % responders , and 23 ( 46.0 % ) were ACR 70 % responders .",none,0,0,0
11932879,"At month 6 , 22 patients were randomized to CSA and 27 to MTX .",interventions,0,2,0
11932879,"During this trial period , the treatment was discontinued by 16 patients taking CSA ( mainly because of loss of efficacy ) and by 4 taking MTX .",interventions,0,2,1
11932879,"At month 24 , the probability ( +/- SEM ) of survival on treatment was 0.273 +/- 0.09 for CSA and 0.852 +/- 0.07 for MTX .",interventions,0,2,1
11932879,"Of the 6 CSA patients who completed the trial , 4 ( 66.7 % ) were ACR 20 % responders , and 3 ( 50 % ) were both ACR 50 % and ACR 70 % responders .",none,0,0,0
11932879,"Of the 23 completers in the MTX arm , 21 ( 91.3 % ) were ACR 20 % responders , 18 ( 78.3 % ) were ACR 50 % , and 10 ( 43.5 % ) were ACR 70 % responders .",interventions,0,1,0
11932879,The treatment was not responsible for severe adverse events .,outcomes,0,0,2
11932879,Radiography showed a slow progression in the damage score and number of eroded joints in both treatment groups .,outcomes,0,0,7
11932879,CONCLUSION Stepping down to single agent maintenance therapy following 6 months of combination treatment with CSA and MTX in early RA was only successful with MTX .,interventions,0,3,0
11932879,"Because this treatment did not prevent some radiographic progression , other approaches ( e.g. , step-up approach ) may be more appropriate in early RA .",participants,2,0,2
11932900,Detection of recurrent or persistent nasopharyngeal carcinomas after radiotherapy with technetium-99m methoxyisobutylisonitrile single photon emission computed tomography and computed tomography : comparison with 18-fluoro-2-deoxyglucose positron emission tomography .,interventions,7,16,5
11932900,BACKGROUND The diagnostic accuracy of technetium-99m methoxyisobutylisonitrile ( Tc-MIBI ) single photon emission computed tomography ( SPECT ) and computed tomography ( CT ) of the head and neck for differentiating recurrent or residual nasopharyngeal carcinomas ( NPC ) from benign lesions after radiotherapy was compared with positron emission tomography ( PET ) with 18-fluoro-2-deoxyglucose ( FDG ) .,interventions,1,30,0
11932900,"METHODS Thirty six NPC patients underwent head and neck CT , Tc-MIBI SPECT , and FDG-PET four months after radiotherapy to differentiate recurrent or residual NPC from benign lesions .",interventions,2,4,0
11932900,Histopathologic examinations of nasopharyngeal biopsies were performed for all 36 patients .,none,0,0,0
11932900,No patients had multiple foci of NPC .,none,0,0,0
11932900,"RESULTS Based on biopsy results , the sensitivity , specificity , and accuracy of CT for differentiating recurrent or residual NPC from benign lesions were 73 % , 88 % , and 83 % , respectively .",outcomes,0,1,9
11932900,"The sensitivity , specificity , and accuracy of Tc-MIBI SPECT were 73 % , 96 % , and 89 % , respectively .",outcomes,0,2,9
11932900,"The sensitivity , specificity , and accuracy of FDG-PET were 100 % , 96 % , and 97 % , respectively .",outcomes,0,1,8
11932900,"Combination CT and Tc-MIBI SPECT for 28 NPC patients with congruent results showed the same sensitivity , specificity , and accuracy of 100 % , 96 % , and 96 % , respectively , as FDG-PET for differentiating recurrent or residual NPC from benign lesions .",outcomes,0,1,6
11932900,"In eight patients with incongruent results between CT and Tc-MIBI SPECT , FDG-PET correctly differentiated two benign lesions and six recurrent or residual NPCs .",none,0,0,0
11932900,"CONCLUSIONS In detecting recurrent or residual NPC , FDG-PET is the best tool .",outcomes,0,1,4
11932900,"However , combined use of CT and Tc-MIBI SPECT can result in the same accuracy as FDG-PET .",interventions,0,4,1
11943119,A role for error training in surgical technical skill instruction and evaluation .,interventions,0,9,0
11943119,"BACKGROUND During the evaluation of many instances of the same basic surgical skill , we observed that there were several errors that occurred frequently .",none,0,0,0
11943119,Two studies were undertaken to examine the use of these errors for improving the instruction and evaluation of the skill .,none,0,0,0
11943119,"MATERIALS AND METHODS For both studies , two types of rater training videotapes were developed .",interventions,0,6,0
11943119,One involved the use of examples of common errors ( error ) and the other demonstrated the skill being performed correctly ( correct ) .,interventions,0,14,0
11943119,A testing videotape was created consisting of 24 performances of the skill that ranged in quality of the performance .,none,0,0,0
11943119,The first study was designed to assess the impact of error instruction on skill acquisition .,outcomes,0,2,3
11943119,"In this study , a group of 30 senior medical students were randomly assigned to one of four different training groups : none , error only , correct only , and error+correct .",interventions,0,11,0
11943119,Subjects were videotaped performing the skill before and after the training and three experts evaluated these performances independently using a 7-point rating scale .,outcomes,0,0,1
11943119,The second study was designed to assess the impact of error training on skill evaluation and was done using both novice and expert raters .,interventions,0,2,0
11943119,The same group of 30 senior medical students used in the first study was used as novice raters .,none,0,0,0
11943119,"Following training in one of the four training groups , each subject rated the 24 performances on the testing videotape and interrater reliability was assessed for each group .",interventions,0,5,0
11943119,Surgical faculty served as expert raters in this study and were randomly assigned to receive either error training or no training .,interventions,0,5,0
11943119,"Each subject viewed the testing videotape , rating the performances and giving "" feedback "" commentary .",none,0,0,0
11943119,Interrater reliability was calculated for the two groups and the precision of the feedback was assessed .,outcomes,0,0,2
11943119,"RESULTS Significant improvement in posttest performance scores was seen only in the "" error+correct "" training group .",interventions,0,3,3
11943119,"Interrater reliability was somewhat lower for the "" correct only "" and "" error only "" training groups in both the student and faculty studies .",outcomes,0,0,2
11943119,Faculty raters receiving error training had a higher proportion of specific comments than the group that received no training although this difference was not statistically significant .,none,0,0,0
11943119,"CONCLUSIONS Instruction about common errors , when combined with instruction about the correct performance enhanced the acquisition of this surgical skill .",none,0,0,0
11943119,This suggests a role for the use of errors in surgical technical skill instruction .,interventions,0,5,0
11943119,Our study provides no support for a role for error training in improving skill evaluation .,none,0,0,0
11948051,Regional ischemic preconditioning enhances myocardial performance in off-pump coronary artery bypass grafting .,interventions,0,3,1
11948051,OBJECTIVES We intended to investigate whether ischemic preconditioning ( IP ) enhances myocardial performance in patients who undergo off-pump coronary artery bypass grafting ( CABG ) .,outcomes,0,0,1
11948051,"DESIGN A controlled , randomized , prospective study .",none,0,0,0
11948051,SETTING A university hospital .,none,0,0,0
11948051,PATIENTS Thirty-two patients with left anterior descending coronary artery ( LAD ) or two-vessel heart disease ( including LAD ) who were to undergo off-pump CABG were randomized into an IP group and a control group .,none,0,0,0
11948051,INTERVENTIONS IP was induced by occluding the LAD twice for a 2-min period followed by 3-min LAD reperfusion before bypass grafting of the first coronary vessel .,interventions,0,22,0
11948051,"MEASUREMENTS AND RESULTS Registration included hemodynamic data from the peripheral artery and the pulmonary artery , and the measurement of cardiac troponin I ( CTnI ) and creatine kinase isoenzyme MB ( CK-MB ) values .",outcomes,0,0,14
11948051,IP resulted in a complete recovery of the mean stroke volume index ( SVI ) after the operation .,outcomes,0,0,10
11948051,"In the control subjects , the mean SVI showed a significant reduction postoperatively ( p = 0.039 ) .",outcomes,0,0,2
11948051,"On the first postoperative day , the increase in the mean heart rate ( HR ) was also significantly lower in the IP patients .",outcomes,0,0,6
11948051,"The CTnI level was statistically significantly lower in the IP group ( p = 0.043 ) , and IP patients tended to have a smaller CK-MB release after surgery ( not significant ) .",outcomes,0,0,4
11948051,"The duration of mechanical ventilation , the length of stay in the ICU , and the use of inotropic medication did not increase after the IP protocol .",outcomes,0,0,13
11948051,"CONCLUSIONS Two cycles of regional 2-min IP in the LAD , followed by 3 min of reperfusion , proved to be applicable and safe in patients undergoing off-pump myocardial revascularization , it tended to decrease the immediate myocardial enzyme release , it prohibited the postoperative increase in HR , and it enhanced the recovery of SVI .",outcomes,0,0,4
11956614,Endometrial cytodiagnosis using a new softcyte versus a conventional endocyte .,interventions,0,2,0
11956614,"A new endometrial cytologic sampling device , softcyte , was used in cytological screening for endometrial cancer , and was compared with the endocyte with regard to manipulability , adverse effects ( including pain and hemorrhage ) , and cellular findings ( including the quantity of cells collected , the success rate , cell freshness , and cellular clumping ) .",interventions,0,1,0
11956614,"A total of 315 women ( premenopause 251 , postmenopause 64 ) were randomly assigned to two groups who underwent the endometrial cytological screening with either the softcyte or the endocyte .",interventions,4,5,0
11956614,To assess the value of the softcyte we compared it with the endocyte .,interventions,0,2,0
11956614,"Endometrial cytology using a softcyte or an endocyte achieved high correct diagnosis rate for cancer , and both instruments are valuable as endometrial cytologic sample devices .",outcomes,0,2,5
11956614,"The softcyte causes only mild pain on introduction and during collection , and a large quantity of cells could be harvested .",outcomes,0,0,10
11956614,These results suggest that the softcyte is a useful cytologic sampling device in screening for endometrial cancer .,none,0,0,0
11957440,[ One-year effect of health counseling on life style and risk factors of heart disease ] .,interventions,0,2,0
11957440,"INTRODUCTION We examined the need for counselling and the effect on willingness and ability to change life-style , and subsequent changes in risk factors for CHD .",outcomes,0,0,8
11957440,"MATERIAL AND METHODS All 152 male employees in a computer company , 25-45 years of age , were invited to participate in a controlled intervention study over one year .",participants,11,0,0
11957440,The subjects were randomised to an intervention group ( I group ) and a control group .,interventions,0,5,0
11957440,The I group was divided into subgroups based on baseline behaviour and risk factor status .,none,0,0,0
11957440,Changes were evaluated after one year .,none,0,0,0
11957440,"After an initial health examination , participants in the I group were counselled at baseline and at 5 months .",interventions,0,1,0
11957440,RESULTS Eighty-five ( 56 % ) men participated .,participants,2,0,0
11957440,Twenty-nine were assigned to a control group and 56 to an intervention group ( I group ) ( dropouts = 8 ) .,none,0,0,0
11957440,"An exercise group ( E group ) was advised to take up aerobics exercise three times/week , a diet group to reduce the intake of saturated fat and increase fish products , and smokers to stop smoking .",interventions,0,19,0
11957440,Forty were recommended one or more behavioural changes and eight had no need .,interventions,0,5,0
11957440,Thirty-four were willing to make behavioural changes .,none,0,0,0
11957440,"Compared to the control group , the fitness level increased ( p < 0.01 ) and body weight decreased in the I group ( p < 0.05 ) .",outcomes,0,0,4
11957440,DISCUSSION Individual counselling promotes regular exercise with subsequent improvements in CHD risk factors .,outcomes,0,2,3
11957440,The diet and smoking counselling models were less successful in terms of compliance .,interventions,0,5,0
11961446,Short-term intravenous antibiotic treatment of acute hematogenous bone and joint infection in children : a prospective randomized trial .,participants,9,4,0
11961446,"Thirty-three cases of acute hematogenous bone or joint infection in children were randomly treated with short-term ( 7 days for joint infection , 10 days for bone infection ) or long-term ( 14 days and 21 days , respectively ) intravenous antibiotics after surgical drainage .",interventions,1,6,0
11961446,"The treatment outcome was measured through a detailed scoring system that included the ability to eradicate infection , the functional status of the limb , and the radiographic appearance of the bone and joint .",outcomes,0,0,16
11961446,"The results were similar in both groups , showing the added benefit of a shorter hospital stay for children with blood-borne musculoskeletal infection .",participants,2,0,0
11961446,The use of this scoring system in choosing the route of antibiotic administration is recommended .,interventions,0,1,0
11965204,"Diet and tobacco use : analysis of data from the diabetic control and complications trial , a randomized study .",interventions,0,1,0
11965204,CONTEXT The Diabetic Control and Complications Trial ( DCCT ) researchers kept careful records of the food consumption and tobacco using habits of type 1 diabetic subjects .,participants,3,0,0
11965204,"However , they did not report the relationship of tobacco using habits with dietary intake .",outcomes,0,0,5
11965204,OBJECTIVE Analyze the relationship between tobacco smoking and intake of macro and micronutrients .,outcomes,0,5,10
11965204,DESIGN Randomized controlled trial .,none,0,0,0
11965204,SETTING Referral clinics in 27 academic centers .,none,0,0,0
11965204,PATIENTS Type 1 diabetics .,participants,1,0,0
11965204,"INTERVENTION Using the data sets of the DCCT , this study analyzed the strengths of the associations between smoking and macronutrient consumption , hemoglobin A1c ( HbA1c ) , body mass index ( BMI ) , and serum lipid levels at the study baseline , 2 years , and 4 years .",interventions,0,7,5
11965204,"MAIN OUTCOME MEASURES Statistically significant correlations between smoking and nutrient intake , HbA1c , and serum lipid levels .",outcomes,0,0,2
11965204,"RESULTS Cigarette , cigar , or pipe use at each time interval correlated with significantly increased caloric intake in males but not in females .",outcomes,0,0,9
11965204,"In both males and females , tobacco users consumed more fat , cholesterol , and alcohol .",outcomes,2,0,10
11965204,Female smokers had higher serum low-density lipoprotein ( LDL ) /high-density lipoprotein ( HDL ) ratios and triglycerides .,none,0,0,0
11965204,"Serum cholesterols , LDL/HDL ratios , LDL cholesterols , and triglyceride determinations in male tobacco users significantly exceeded those in nonsmoking males .",outcomes,0,0,8
11965204,HDL cholesterols were lower in both female and male tobacco users .,outcomes,0,0,2
11965204,Nutrient intake of former tobacco users resembled that of nonusers rather than current users .,outcomes,0,0,2
11965204,"CONCLUSIONS A significant association exists between smoking and a diet with higher risks of atherosclerosis , cancer , and other degenerative diseases .",outcomes,0,0,13
11965204,"The strong association of tobacco with heart disease , stroke , vasculopathies , and various malignancies may be in part due to its association with a higher fat diet .",none,0,0,0
11965204,The higher fat diet of tobacco users probably accounts in part for their higher risk of developing type 2 diabetes and hyperlipidemia .,none,0,0,0
11965204,Tobacco users should be informed about the diet and tobacco use association .,outcomes,0,0,3
11978262,Oat ingestion reduces systolic and diastolic blood pressure in patients with mild or borderline hypertension : a pilot trial .,participants,7,2,0
11978262,OBJECTIVES We assessed the short-term antihypertensive effects of soluble fiber-rich whole oat cereals when added to a standard American diet .,interventions,0,5,0
11978262,"In addition , multiple assessments of insulin sensitivity were conducted .",none,0,0,0
11978262,"STUDY DESIGN This was a randomized , controlled , parallel-group pilot study designed to compare an oat cereal group ( standardized to 5.52 g/day beta-glucan ) to a low-fiber cereal control group ( less than 1.0 g/day total fiber ) over 6 weeks .",interventions,0,23,0
11978262,POPULATION A total of 18 hypertensive and hyperinsulinemic ( = 10 U/mL or more ) men and women completed the trial .,none,0,0,0
11978262,OUTCOMES MEASURED Primary study outcomes were changes in systolic blood pressure ( SBP ) and diastolic blood pressure ( DBP ) .,outcomes,0,0,12
11978262,"Secondary outcomes included blood lipid , fasting glucose , and insulin levels and side effects related to elevated blood pressure and increased dietary fiber intake .",outcomes,0,0,18
11978262,"RESULTS The oat cereal group experienced a 7.5 mm Hg reduction in SBP ( P & lt.01 ) and a 5.5 mm Hg reduction in DBP ( P & lt.02 ) , while there was virtually no change in either SBP or DBP in the control group .",outcomes,0,0,2
11978262,"In the oat cereal group , a trend was observed for a lower total insulin response to a glucose load , suggesting improved insulin sensitivity .",outcomes,0,0,3
11978262,"However , this could not be confirmed using estimates from the Bergman Minimal Model , perhaps because of our small sample size .",none,0,0,0
11978262,The oats group experienced a significant reduction in both total cholesterol ( 9 % ) and low-density lipoprotein cholesterol ( 14 % ) .,outcomes,0,0,5
11978262,CONCLUSIONS The addition of oat cereals to the normal diet of patients with hypertension significantly reduces both SBP and DBP .,interventions,0,2,2
11978262,Soluble fiber-rich whole oats may be an effective dietary therapy in the prevention and adjunct treatment of hypertension .,interventions,0,4,0
11978277,Prolonged GnRH agonist and add-back therapy for symptomatic endometriosis : long-term follow-up .,interventions,2,5,2
11978277,"OBJECTIVE To assess post-treatment effects in endometriosis patients of a 12-month course of GnRH agonist alone or with one of three "" add-back "" regimens .",interventions,1,6,0
11978277,"METHODS This is a post-treatment follow-up analysis of a randomized , double-masked , placebo-controlled 52-week trial .",interventions,0,1,0
11978277,"All patients had received monthly leuprolide acetate and were randomized to one of four groups : A-daily placebo ; B-daily norethindrone acetate 5 mg ; C-daily norethindrone acetate 5 mg and conjugated equine estrogens 0.625 mg ; and D-daily norethindrone acetate 5 mg and conjugated equine estrogens 1.25 mg. Of 201 patients enrolled in the initial trial , 123 completed at least 280 days of therapy and entered the follow-up period .",interventions,2,16,0
11978277,"Physical findings and symptoms were quantified , and lumbar spine bone mineral density was determined at intervals for up to 12 and 24 months post-therapy .",outcomes,0,0,5
11978277,RESULTS Symptom and pelvic examination scores remained significantly below baseline for at least 8 months after completion of therapy for all four groups ( P < .05 ) .,outcomes,0,0,5
11978277,Findings were not affected by endometriosis scores noted on screening laparoscopy .,outcomes,0,0,2
11978277,Mean bone mineral density values remained at or above baseline in all add-back groups .,outcomes,0,0,5
11978277,The significant mean loss in bone density in group A during therapy reversed slowly and had not returned to baseline at the final follow-up visit ( P < .001 ) .,outcomes,0,0,4
11978277,CONCLUSION GnRH agonist and norethindrone acetate alone or combined with low-dose conjugated equine estrogens administered to symptomatic endometriosis patients for 12 months provides extended pain relief and bone mineral density preservation after completion of therapy .,interventions,2,9,5
11981066,Effect of cerivastatin on proteinuria and urinary podocytes in patients with chronic glomerulonephritis .,participants,3,1,0
11981066,BACKGROUND We previously reported urinary podocytes to be a marker of glomerular injury .,none,0,0,0
11981066,"The aim of the present study was to determine whether cerivastatin , a newly developed , potent synthetic statin , affects proteinuria and urinary podocyte excretion in patients with chronic glomerulonephritis ( CGN ) .",participants,5,1,0
11981066,METHODS We randomly assigned 40 normotensive hypercholesterolemic patients with CGN to receive either cerivastatin 0.15 mg/day ( n=20 ) or placebo ( n=20 ) .,participants,3,2,0
11981066,"Subjects comprised 24 men and 16 women , with a mean age of 40.8+/-14.4 years ; 27 had IgA nephropathy and 13 had non-IgA proliferative glomerulonephritis .",participants,12,0,0
11981066,Treatment was continued for 6 months .,none,0,0,0
11981066,"Plasma total cholesterol , HDL-cholesterol , LDL-cholesterol and triglycerides , urinary protein excretion and the number of podocytes were measured before treatment and at 3 and 6 months after treatment .",outcomes,0,0,13
11981066,"RESULTS After 6 months , a significant reduction in total cholesterol ( P < 0.001 ) , LDL-cholesterol ( P < 0.001 ) and triglycerides ( P < 0.05 ) , and a significant increase in HDL-cholesterol ( P < 0.001 ) were observed in the group treated with cerivastatin .",outcomes,0,1,7
11981066,"Urinary protein excretion decreased from 1.8+/-0.6 to 0.8+/-0.4 g/day , ( P < 0.01 ) in this group , and urinary podocyte excretion decreased from 1.6+/-0.6 to 0.9+/-0.4 cells/ml ( P < 0.01 ) .",outcomes,0,0,6
11981066,"However , placebo showed little effect on these lipid levels , urinary protein excretion and urinary podocyte excretion .",outcomes,0,1,8
11981066,"The differences between the cerivastatin group and the placebo group were significant ( cholesterol , P < 0.001 ; LDL-cholesterol , P < 0.001 ; triglycerides , P < 0.05 ; HDL-cholesterol , P < 0.001 ; urinary protein , P < 0.01 ; and urinary podocytes , P < 0.01 ) .",outcomes,0,0,7
11981066,CONCLUSION Statins such as cerivastatin may be beneficial for restoration of injured podocytes in patients with CGN and hypercholesterolaemia .,participants,2,0,0
11981150,Effects of clonidine on postoperative nausea and vomiting in breast cancer surgery .,participants,4,1,0
11981150,"BACKGROUND Postoperative nausea and vomiting ( PONV ) is still common , especially among female patients .",none,0,0,0
11981150,Our hypothesis is that coinduction with clonidine reduces the incidence of PONV in adult patients undergoing breast cancer surgery .,interventions,0,1,0
11981150,"METHODS Sixty-eight women premedicated with midazolam were randomly allocated to coinduction with intravenous clonidine ( group C ) or placebo ( group P ) in this prospective , double-blind study .",interventions,0,2,0
11981150,"Anesthesia was standardized ( laryngeal mask airway , fentanyl , propofol , sevoflurane , nitrous oxide , and oxygen ) .",interventions,0,11,0
11981150,"Hemodynamic parameters and the requirements for propofol , sevoflurane , and the postoperative need for ketobemidone were noted .",none,0,0,0
11981150,The primary endpoints studied were the number of PONV-free patients and patient satisfaction with respect to PONV .,outcomes,0,0,10
11981150,RESULTS Patients in group C had a significantly reduced need for propofol ( P < 0.04 ) and sevoflurane ( P < 0.01 ) and a reduced early need for ketobemidone ( P < 0.04 ) .,outcomes,0,0,8
11981150,"There were significantly more PONV-free patients in group C compared with group P ( 20 and 11 of 30 , respectively ; P < 0.04 ) .",outcomes,0,0,2
11981150,"The number needed to treat was 3.3 ( 95 % confidence interval , 1.8 , 16.9 ) .",none,0,0,0
11981150,"Intraoperative blood pressure , postoperative heart rate , and postoperative blood pressure were all significantly lower in group C compared with group P , but were not considered to be of clinical importance .",outcomes,0,0,12
11981150,No negative side effects were recorded .,outcomes,0,0,2
11981150,CONCLUSION Coinduction with clonidine significantly increased the number of PONV-free patients after breast cancer surgery with general anesthesia .,outcomes,0,1,2
11994052,Metformin does not enhance ovulation induction in clomiphene resistant polycystic ovary syndrome in clinical practice .,participants,5,1,0
11994052,AIMS To determine whether metformin pretreatment has beneficial effects in clomiphene resistant infertile women with polycystic ovary syndrome ( PCOS ) in an infertility clinic .,participants,8,1,2
11994052,"METHODS This was a randomized placebo controlled double-blind crossover study of 3 months metformin ( 1500 mg day-1 ) /placebo , followed by 3 months metformin/placebo together with clomiphene ( 50-100 mg for 5 days ) for three cycles in clomiphene resistant women with PCOS .",participants,4,3,0
11994052,"The primary outcomes were restoration of spontaneous menses , ovulation induction ( spontaneous or clomiphene induced ) and pregnancy .",outcomes,0,0,16
11994052,Secondary endpoints were changes in biochemical parameters related to androgens and insulin .,outcomes,0,0,2
11994052,RESULTS Twelve women completed the metformin arm and 14 the placebo arm .,participants,3,2,0
11994052,"Spontaneous menstruation resumed in five metformin treated patients and in six placebo treated women , P=0.63 .",interventions,0,2,2
11994052,"No women given metformin spontaneously ovulated , although one patient given placebo did , P=0.30 .",outcomes,0,1,2
11994052,"There was no difference in the efficacy of clomiphene between the two groups with ovulation being induced in five ( out of 12 ) metformin treated women and four ( out of 14 ) placebo treated women , P=0.63 .",outcomes,0,2,6
11994052,"Pregnancy occurred in three ( out of 12 ) women given metformin and two ( out of 14 ) women given placebo , P=0.59 .",interventions,0,2,1
11994052,CONCLUSIONS Metformin is not always beneficial when given to clomiphene resistant infertile women with PCOS in clinical practice .,participants,5,1,0
12005275,"Rizatriptan 5 mg for the acute treatment of migraine in adolescents : a randomized , double-blind , placebo-controlled study .",participants,2,2,0
12005275,OBJECTIVE To investigate the tolerability and efficacy of rizatriptan 5 mg in adolescent migraineurs .,outcomes,0,1,3
12005275,"METHODS Randomized , double-blind , placebo-controlled study .",none,0,0,0
12005275,Patients aged 12 to 17 years received rizatriptan 5 mg ( n = 149 ) or placebo ( n = 147 ) for a moderate or severe headache and for up to two recurrences .,participants,6,2,0
12005275,"Headache severity , presence or absence of associated symptoms , and functional disability were assessed over a 4-hour postdose period , and any adverse events were recorded .",outcomes,0,0,12
12005275,The primary efficacy measure was pain-free status at 2 hours postdose .,outcomes,0,0,6
12005275,RESULTS Rizatriptan 5 mg was well tolerated .,interventions,0,1,0
12005275,"The most commonly reported adverse events ( all with incidence of 5 % or less ) among patients receiving rizatriptan were dry mouth , dizziness , asthenia/fatigue , nausea , and somnolence .",outcomes,0,1,13
12005275,The percentage of patients pain-free at 2 hours was 32 % for rizatriptan 5 mg versus 28 % for placebo ( P=.474 ) .,outcomes,0,0,1
12005275,The percentage of patients with pain relief ( reduction of predose pain intensity to mild or none ) at 2 hours was 66 % for rizatriptan versus 56 % for placebo ( P=.079 ) .,outcomes,0,2,9
12005275,Placebo response rates were higher than those typically observed in previous studies of rizatriptan in adults .,outcomes,0,2,3
12005275,"Compared with placebo , rizatriptan significantly improved functional disability at 1.5 and 2 hours , and nausea at 1 and 1.5 hours .",outcomes,0,2,3
12005275,"Post hoc analysis showed a significant benefit of rizatriptan versus placebo in the percentage of patients who had pain relief when their migraine attacks were treated on weekends ( 65 % versus 36 % , P=.046 ) compared with weekdays ( 66 % versus 61 % , P=.365 ) , and the weekend placebo response rate was similar to that seen in adults .",outcomes,0,0,4
12005275,CONCLUSIONS Rizatriptan 5 mg was well tolerated and effective on some measures when used in adolescents for the treatment of a migraine attack .,outcomes,1,0,3
12006271,"N-butyl cyanoacrylate embolization of cerebral arteriovenous malformations : results of a prospective , randomized , multi-center trial .",none,0,0,0
12006271,BACKGROUND AND PURPOSE Liquid N-butyl cyanoacrylate ( n-BCA ) use for the treatment of arteriovenous malformations ( AVM ) in the brain has become part of medical practice .,none,0,0,0
12006271,"However , no study has led to the Food and Drug Administration 's approval of n-BCA for intravascular use .",none,0,0,0
12006271,"The purpose of this study was to verify the effectiveness and safety of an n-BCA/Tantalum Powder/Ethiodized Oil mixture , compared with conventional treatment ( Trufill polyvinyl alcohol [ PVA ] ) for preoperative embolization of cerebral AVM .",none,0,0,0
12006271,"METHODS Between October 15 , 1996 , and March 24 , 1999 , 104 patients at 13 centers were prospectively randomized to undergo embolization using an n-BCA/Tantalum Powder/Ethiodol mixture or Trufill PVA .",interventions,1,8,0
12006271,The pre-embolization therapy goals were determined in terms of the number of pedicles to be embolized and the percent of nidus reduction expected .,none,0,0,0
12006271,Embolization results were evaluated by a central laboratory .,none,0,0,0
12006271,Subsequent surgical resection data were recorded .,none,0,0,0
12006271,"Safety evaluation data included recording device complications , procedure complications , and intracranial events/overall neurologic outcomes , which could be either device-related , procedure-related , or both .",outcomes,0,0,8
12006271,RESULTS The reduction of AVM dimensions ( 79.4 % in the n-BCA group and 86.9 % in the PVA group ) and the mean number of vessels embolized ( 2.2 in the n-BCA group and 2.1 in the PVA group ) was similar in the two groups .,outcomes,0,0,7
12006271,Coils were used more commonly with PVA embolization ( P < .0001 ) .,none,0,0,0
12006271,"No differences were detected in surgical resection time , number of patients who required transfusion , volume and number of transfusion units , or type and volume of fluid replacement .",outcomes,0,0,21
12006271,"Glasgow Outcome Scale scores were not significantly different between the two groups before treatment , after embolization , or after resection .",outcomes,0,0,4
12006271,"Two of 42 patients who underwent resection and had been treated with n-BCA experienced post-resection hematoma , compared with eight of 45 patients who underwent resection and had been treated with PVA ( P < .05 ) .",outcomes,0,0,2
12006271,"CONCLUSION This prospective , randomized trial showed that n-BCA is equivalent to PVA as a preoperative embolic agent for treatment of cerebral AVM as determined by percent of nidus reduction and number of feeding pedicles embolized .",participants,2,0,0
12017793,Effect of four intermediate layer treatments on microleakage of Class II composite restorations .,participants,6,4,0
12017793,This in vitro study examines the marginal sealing ability of four different intermediate materials applied before placement of a condensable composite .,interventions,0,6,0
12017793,"Class II preparations were made with gingival margins placed 1.0 mm apical to the cementoenamel junction of 60 extracted teeth , randomly assigned to five groups of 12 .",participants,3,0,0
12017793,"Following restoration , teeth were thermocycled , soaked in 0.5 % basic fuchsin , and sectioned longitudinally .",interventions,0,1,0
12017793,"The resin-modified glass ionomer cement demonstrated significantly less microleakage than the use of a dentin bonding agent alone or in combination with flowable composite , flowable compomer , or autoploymerizing composite ( p < 0.05 , Dunn 's test ) .",interventions,0,11,2
12017793,This study supports the use of the glass ionomer open sandwich technique in deep Class II direct composite restorations .,participants,6,5,0
12020338,Effect of intensive therapy on the microvascular complications of type 1 diabetes mellitus .,participants,4,2,2
12020338,"The purpose of this report is to summarize and integrate the findings of the Diabetes Control and Complications Trial ( DCCT ) , a randomized controlled clinical trial , and the succeeding observational follow-up of the DCCT cohort in the Epidemiology of Diabetes Interventions and Complications ( EDIC ) study , regarding the effects of intensive treatment on the microvascular complications of type 1 diabetes mellitus .",participants,4,2,2
12020338,"The DCCT proved that intensive treatment reduced the risks of retinopathy , nephropathy , and neuropathy by 35 % to 90 % compared with conventional treatment .",outcomes,0,2,3
12020338,The absolute risks of retinopathy and nephropathy were proportional to the mean glycosylated hemoglobin ( HbA ( 1c ) ) level over the follow-up period preceding each event .,outcomes,0,0,12
12020338,"Intensive treatment was most effective when begun early , before complications were detectable .",interventions,0,2,0
12020338,"These risk reductions , achieved at a median HbA ( 1c ) level difference of 9.1 % for conventional treatment vs 7.3 % for intensive treatment have been maintained through 7 years of EDIC , even though the difference in mean HbA ( 1c ) levels of the 2 former randomized treatment groups was only 0.4 % at 1 year ( P < .001 ) ( 8.3 % in the former conventional treatment group vs 7.9 % in the former intensive treatment group ) , continued to narrow , and became statistically nonsignificant by 5 years ( 8.1 % vs 8.2 % , P =.09 ) .",outcomes,0,4,14
12020338,The further rate of progression of complications from their levels at the end of the DCCT remains less in the former intensive treatment group .,outcomes,0,2,5
12020338,"Thus , the benefits of 6.5 years of intensive treatment extend well beyond the period of its most intensive implementation .",none,0,0,0
12020338,"Intensive treatment should be started as soon as is safely possible after the onset of type 1 diabetes mellitus and maintained thereafter , aiming for a practicable target HbA ( 1c ) level of 7.0 % or less .",outcomes,0,2,6
12021824,The influence of placebo awareness on stimulant drug response in a double-blind trial .,none,0,0,0
12021824,RATIONALE Critics have called into question findings from double-blind placebo-controlled studies because subjects are given drug administration instructions informing them of a placebo condition .,none,0,0,0
12021824,The assertion that these drug administration instructions bias estimates of effectiveness has undergone surprisingly little empirical investigation .,none,0,0,0
12021824,OBJECTIVES The primary objective of this study was to determine whether drug administration instructions informing subjects of a placebo condition affect the drug response and affect the saliva concentration of the stimulant .,outcomes,0,1,2
12021824,"METHODS We assessed caffeine responses and levels of saliva concentration of caffeine in 52 subjects who were randomly assigned to receive one of two drug administration instructions : ( a ) placebo-informed instructions ( i.e. , individuals informed of the placebo ) analogous to those used in double-blind studies and ( b ) placebo-uninformed instructions ( i.e. , individuals informed they are taking an active stimulant ) .",interventions,9,17,9
12021824,"RESULTS On most measures ( systolic blood pressure , heart rate , hand steadiness , reaction time , fatigue , and tension ) , drug administration instructions did not significantly influence caffeine response .",outcomes,0,0,21
12021824,Instructions also had no significant effect on saliva concentration of caffeine .,outcomes,0,0,2
12021824,"However , only individuals who were uninformed of the placebo condition showed significant diastolic blood pressure and vigor increases with 125 mg caffeine , and significant hand steadiness impairment and vigor increases with 325 mg caffeine compared to placebo .",outcomes,0,2,10
12021824,CONCLUSIONS These overall findings suggest that a limited bias is introduced by drug administration instructions .,none,0,0,0
12021824,The results do not support any suggestion that information about the existence of a placebo condition dramatically influences conclusions drawn about drug responses in placebo-controlled trials .,none,0,0,0
12021946,"Treatment of acute ischaemic stroke with the low-affinity , use-dependent NMDA antagonist AR-R15896AR .",interventions,0,3,0
12021946,A safety and tolerability study .,outcomes,0,0,3
12021946,"BACKGROUND AND PURPOSE A low-affinity , use-dependent N-Methyl-D-Aspartate ( NMDA ) antagonist AR-R15896AR has neuroprotective properties in animal models of ischaemic stroke .",interventions,5,6,0
12021946,The aim of the present study was to examine the safety and tolerability of a new and higher dosage regimen that would enable acute stroke patients to achieve and maintain neuroprotective plasma concentrations .,none,0,0,0
12021946,"METHODS A randomised , multi-centre , double-blind , placebo-controlled , parallel group study was carried out at 19 centres in France , Germany and the Netherlands in patients with a clinical diagnosis of acute ischaemic stroke , and onset of symptoms within 12 hours before start of study drug administration .",participants,3,1,0
12021946,"Two loading doses of 3.5 mg/kg of AR-R15896AR over 60 minutes , followed by a 2.5 mg/kg infusion over the next 120 minutes were given .",interventions,0,8,0
12021946,"Eight hours after the start of the loading dose infusion , the first maintenance dose ( 120 mg ) was administered over 60 minutes .",none,0,0,0
12021946,Eight further maintenance infusions were administered at intervals of 8 hours over a total treatment period of 3 days .,none,0,0,0
12021946,"Main variables were safety , tolerability and pharmacokinetics .",outcomes,0,0,6
12021946,Follow-up assessments also included the Barthel Index ( BI ) and the NIH Stroke Scale ( NIHSS ) at 4-7 days after the end of the last infusion and at 30 days after the onset of stroke .,outcomes,0,0,11
12021946,RESULTS 103 patients with acute ischaemic stroke were randomised to either treatment with AR-R15896AR ( 70 patients ) or placebo ( 33 patients ) .,participants,2,2,0
12021946,Mortality was not significantly different in the AR-R15896AR group compared with the placebo group ( 10 % vs. 6 % ) .,interventions,0,2,1
12021946,Serious adverse events during treatment due to psychiatric conditions were associated with AR-R15896AR ( 3 vs. 0 ) .,outcomes,0,1,3
12021946,"Other side effects were more common in the group treated with AR-R15896AR : vomiting ( 29 % vs. 9 % ) , nausea ( 23 % vs. 12 % ) , fever ( 17 % vs. 12 % ) , agitation ( 7 % vs. 3 % ) , dizziness ( 7 % vs. 0 % ) , and hallucinations ( 6 % vs. 0 % ) .",outcomes,0,1,6
12021946,No significant difference between the two groups ( with respect to the proportions of patients with favourable outcome ) was detected in either the analysis of the BI or the NIHSS .,none,0,0,0
12021946,Pharmacokinetic data showed that plasma concentrations of AR-R15896AR were in the expected neuroprotective range .,outcomes,0,1,4
12021946,CONCLUSION In most of the patients with acute stroke receiving AR-R15896AR the intended high plasma levels were reached within a short time period .,outcomes,0,1,3
12021946,"However , active treatment produced more side effects than placebo , thus indicating safety concerns and tolerability issues for use in high doses in an acute stroke population .",outcomes,0,1,2
12031821,Improved fibrinolysis after 1-year treatment with HMG CoA reductase inhibitors in patients with coronary heart disease .,participants,5,4,0
12031821,"The study was aimed to investigate the effect of two different statins on the levels of haemostatic variables reflecting procoagulant and fibrinolytic activity in patients with coronary heart disease ( CHD ) , with the hypothesis that statins might beneficially modify these levels .",participants,8,2,0
12031821,Fifty-eight patients were randomized to treatment with atorvastatin ( n=28 ) or simvastatin ( n=30 ) for 1 year .,participants,2,2,0
12031821,The starting dose in both groups was 20 mg/day .,none,0,0,0
12031821,"Fasting blood samples were collected before and after 12-month treatment for determinations of fibrinogen , prothrombin fragment 1+2 ( F1+2 ) , plasma D-dimer , soluble tissue factor , tissue plasminogen activator ( tPA ) antigen , tPA activity , plasminogen activator inhibitor type-1 activity ( PAI-1 activity ) and serum D-dimer as a global test of fibrinolytic activity .",outcomes,0,0,43
12031821,"In the total population , improved fibrinolytic activity was observed after 1 year with increased levels of serum D-dimer ( P=.001 ) and tPA activity ( P=.024 ) and a reduction in tPA antigen ( P=.048 ) .",outcomes,0,0,11
12031821,No statistically significant changes were observed in any of the measured coagulation variables .,none,0,0,0
12031821,"Separately examined , an improved fibrinolytic profile was seen in the atorvastatin group with a significant increase in serum D-dimer ( P=.005 ) , a borderline increase in tPA activity ( P=.083 ) and a borderline reduction in tPA antigen ( P=.069 ) .",outcomes,0,1,12
12031821,"Within the simvastatin group , a reduction in prothrombin F1+2 was observed ( P=.038 ) .",outcomes,0,1,4
12031821,"The differences in changes between the groups were statistically significant only for global fibrinolysis ( serum D-dimer , P=.046 ) .",outcomes,0,0,2
12031821,"In conclusion , an improved fibrinolytic profile was observed after statin treatment , most pronounced with atorvastatin .",interventions,0,2,2
12031821,"The results indicate that the drugs promote a profibrinolytic profile , and may in part explain the benefit of statin treatment rendered in the prevention of CHD .",interventions,0,1,0
12031927,Thiabendazole for the prophylaxis of strongyloidiasis in immunosuppressed patients with hematological diseases : a randomized double-blind placebo-controlled study .,participants,4,2,0
12033348,Lack of benefit of an active pectoral pulse generator on atrial defibrillation thresholds .,interventions,0,4,0
12033348,"INTRODUCTION Atrial defibrillation can be achieved with standard implantable cardioverter defibrillator leads , which has led to the development of combined atrial and ventricular devices .",none,0,0,0
12033348,"For ventricular defibrillation , use of an active pectoral electrode ( active can ) in the shocking pathway markedly reduces defibrillation thresholds ( DFTs ) .",interventions,0,7,0
12033348,"However , the effect of an active pectoral can on atrial defibrillation is unknown .",interventions,0,3,0
12033348,"METHODS AND RESULTS This study was a prospective , randomized , paired comparison of two shock configurations on atrial DFTs in 33 patients .",interventions,0,5,0
12033348,The lead system evaluated was a dual-coil transvenous defibrillation lead with a left pectoral pulse generator emulator .,interventions,0,8,0
12033348,Shocks were delivered either between the right ventricular coil and proximal atrial coil ( lead ) or between the right ventricular coil and an active can in common with the atrial coil ( active can ) .,none,0,0,0
12033348,Delivered energy at DFT was 4.2 +/- 4.1 J in the lead configuration and 5.0 +/- 3.7 J in the active can configuration ( P = NS ) .,outcomes,0,2,4
12033348,"Peak current was 32 % higher with an active can ( P < 0.01 ) , whereas shock impedance was 18 % lower ( P < 0.001 ) .",outcomes,0,2,4
12033348,"Moreover , a low threshold ( < or = 3 J ) was observed in 61 % of subjects in the lead configuration but in only 36 % in the active can configuration ( P < 0.05 ) .",interventions,0,2,2
12033348,There were no clinical predictors of the atrial DFT .,outcomes,0,0,3
12033348,CONCLUSION These results indicate that low atrial DFTs can be achieved using a transvenous ventricular defibrillation lead .,none,0,0,0
12033348,"Because no benefit was observed with the use of an active pectoral electrode for atrial defibrillation , programmable shock vectors may be useful for dual-chamber implantable cardioverter defibrillators .",interventions,0,3,0
12036809,Do colonic short-chain fatty acids contribute to the long-term adaptation of blood lipids in subjects with type 2 diabetes consuming a high-fiber diet ?,outcomes,3,2,5
12036809,BACKGROUND We recently obtained evidence of long-term adaptation of blood lipids to changes in intakes of carbohydrate and fiber in subjects with type 2 diabetes .,outcomes,3,3,5
12036809,OBJECTIVE We determined the effect of increased carbohydrate and fiber intakes on serum short-chain fatty acids ( SCFAs ) and the relation between changes in serum acetate and changes in blood lipids .,outcomes,0,5,18
12036809,"DESIGN Subjects with type 2 diabetes ( n = 62 ) were randomly assigned to receive approximately 10 % of energy from low-fiber breakfast cereal ( LF diet ) , high-fiber breakfast cereal ( HF diet ) , or monounsaturated fatty acids ( MUFA diet ) for 6 mo .",interventions,4,23,0
12036809,"RESULTS Carbohydrate intakes were higher in the LF and HF groups than in the MUFA group ( 54 % compared with 43 % ) , and more fiber was consumed by the HF group ( approximately 50 g/d ) than by the LF or MUFA group ( approximately 23 g/d ) .",outcomes,0,0,2
12036809,Fasting serum SCFAs did not change significantly over the first 3 mo .,outcomes,0,0,3
12036809,"Between 3 and 6 mo , serum acetate tended ( NS ) to decrease in the LF group ( from 69 +/- 4 to 59 +/- 5 micromol/L ) and increase in the HF group ( from 100 +/- 18 to 107 +/- 17 micromol/L ) , with no significant change in the MUFA group .",outcomes,0,0,2
12036809,Serum butyrate did not change significantly in the LF or MUFA group but increased in the HF group ( from 2.5 +/- 0.5 to 3.1 +/- 0.6 micromol/L ; P < 0.001 ) .,outcomes,0,0,2
12036809,Changes in serum acetate from 0 to 3 mo were not related to changes in lipids .,outcomes,0,0,7
12036809,"However , changes in serum acetate from 3 to 6 mo were positively related to changes in the ratio of total to HDL cholesterol ( P = 0.041 ) and in fasting ( P = 0.013 ) and postprandial ( P = 0.016 ) triacylglycerols .",outcomes,0,0,15
12036809,"CONCLUSIONS In subjects with type 2 diabetes , changes in serum SCFAs in response to changes in carbohydrate and fiber intakes took many months to occur , and the changes in serum acetate were significantly related to the long-term adaptive changes in blood lipids .",outcomes,3,0,14
12037693,The impact of angiotensin II receptor blockade and the DASH diet on markers of endogenous fibrinolysis .,interventions,0,6,1
12037693,Hypertension is associated with impaired fibrinolysis .,none,0,0,0
12037693,Both angiotensin receptor blockers ( ARB ) and the DASH ( Dietary Approaches to Stop Hypertension ) diet effectively lower blood pressure in hypertensive patients .,interventions,3,15,2
12037693,"Some evidence suggests that treatment with ARBs could increase fibrinolysis , however , data is conflicting .",none,0,0,0
12037693,The impact of the DASH diet on fibrinolytic parameters is not known .,outcomes,0,0,2
12037693,"Fifty-five hypertensive participants ( 35 African-American , 20 white ) were randomly assigned to receive 8 weeks of either a control diet or the DASH diet .",interventions,0,4,0
12037693,The diets did not differ in sodium content ( approximately 3 g/day ) .,none,0,0,0
12037693,"Within each diet , individuals were randomly assigned to receive losartan or placebo for 4 weeks in double-blind , cross-over fashion .",interventions,0,2,0
12037693,"Tissue plasminogen activator ( t-PA ) antigen , t-PA activity , plasminogen activator inhibitor-1 ( PAI-1 ) activity and plasma renin activity ( PRA ) were measured at the end of a 2-week run-in period on the control diet and after each treatment period .",outcomes,0,1,22
12037693,The DASH diet did not affect markers of fibrinolysis .,none,0,0,0
12037693,"Losartan significantly lowered t-PA antigen levels ( -1.8 ng/mL , P = 0.045 ) , but had no effect on t-PA or PAI-1 activities .",outcomes,0,0,5
12037693,"This effect was more pronounced in whites ( -4.1 ng/mL ( P = 0.003 ) ) compared with African-Americans ( -0.3 ng/mL ( P = 0.7 ) , P-interaction = 0.03 ) .",none,0,0,0
12037693,Results were not materially affected by adjustment for basline values or changes in blood pressure .,outcomes,0,0,2
12037693,"This study demonstrates that losartan reduces t-PA antigen levels in white , but not African-American hypertensive individuals .",participants,8,0,3
12037693,"In contrast , the DASH diet had no significant effect on markers of fibrinolysis in whites or African-Americans .",outcomes,0,0,3
12042231,Effectiveness of a brief cognitive-behavioural therapy intervention in the treatment of schizophrenia .,interventions,0,3,0
12042231,BACKGROUND Little evidence exists to indicate whether community psychiatric nurses can achieve the results reported by expert cognitive-behavioural therapists in patients with schizophrenia .,participants,3,2,0
12042231,AIMS To assess the effectiveness and safety of a brief cognitive-behavioural therapy ( CBT ) intervention in a representative community sample of patients with schizophrenia in secondary care settings .,interventions,1,6,0
12042231,METHOD A pragmatic randomised trial was performed involving 422 patients and carers to compare a brief CBT intervention against treatment as usual .,interventions,1,2,0
12042231,"RESULTS Patients who received CBT ( n=257 ) improved in overall symptomatology ( P=0.015 ; number needed to treat [ NNT ] =13 ) , insight ( P < 0.001 ; NNT=10 ) and depression ( P=0.003 ; NNT=9 ) compared with the control group ( n=165 ) .",outcomes,0,4,8
12042231,"Insight was clinically significantly improved ( risk ratio=1.15 , 95 % CI 1.01-1.31 ) .",outcomes,0,0,1
12042231,There was no increase in suicidal ideation .,outcomes,0,0,2
12042231,CONCLUSIONS Community psychiatric nurses can safely and effectively deliver a brief CBT intervention to patients with schizophrenia and their carers .,interventions,0,2,2
12044624,A single infusion of intravenous ketamine improves pain relief in patients with critical limb ischaemia : results of a double blind randomised controlled trial .,participants,6,1,0
12044624,"We report the first double blind randomised controlled trial of regular opioids and an infusion of low dose ( 0.6 mg/kg ) intravenous ketamine compared with opioids and placebo in patients with allodynia , hyperalgesia and hyperpathia secondary to critical limb ischaemia .",participants,8,4,0
12044624,"Thirty-five patients completed the study , 18 received regular opioids plus ketamine , while 17 received regular opioids plus placebo .",interventions,1,8,0
12044624,"Using the Brief Pain Inventory , the % pain relief that the patients in the ketamine group attributed to their medication improved significantly from 50 % immediately pre-infusion to 65 % 24 h post-infusion and 69 % 5 days post infusion .",outcomes,0,0,8
12044624,"Over the same period , the pain relief achieved by the placebo group rose from 58 % pre-infusion to 56 % 24 h post infusion and then 50 % relief 5 days later .",outcomes,0,0,3
12044624,This was statistically significant ( P < 0.05 ) using both the t-test and the Wilcoxon Rank Sum test .,outcomes,0,0,10
12044624,The ketamine group also showed a statistically significant difference 24 h post infusion of the effect of pain on their general activity ( P=0.03 ) and on their enjoyment of life ( P=0.004 ) .,outcomes,0,0,1
12044624,This study shows that combining a single infusion of low dose ketamine with regular opioid analgesia can result in a significant improvement in pain relief for this patient group .,outcomes,0,0,2
12045163,"Prospective study of C-reactive protein , homocysteine , and plasma lipid levels as predictors of sudden cardiac death .",outcomes,0,0,9
12045163,BACKGROUND Sudden cardiac death ( SCD ) is an important cause of mortality even among apparently healthy populations .,outcomes,0,0,6
12045163,"However , our ability to identify those at risk for SCD in the general population is poor , and more specific markers are needed .",none,0,0,0
12045163,"METHODS AND RESULTS To compare and contrast the relative importance of C-reactive protein ( CRP ) , homocysteine , and lipids as long-term predictors of SCD , we performed a prospective , nested , case-control analysis involving 97 cases of SCD among apparently healthy men enrolled in the Physician 's Health Study .",outcomes,5,7,10
12045163,"Of these plasma markers measured , only baseline CRP levels were significantly associated with the risk of SCD over the ensuing 17 years of follow-up ( P for trend=0.001 ) .",outcomes,0,0,2
12045163,"The increase in risk associated with CRP levels was primarily seen among men in the highest quartile , who were at a 2.78-fold increased risk of SCD ( 95 % CI 1.35 to 5.72 ) compared with men in the lowest quartile .",outcomes,0,1,3
12045163,"These results were not significantly altered in analyses that ( in addition to the matching variables of age and smoking status ) controlled for lipid parameters , homocysteine , and multiple cardiac risk factors ( relative risk for highest versus lowest quartile 2.65 , 95 % CI 0.79 to 8.83 ; P for trend=0.03 ) .",outcomes,0,0,10
12045163,"In contrast to the positive relationship observed for CRP , neither homocysteine nor lipid levels were significantly associated with risk of SCD .",interventions,0,1,1
12045163,CONCLUSIONS These prospective data suggest that CRP levels may be useful in identifying apparently healthy men who are at an increased long-term risk of SCD .,participants,7,0,5
12049860,Postoperative fondaparinux versus postoperative enoxaparin for prevention of venous thromboembolism after elective hip-replacement surgery : a randomised double-blind trial .,participants,6,4,2
12049860,"BACKGROUND Elective hip-replacement surgery carries significant risk of venous thromboembolism , despite use of thromboprophylaxis .",outcomes,0,1,2
12049860,"We aimed to see whether the pentasaccharide fondaparinux , the first drug of a new class of synthetic antithrombotic agents , could reduce this risk to a greater extent than other available treatments .",interventions,0,5,0
12049860,"METHODS In a double-blind study , we randomly assigned 2275 consecutive patients aged 18 years or older who were undergoing elective hip-replacement surgery to receive postoperative subcutaneous injections of either 2.5 mg fondaparinux once daily or 30 mg enoxaparin twice daily .",participants,9,2,0
12049860,The primary efficacy outcome was venous thromboembolism to day 11 .,outcomes,0,0,2
12049860,The main safety outcomes were bleeding and death .,outcomes,0,0,2
12049860,Patients were followed up for 6 weeks .,none,0,0,0
12049860,FINDINGS We assessed venous thromboembolism to day 11 in 1584 ( 70 % ) of 2275 patients .,outcomes,0,0,2
12049860,"By day 11 , venous thromboembolisms were recorded in 48 ( 6 % ) of 787 patients on fondaparinux and in 66 ( 8 % ) of 797 patients on enoxaparin .",interventions,0,2,2
12049860,"The relative reduction in risk was 26.3 % ( 95 % CI -10.8 to 52.8 , p=0.099 ) .",outcomes,0,0,1
12049860,The two groups did not differ in the number of patients who died or in the number who had clinically relevant bleeding .,outcomes,0,0,7
12049860,"INTERPRETATION In patients undergoing elective hip-replacement surgery , 2.5 mg fondaparinux once daily was not significantly more effective than 30 mg enoxaparin twice daily in reducing risk of venous thromboembolism .",outcomes,0,2,3
12049860,"However , the lower risk recorded with fondaparinux than enoxaparin was clinically important , with no increase in clinically relevant bleeding .",outcomes,0,2,4
12050494,Clinically relevant improvement of recurrence-free survival with 5-aminolevulinic acid induced fluorescence diagnosis in patients with superficial bladder tumors .,participants,3,2,2
12050494,PURPOSES Fluorescence diagnosis induced by 5-aminolevulinic acid enables more thorough transurethral resection of superficial bladder carcinoma compared with conventional white light .,participants,3,2,0
12050494,"We performed a prospective , single institution , randomized trial to investigate whether the residual tumor rate and long-term tumor recurrence can be decreased by fluorescence diagnosis .",none,0,0,0
12050494,MATERIALS AND METHODS A total of 301 patients underwent transurethral resection of bladder tumors with white light or fluorescence diagnosis .,participants,6,6,0
12050494,Transurethral resection was repeated 5 to 6 weeks later to evaluate the residual tumor rate .,interventions,0,2,0
12050494,To determine recurrence-free survival patient followup was performed every 3 months by white light cystoscopy and urine cytology .,interventions,0,5,2
12050494,Recurrence-free survival was analyzed via Kaplan-Meier methods and multivariable Cox regression analysis .,outcomes,0,0,2
12050494,RESULTS A total of 191 patients with superficial bladder carcinoma were available for efficacy analysis .,participants,4,0,0
12050494,The residual tumor rate was 25.2 % in the white light arm versus 4.5 % in the fluorescence diagnosis arm ( p < 0.0001 ) .,outcomes,0,0,3
12050494,Median followup in the white light arm in 103 cases was 21.2 months ( range 4 to 40 ) compared with 20.5 ( range 3 to 40 ) in the 88 in the fluorescence diagnosis arm .,none,0,0,0
12050494,"Recurrence-free survival in the fluorescence diagnosis group was 89.6 % after 12 and 24 months compared with 73.8 % and 65.9 % , respectively , in the white light group ( p = 0.004 ) .",outcomes,0,0,2
12050494,This superiority proved to be independent of risk group .,none,0,0,0
12050494,The adjusted hazard ratio of fluorescence diagnosis versus white light transurethral resection was 0.33 ( 95 % confidence interval 0.16 to 0.67 ) .,none,0,0,0
12050494,CONCLUSIONS Fluorescence diagnosis is significantly superior to conventional white light transurethral resection with respect to the residual tumor rate and recurrence-free survival .,outcomes,0,0,5
12050494,The differences in recurrence-free survival imply that fluorescence diagnosis is a clinically relevant procedure for decreasing the number of tumor recurrences .,outcomes,0,0,7
12055323,Impact of interviewer 's body mass index on underreporting energy intake in overweight and obese women .,participants,4,0,0
12055323,"OBJECTIVE To determine if overweight and obese women provide more accurate reports of their energy intake by 1 ) in-person recall with an obese interviewer , 2 ) in-person recall with a lean interviewer , or 3 ) telephone recall with an unknown interviewer .",interventions,3,18,0
12055323,RESEARCH METHODS AND PROCEDURES Eighty-eight overweight and obese women participated in this study .,participants,4,0,0
12055323,Subjects completed one telephone-administered multiple-pass 24-hour recall ( MP24R ) with an unknown interviewer and were then randomly assigned to an in-person MP24R with either a lean or obese interviewer to gather reported energy intake ( rEI ) .,interventions,0,20,6
12055323,"Basal metabolic rate ( BMR ) was measured using a Deltrac monitor , and physical activity ( EEPA ) was estimated using a Caltrac accelerometer .",outcomes,0,0,11
12055323,"Therefore , estimated energy expenditure was determined by : estTEE = ( BMR + EEPA ) x 1.10 .",none,0,0,0
12055323,"RESULTS No significant differences were found between the two in-person interview modes for subject age , weight , body mass index , percentage of body fat , total energy expenditure , rEI , and misreporting of energy intake .",none,0,0,0
12055323,In-person recall data were combined for comparison with the telephone recalls .,none,0,0,0
12055323,No significant difference was found between the in-person and telephone recalls for rEI and misreporting .,outcomes,0,0,2
12055323,Mean reported energy intake was significantly lower than estimated total energy expenditure for the telephone recalls and combined ( lean and obese modes ) in-person recalls .,outcomes,0,0,7
12055323,"CONCLUSIONS This study found that interviewer body mass index had no impact on self-reported energy intake during an in-person MP24R , and that telephone recall data were comparable with in-person recalls .",none,0,0,0
12055323,Underreporting was a widespread problem ( approximately 26 % ) for all modes in this sample .,none,0,0,0
12056851,Clinical evaluation of the WOMAC 3.0 OA Index in numeric rating scale format using a computerized touch screen version .,interventions,0,4,0
12056851,"BACKGROUND The Western Ontario and McMaster Universities ( WOMAC ) Osteoarthritis Index is a previously described self-administered questionnaire covering three domains : pain , stiffness and function .",outcomes,0,0,6
12056851,It has been validated in patients with osteoarthritis ( OA ) of the hip or knee in a paper-based format .,participants,2,0,0
12056851,AIM To validate the WOMAC 3.0 using a numerical rating scale in a computerized touch screen format allowing immediate evaluation of the questionnaire .,none,0,0,0
12056851,"In the computed version cartoons , written and audio instruments were included in order facilitate application .",none,0,0,0
12056851,"METHODS Fifty patients , demographically balanced , with radiographically proven primary hip or knee OA completed the classical paper and the new computerized WOMAC version .",participants,8,6,0
12056851,Subjects were randomized either to paper format or computerized format first to balance possible order effects .,none,0,0,0
12056851,"RESULTS The intra-class correlation coefficients for pain , stiffness and function values were 0.915 , 0.745 and 0.940 , respectively .",outcomes,0,0,6
12056851,"The Spearman correlation coefficients for pain , stiffness and function were 0.88 , 0.77 and 0.87 , respectively .",outcomes,0,0,5
12056851,CONCLUSION These data indicate that the computerized WOMAC OA index 3.0 is comparable to the paper WOMAC in all three dimensions .,none,0,0,0
12056851,The computerized version would allow physicians to get an immediate result and if present a direct comparison with a previous exam .,interventions,0,2,0
12057986,Impact of different platelet glycoprotein IIb/IIIa receptor inhibitors among diabetic patients undergoing percutaneous coronary intervention : : Do Tirofiban and ReoPro Give Similar Efficacy Outcomes Trial ( TARGET ) 1-year follow-up .,participants,4,0,0
12057986,"BACKGROUND The platelet glycoprotein IIb/IIIa receptor inhibitor abciximab , a monoclonal antibody , has been shown to improve early and late outcomes among diabetic patients undergoing percutaneous coronary intervention ( PCI ) .",none,0,0,0
12057986,It is unknown whether small-molecule agents confer similar benefits .,none,0,0,0
12057986,"METHODS AND RESULTS In 18 countries , 4809 patients undergoing PCI with stent implantation were randomized to tirofiban or abciximab .",participants,3,2,0
12057986,"At the time of enrollment , patients were stratified according to diabetes status .",none,0,0,0
12057986,"As compared with non-diabetic patients , patients with diabetes ( n=1117 ) showed similar 30-day ischemic outcomes , an increased incidence of any target vessel revascularization ( TVR ) at 6 months ( 10.3 % versus 7.8 % ; P= 0.008 ) , and a trend toward higher 1-year mortality ( 2.5 % versus 1.6 % ; P=0.056 ) .",outcomes,0,0,11
12057986,"Among diabetic patients randomized to tirofiban ( n=560 ) , the incidence of death , myocardial infarction ( MI ) , or urgent TVR at 30 days was 6.2 % , and among those randomized to abciximab ( n=557 ) it was 5.4 % ( hazard ratio [ HR ] 1.16 ; P=0.540 ) .",outcomes,0,0,9
12057986,"At 6 months , the composite of death , MI , or any TVR occurred in 15.7 % and in 16.9 % of tirofiban and abciximab patients , respectively ( HR 0.93 ; P=0.610 ) .",outcomes,0,0,2
12057986,"Any TVR occurred in 9.5 % and 11.1 % , respectively ( HR 0.84 ; P= 0.366 ) .",outcomes,0,0,1
12057986,The 1-year mortality was 2.1 % in the tirofiban group and 2.9 % in the abciximab group ( HR 0.74 ; P= 0.436 ) .,outcomes,0,0,2
12057986,"CONCLUSIONS Among diabetic patients undergoing PCI , tirofiban and abciximab were associated with comparable event rates , including similar rates of 6-month TVR and 1-year mortality .",participants,4,0,0
12057986,These findings suggest that the non-glycoprotein IIb/IIIa properties of abciximab do not translate into a discernible long-term clinical benefit among diabetic patients .,none,0,0,0
12058842,Brief report : imitation effects on children with autism .,participants,2,1,0
12058842,"Twenty children with autism ( mean age , 5 years ) were recruited for the study from a school for children with autism .",participants,11,0,0
12058842,The children were randomly assigned to an imitation ( n = 10 ) or contingently responsive ( n = 10 ) interaction group based on a stratification table for gender and developmental and chronological age .,interventions,0,3,0
12058842,"The sessions consisted of four phases , with each phase lasting 3 minutes .",none,0,0,0
12058842,"In the first phase , the child walked into a room that was furnished with a sofa , a table , chairs , and two sets of identical toys .",none,0,0,0
12058842,An adult was in the room sitting very still like a statue ( first still-face condition ) .,none,0,0,0
12058842,"In the second phase , the adult either imitated the child or was contingently responsive to the child .",interventions,0,2,0
12058842,"In the third phase , the adult sat still again ( second still-face condition ) , and in the fourth phase , the adult engaged in a spontaneous interaction .",none,0,0,0
12058842,"During the third phase ( the second still-face condition ) , the children in the imitation group spent less time in gross motor activity and more time touching the adult , as if attempting to initiate an interaction .",outcomes,0,1,8
12058842,"The contingency condition appeared to be a more effective way to facilitate a distal social behavior ( attention ) , whereas the imitative condition was a more effective way to facilitate a proximal social behavior ( touching ) .",outcomes,0,2,17
12059064,Can sedation reduce the cardiac stress during gastrointestinal endoscopy ?,none,0,0,0
12059064,A study with non-invasive automated cardiac flow measurement by color Doppler echocardiography .,none,0,0,0
12059064,BACKGROUND Upper gastrointestinal endoscopy ( UGIE ) may cause some cardiac stress .,participants,3,0,0
12059064,"The effect of sedation on hemodynamics during UGIE has not been fully studied , and therefore the aim of this study was to clarify whether or not sedation can reduce cardiac stress dufing UGIE .",none,0,0,0
12059064,"METHODS Eight normal male volunteers undergoing UGIE with sedation ( 0.1 mg/kg of midazolam ) and without it ( two endoscopies per volunteer in random order ) were monitored throughout the procedure by means of electrocardiogram , blood pressure and peripheral oxygen saturation ( SpO2 ) .",interventions,2,20,6
12059064,"Cardiac output was measured at six points before , during and after endoscopy from automated cardiac flow measurement by color Doppler echocardiography .",interventions,0,5,2
12059064,"Serum norepinephrine , epinephrine , dopamine and ACTH concentrations were measured before and after the examination .",outcomes,0,0,6
12059064,"RESULTS No significant differences in heart rate , systolic blood pressure , rate-pressure product , cardiac output and left ventricular work index were observed between the sedated and non-sedated groups .",outcomes,0,0,13
12059064,"SpO2 hardly changed during endoscopy in the non-sedated group , but decreased slightly in the sedated group ( P = 0.075 ) .",outcomes,0,0,1
12059064,"Although all serum catecholamine concentration changes were within normal limits in both groups , after endoscopy only epinephrine concentration was significantly lower in the sedated group than in the non-sedated group ( P = 0.0027 ) .",none,0,0,0
12059064,CONCLUSIONS Conscious sedation with midazolam does not reduce the cardiac stress during UGIE .,interventions,0,1,0
12065558,Superior survival with capecitabine plus docetaxel combination therapy in anthracycline-pretreated patients with advanced breast cancer : phase III trial results .,participants,6,4,1
12065558,"PURPOSE Docetaxel and capecitabine , a tumor-activated oral fluoropyrimidine , show high single-agent efficacy in metastatic breast cancer ( MBC ) and synergy in preclinical studies .",interventions,0,2,0
12065558,This international phase III trial compared efficacy and tolerability of capecitabine/docetaxel therapy with single-agent docetaxel in anthracycline-pretreated patients with MBC .,participants,4,4,3
12065558,"PATIENTS AND METHODS Patients were randomized to 21-day cycles of oral capecitabine 1,250 mg/m ( 2 ) twice daily on days 1 to 14 plus docetaxel 75 mg/m ( 2 ) on day 1 ( n = 255 ) or to docetaxel 100 mg/m ( 2 ) on day 1 ( n = 256 ) .",interventions,0,3,0
12065558,"RESULTS Capecitabine/docetaxel resulted in significantly superior efficacy in time to disease progression ( TTP ) ( hazard ratio , 0.652 ; 95 % confidence interval [ CI ] , 0.545 to 0.780 ; P =.0001 ; median , 6.1 v 4.2 months ) , overall survival ( hazard ratio , 0.775 ; 95 % CI , 0.634 to 0.947 ; P =.0126 ; median , 14.5 v 11.5 months ) , and objective tumor response rate ( 42 % v 30 % , P =.006 ) compared with docetaxel .",outcomes,0,2,14
12065558,"Gastrointestinal side effects and hand-foot syndrome were more common with combination therapy , whereas myalgia , arthralgia , and neutropenic fever/sepsis were more common with single-agent docetaxel .",outcomes,0,4,11
12065558,"More grade 3 adverse events occurred with combination therapy ( 71 % v 49 % , respectively ) , whereas grade 4 events were slightly more common with docetaxel ( 31 % v 25 % with combination ) .",outcomes,0,1,7
12065558,"CONCLUSION The significantly superior TTP and survival achieved with the addition of capecitabine to docetaxel 75 mg/m ( 2 ) , with the manageable toxicity profile , indicate that this combination provides clear benefits over single-agent docetaxel 100 mg/m ( 2 ) .",interventions,0,7,5
12065558,Docetaxel/capecitabine therapy is an important treatment option for women with anthracycline-pretreated MBC .,participants,3,2,0
12067044,The effects of physical and emotional status on adherence to a low-fat dietary pattern in the Women 's Health Initiative .,interventions,0,7,0
12067044,OBJECTIVE To examine whether the effects of physical and emotional status on adherance to a low-fat ( 20 % energy ) dietary pattern are mediated by participation in an intervention program ( attending sessions and self-monitoring ) .,interventions,8,16,0
12067044,"DESIGN The Baron and Kenny mediator model , a series of 4 regression analyses , was used to evaluate whether : a ) physical and emotional status predicted program participation , b ) program participation predicted dietary adherence , c ) physical and emotional status factors predicted dietary adherence , and , ultimately d ) the effects of physical and emotional status on dietary adherence were mediated by program participation .",interventions,0,2,0
12067044,"SUBJECTS/SETTING Data from 13,277 postmenopausal women randomly assigned to the low-fat intervention arm of the Women 's Health Initiative Dietary Modification Trial .",participants,4,2,0
12067044,INTERVENTION The nutrition goals for women randomly assigned to the low-fat intervention were to reduce total fat intake to 20 % or less of energy from fat and to consume 5 or more fruit/vegetable servings daily and 6 or more grain servings daily .,interventions,0,31,0
12067044,MAIN OUTCOME MEASURES Year 1 program participation ( degree of attending group sessions and submitting fat scores ) and adherence to the low-fat dietary pattern ( percent energy from fat ) as predicted by baseline physical and emotional status ( eight SF-36 Health Survey subscales ) .,outcomes,0,3,26
12067044,RESULTS Participating in the dietary intervention program reduced ( mediated ) the negative effect of poorer mental health on dietary adherence by 15 % .,outcomes,0,3,7
12067044,Additional findings included that a 10 % increase in physical functioning increased session attendance by 0.4 % ( P < .001 ) and a 10 % increase in mental health predicted a decrease in percent energy from fat of 0.3 % ( P < .001 ) .,outcomes,0,0,6
12067044,Program participation had a marked effect on dietary adherence : a 10 % increase in session attendance predicted a 1.2 % decrease in percent energy from fat ( P < .001 ) .,outcomes,0,0,7
12067044,APPLICATIONS/CONCLUSIONS Understanding and using instruments to assess the physical and emotional status of a target population will help dietetic professionals promote healthful dietary change and maintenance .,none,0,0,0
12073766,"Heparan sulfate in the treatment of intermittent claudication : results of a randomized , double-blind , placebo-controlled multicenter trial .",participants,2,2,0
12073766,Peripheral arterial disease ( PAD ) is by far the most common cause of intermittent claudication .,none,0,0,0
12073766,This disease can greatly reduce the affected individual 's walking capacity and can seriously affect daily life activities .,none,0,0,0
12073766,Few therapeutic options are aimed at improving walking capacity .,outcomes,0,0,2
12073766,"This was a randomized , doubleblind , placebo-controlled , multicenter trial , performed in 24 Italian centers .",none,0,0,0
12073766,Two hundred seventeen patients with intermittent claudication ( stages IIa and IIb of Fontaine 's PAD classification ) were randomly assigned to heparan sulfate ( 40 mg orally twice a day ) or placebo for 6 months .,participants,13,11,0
12073766,The primary end-point was an increase in pain-free walking distance [ initial claudication distance ( ICD ) ] during the 24 weeks of treatment .,outcomes,0,0,9
12073766,"The pain-free and the absolute walking distance ( ACD ) were monitored by standardized treadmill test at baseline and at 4 , 12 and 24 weeks .",outcomes,0,0,9
12073766,"The change in initial claudication distance during treatment , expressed as integrated change over time , was significantly greater with heparan sulfate than with placebo ( 306 +/- 494 vs. 250 +/- 510 meters x months , p = 0.019 ) .",interventions,0,2,0
12073766,Significantly fewer treated patients worsened during treatment ( decreased initial claudication distance ) compared with controls ( 9.1 % vs. 19.6 % ; p = 0.027 ) .,outcomes,0,0,3
12073766,"Functional recovery in the most severely affected subgroup of patients ( stage IIb of Fontaine 's classification ) was more clearly detected and significantly greater among treated than among control patients ( absolute increase in ICD : 70 +/- 113 vs. 58 +/- 172 meters , p = 0.028 ; integrated increase : 304 +/- 422 vs. 208 +/- 503 meters x months ; p = 0.004 ) .",outcomes,0,0,2
12073766,Heparan sulfate appeared to increase the walking capacity of patients with intermittent claudication to a significantly greater extent than did placebo .,outcomes,0,0,2
12073766,The treatment was well tolerated .,none,0,0,0
12074271,Double-blind placebo-controlled trial of aprindine and digoxin for the prevention of symptomatic atrial fibrillation .,outcomes,3,3,6
12074271,"A multicenter , placebo-controlled , randomized , double-blind trial compared the preventive effect of aprindine and digoxin on the recurrence of atrial fibrillation ( AF ) with placebo , and also compare the effectiveness of these 2 drugs in the prevention of AF .",outcomes,4,4,14
12074271,"Patients with symptomatic paroxysmal or persistent AF who had converted to sinus rhythm ( SR ) were randomly assigned aprindine ( 40 mg/day ) , digoxin ( 0.25 mg/day ) or placebo and followed up on an outpatient basis every 2 weeks for 6 months .",participants,8,3,0
12074271,"Of the 141 patients from 36 participating centers , 47 were given aprindine , 47 digoxin , and 47 were on placebo .",participants,12,3,0
12074271,"After the 6-month follow-up , the Kaplan-Meier estimates of the percentage of patients remaining free of recurrent symptomatic AF on aprindine , digoxin and placebo were 33.3 % , 29.2 % and 21.5 % , respectively .",outcomes,0,3,4
12074271,"In patients remaining in SR for 15 days after from the start of follow-up , freedom from recurrence was significantly more prevalent in the aprindine group than in the placebo group ( p=0.0414 ) , but there was no significant difference between the digoxin and placebo groups .",outcomes,0,1,5
12074271,The rate of adverse events was similar in the 3 groups .,outcomes,0,0,4
12074271,"In conclusion , neither aprindine nor digoxin had a significant effect on preventing relapse of symptomatic AF ; however , recurrence of AF occurred later with aprindine than with placebo or digoxin .",outcomes,0,4,8
12080735,[ Effect of valociclovir hydrochloride on patients with herpes zoster ] .,participants,4,2,3
12084138,A randomized trial of a brief alcohol intervention for needle exchangers ( BRAINE ) .,interventions,0,3,0
12084138,AIMS To test motivational interviewing ( MI ) as a brief intervention for reducing alcohol use among needle exchange clients .,interventions,0,5,2
12084138,DESIGN Randomized clinical trial .,none,0,0,0
12084138,"SETTING Needle exchange program-Providence , Rhode Island , USA .",none,0,0,0
12084138,"PARTICIPANTS Between 2/98 and 10/99 , we recruited 187 AUDIT-positive ( > 8 ) active injection drug users .",participants,10,0,0
12084138,"INTERVENTION Those assigned to a brief motivational intervention ( MI ) condition received two 1-hour therapist sessions following assessment visits , 1 month apart , focusing on alcohol use and HIV risk-taking .",interventions,0,13,0
12084138,"MEASUREMENTS Control and MI subjects received identical research assessments at baseline , 1 and 6 months following study enrollment .",interventions,0,2,0
12084138,"At 6 months , study outcomes included days of alcohol use measured using the time-line follow-back method .",outcomes,0,0,4
12084138,FINDINGS Study retention was 96.8 % at 6 months .,outcomes,0,0,2
12084138,Participants reported an average of 12.0 drinking days at baseline and 8.3 at 6 months .,outcomes,0,0,2
12084138,Significant reductions in drinking days were observed in both treatment conditions .,none,0,0,0
12084138,We found significant treatment x baseline drinking day interaction effects .,outcomes,0,0,6
12084138,"Tests for simple main effects were significant for subjects with above median ( > 9 ) baseline drinking day frequency , but not for those with below median baseline drinking frequency .",outcomes,0,0,13
12084138,Comparisons on dichotomous outcomes provided supporting evidence of treatment efficacy ; those in MI were over two times more likely than controls to report reductions of 7 days or more ( P < 0.05 ) .,outcomes,0,0,3
12084138,CONCLUSIONS This study provides the first direct evidence that brief MI can decrease alcohol use among active injection drug users with drinking problems .,interventions,0,2,0
12084138,"Heavier drinkers seem best suited for this intervention , but the optimal intensity of treatments and which components of brief intervention are most effective deserve further study .",none,0,0,0
12085177,Marimastat as maintenance therapy for patients with advanced gastric cancer : a randomised trial .,participants,3,1,0
12085177,"This randomised , double-blind , placebo-controlled study was designed to evaluate the ability of the orally administered matrix metalloproteinase inhibitor , marimastat , to prolong survival in patients with non-resectable gastric and gastro-oesophageal adenocarcinoma .",participants,5,1,1
12085177,"Three hundred and sixty-nine patients with histological proof of adenocarcinoma , who had received no more than a single regimen of 5-fluorouracil-based chemotherapy , were randomised to receive either marimastat ( 10 mg b.d .",participants,8,1,0
12085177,) or placebo .,interventions,0,1,0
12085177,Patients were treated for as long as was tolerable .,none,0,0,0
12085177,The primary endpoint was overall survival with secondary endpoints of time to disease progression and quality of life .,outcomes,0,0,7
12085177,"At the point of protocol-defined study completion ( 85 % mortality in the placebo arm ) there was a modest difference in survival in the intention-to-treat population in favour of marimastat ( P=0.07 log-rank test , hazard ratio=1.23 ( 95 % confidence interval 0.98-1.55 ) ) .",interventions,0,1,0
12085177,"This survival benefit was maintained over a further 2 years of follow-up ( P=0.024 , hazard ratio=1.27 ( 1.03-1.57 ) ) .",outcomes,0,0,2
12085177,"The median survival was 138 days for placebo and 160 days for marimastat , with 2-year survival of 3 % and 9 % respectively .",interventions,0,2,2
12085177,"A significant survival benefit was identified at study completion in the pre-defined sub-group of 123 patients who had received prior chemotherapy ( P=0.045 , hazard ratio=1.53 ( 1.00-2.34 ) ) .",outcomes,1,0,3
12085177,"This benefit increased with 2 years additional follow-up ( P=0.006 , hazard ratio=1.68 ( 1.16-2.44 ) ) , with 2-year survival of 5 % and 18 % respectively .",outcomes,0,0,2
12085177,"Progression-free survival was also significantly longer for patients receiving marimastat compared to placebo ( P=0.009 , hazard ratio=1.32 ( 1.07-1.63 ) ) .",outcomes,0,1,2
12085177,Marimastat treatment was associated with the development of musculoskeletal pain and inflammation .,outcomes,0,1,4
12085177,"Events of anaemia , abdominal pain , jaundice and weight loss were more common in the placebo arm .",outcomes,0,0,11
12085177,This is one of the first demonstrations of a therapeutic benefit for a matrix metalloproteinase inhibitor in cancer patients .,none,0,0,0
12085177,The greatest benefit was observed in patients who had previously received chemotherapy .,none,0,0,0
12085177,A further randomised study of marimastat in these patients is warranted .,interventions,0,1,0
12088604,"Improving patient involvement in chronic disease management : the views of patients , GPs and specialists on a guidebook for ulcerative colitis .",interventions,0,2,0
12088604,"Patient information , shared care and decision-making are recognised as beneficial to chronic disease management .",none,0,0,0
12088604,"As part of an RCT , opinions of ulcerative colitis patients and their doctors were sought on a guidebook designed to support self-care and mediate doctor/patient interaction during consultations .",participants,6,5,0
12088604,Semi-structured interviews were conducted with 6 specialists and 16 GPs .,interventions,0,2,0
12088604,Patients ' views were obtained from written responses to a postal questionnaire ( 136 replies ) .,interventions,0,2,0
12088604,Inclusion of lay knowledge and clarification of treatment decision processes increased patients ' perception of involvement in disease management through increased identification and awareness of others ' self-management experiences .,none,0,0,0
12088604,Doctors focused on the importance of improving patients ' compliance and use of services .,none,0,0,0
12088604,"However , the guidebook was seldom used as it had been intended during consultations .",none,0,0,0
12088604,Patients felt constrained by time limits and consultants did not actively encourage guidebook use .,none,0,0,0
12088604,"Based on the findings , we suggest an approach utilising the guidebook to improve patient participation in disease management .",outcomes,0,0,5
12090782,Onset of action following formoterol Turbuhaler and salbutamol pMDI in reversible chronic airway obstruction .,participants,5,2,0
12090782,"Short-acting beta ( 2 ) -agonists are currently recommended for symptom relief in asthma and the treatment of mild , acute exacerbations in COPD .",none,0,0,0
12090782,"However , formoterol has as fast an onset of action as salbutamol with the additional benefit of longer-lasting bronchodilation ( approximately 12 h ) .",interventions,0,2,0
12090782,"Furthermore , systemic side effects observed with formoterol are of a similar duration but less pronounced than with short-acting beta ( 2 ) -agonists .",interventions,0,1,0
12090782,"In this double-blind , randomized , cross-over study , 20 adult patients with reversible chronic airway obstruction ( intrinsic asthma or COPD ) inhaled single doses of formoterol 9 microg or salbutamol 100 microg ( group A ) or formoterol 18 microg or salbutamol 200 microg ( group B ) .",interventions,14,16,0
12090782,"FEV ( 1 ) was measured prior to and 5 , 10 , 15 , 20 , 25 and 30 min following inhalation of study drug .",outcomes,0,0,4
12090782,"No significant differences in FEV ( 1 ) values were observed between group A ( P=0.704 ) or group B ( P=0.270 ) at baseline , or at 5 ( Group A : P=0.340 ; Group B : P=0.559 ) and 15 min ( Group A : P=0.526 ; Group B : P=0.818 ) post dose .",outcomes,0,0,4
12090782,No adverse events were reported during the study .,outcomes,0,0,2
12090782,Formoterol Turbuhaler has as rapid an onset of action as salbutamol pMDI when given at the recommended doses .,interventions,0,2,0
12093332,Bovine pericardium vs dacron for patch angioplasty after carotid endarterectomy : a prospective randomized study .,participants,3,3,0
12093332,HYPOTHESIS Bovine pericardium ( BP ) demonstrates improved intraoperative hemostasis and equivalent perioperative morbidity compared with Dacron when used as patch material for angioplasty following carotid endarterectomy .,interventions,0,8,0
12093332,OBJECTIVE To prospectively compare BP and Dacron patch angioplasty after carotid endarterectomy in a randomized fashion .,interventions,0,4,0
12093332,METHODS Ninety-five consecutive primary carotid endarterectomies were performed in a prospective randomized fashion in 92 patients .,participants,3,0,0
12093332,Fifty-one procedures were performed using BP and 44 using Dacron .,interventions,0,2,0
12093332,Intraoperative suture line bleeding was subjectively evaluated by observing bleeding at 3 and 4 minutes following carotid cross-clamp removal and then objectively weighing the sponge used to tamponade bleeding during these time intervals .,interventions,0,3,0
12093332,"Perioperative morbidity , including cervical wound hematoma , transient ischemic attack , and stroke , and perioperative mortality were recorded .",outcomes,0,0,11
12093332,"Statistical analysis was performed using paired t tests , chi ( 2 ) analysis , Fisher exact test , or multiple linear regression as appropriate .",none,0,0,0
12093332,RESULTS Suture line bleeding at 3 minutes was present in 7 ( 14 % ) of 51 patients in the BP group and 24 ( 55 % ) of 44 patients in the Dacron group ( P < .001 ) .,outcomes,0,2,6
12093332,Suture line bleeding evaluated at 4 minutes was present in 2 ( 4 % ) of 51 patients in the BP group and 13 ( 30 % ) of 44 patients in the Dacron group ( P =.001 ) .,outcomes,0,2,7
12093332,Net +/- SEM sponge weight ( total intraoperative suture line bleeding ) was 6.25 +/- 0.55 g in the BP group and 16.34 +/- 1.85 g in the Dacron group ( P < .001 ) .,outcomes,0,2,12
12093332,"Total suture line bleeding was significantly affected by activated clotting time ; however , multivariate analysis demonstrated that bleeding was significantly less with BP ( P < .001 ) even after adjusting for differences in activated clotting time .",outcomes,0,1,5
12093332,CONCLUSIONS Bovine pericardium demonstrated a statistically significant decrease in intraoperative suture line bleeding compared with Dacron .,interventions,0,3,0
12093332,Handling characteristics were judged by the surgeons to be superior for BP .,interventions,0,1,0
12093332,"Therefore , we believe BP may be an alternative to Dacron when performing patch angioplasty of the carotid artery after endarterectomy .",interventions,0,2,0
12093460,A pilot study of the safety and efficacy of supplemental arginine to enhance immune function in persons with HIV/AIDS .,interventions,0,1,0
12093460,OBJECTIVE We collected preliminary data on the safety and efficacy of supplemental arginine to improve natural killer cell cytotoxicity in a sample of persons with human immunodeficiency virus ( HIV ) and acquired immunodeficiency syndrome ( AIDS ) .,interventions,0,1,0
12093460,"METHODS In a randomized , double-blind , placebo-controlled pilot study in an academic medical center-based infectious disease clinic , 11 clinically stable , HIV-infected adults had been treated with highly active , antiretroviral therapy and had HIV plasma RNA levels of less than 10 000 copies/mL .",participants,2,2,0
12093460,"Participants were randomly assigned to receive 19.6 g of arginine/d ( n = 6 ) or placebo ( n = 5 ) for 14 d. Plasma HIV RNA levels , neuropsychologic functioning , and self-reported adverse events were analyzed for safety of treatment .",outcomes,0,5,10
12093460,Efficacy was measured by natural killer cell cytotoxicity .,outcomes,0,0,1
12093460,"RESULTS None of the participants experienced any adverse clinical , virologic , or neuropsychologic events that necessitated withdrawal from the study .",outcomes,0,0,8
12093460,"The arginine-supplemented group showed a mean natural killer cell cytotoxicity increase of 18.9 lytic units , whereas the placebo group showed an increase of 0.3 lytic units .",outcomes,0,1,5
12093460,This difference was not statistically significant ( P = 0.79 ) .,none,0,0,0
12093460,CONCLUSIONS Short-term arginine supplementation is safe for persons with HIV/AIDS .,interventions,0,1,0
12093460,Additional studies with larger samples and longer periods are warranted to determine the effects of arginine supplementation on other indices of immune function and on clinical outcomes such as intercurrent illnesses .,none,0,0,0
12094254,Overexpression of vascular endothelial growth factor ( VEGF ) and its cellular receptor KDR ( VEGFR-2 ) in the bone marrow of patients with acute myeloid leukemia .,participants,9,0,0
12094254,Vascular endothelial growth factor ( VEGF ) and its cellular receptor VEGFR-2 have been implicated as the main endothelial pathway required for tumor neovascularization .,none,0,0,0
12094254,"However , the importance of the VEGF/VEGFR-2 system for angiogenesis in hematologic malignancies such as AML remains to be elucidated .",none,0,0,0
12094254,"In 32 patients with newly diagnosed untreated AML , we observed by immunohistochemical analysis of bone marrow biopsies significantly higher levels of VEGF and VEGFR-2 expression than in 10 control patients ( P < 0.001 ) .",interventions,0,6,0
12094254,"In contrast , VEGFR-1 staining levels in AML patients were in the same range as in the controls .",none,0,0,0
12094254,"Expression of VEGF and VEGFR-2 was significantly higher in patients with a high degree of microvessel density compared to those with a low degree ( VEGF : P =0.024 ; VEGFR-2 : P =0.040 ) and correlated well with bone marrow microvessel density ( r ( s ) =0.566 and 0.609 , respectively ; P < 0.001 ) .",outcomes,0,0,5
12094254,"Furthermore , in patients who achieved a complete remission following induction chemotherapy VEGFR-2 staining levels decreased into the normal range .",outcomes,0,2,4
12094254,"In conclusion , our results provide evidence for increased expression of VEGF/VEGFR-2 of leukemic blasts and correlation with angiogenesis in the bone marrow of AML patients .",outcomes,0,0,4
12094254,"Thus , VEGF/VEGFR-2 might constitute promising targets for antiangiogenic and antileukemic treatment strategies in AML .",interventions,0,1,0
12096292,Pain and fatigue management : results of a nursing randomized clinical trial .,outcomes,0,0,1
12096292,"PURPOSE/OBJECTIVES Through a randomized clinical trial , to compare patients undergoing an initial course of chemotherapy who report pain and fatigue at baseline and who are receiving conventional care alone with those receiving conventional care plus a nursing intervention on outcomes reported at 20 weeks .",interventions,0,10,1
12096292,SETTING Chemotherapy clinics of two comprehensive and two community cancer centers .,participants,1,0,0
12096292,METHODS Interviews were conducted at baseline and 10 and 20 weeks .,none,0,0,0
12096292,"An 18-week , 10-contact nursing intervention utilizing problem-solving approaches to symptom management and improving physical functioning and emotional health was implemented .",interventions,0,15,4
12096292,SAMPLE The sample consisted of 53 patients in the experimental arm and 60 in the control arm who reported pain and fatigue at baseline .,participants,2,0,2
12096292,"VARIABLES Pain and fatigue , numbers of other symptoms , and physical role impact and social-functioning subscales from the Medical Outcomes Study 36 Short Form .",outcomes,0,0,9
12096292,FINDINGS Patients who received the intervention reported a significant reduction in the number of symptoms experienced and improved physical and social functioning .,outcomes,0,1,7
12096292,Fewer patients in the experimental arm reported both pain and fatigue at 20 weeks .,outcomes,0,0,2
12096292,"CONCLUSIONS Behavioral interventions targeted to patients with pain and fatigue can reduce symptom burden , improve the quality of the daily life of patients , and demonstrate the "" value-added "" role of nursing care for patients undergoing chemotherapy .",outcomes,0,4,9
12096292,"IMPLICATIONS FOR NURSING These data support the "" value-added "" role of nursing interventions for symptom management and improved quality of life during the course of cancer treatment .",outcomes,0,2,4
12105288,Combining weight-loss counseling with the weight watchers plan for obese breast cancer survivors .,participants,5,0,0
12105288,"OBJECTIVE The objective was to develop effective weight-loss methods for women who have had breast cancer , because obesity may result in an adverse prognosis .",none,0,0,0
12105288,RESEARCH METHODS AND PROCEDURES This randomized pilot study tested an individualized approach toward weight loss in obese women who have had a diagnosis of breast cancer .,participants,11,0,2
12105288,An individualized approach was applied either alone or combined with the commercial Weight Watchers program .,interventions,0,9,0
12105288,Forty-eight women ( body mass index of 30 to 44 kg/m ( 2 ) ) were enrolled .,none,0,0,0
12105288,"RESULTS Weight change after 12 months of intervention was as follows ( mean +/- SD ) : 0.85 +/- 6.0 kg in the control group , -2.6 +/- 5.9 kg in the Weight Watchers group , -8.0 +/- 5.5 kg in the individualized group , and -9.4 +/- 8.6 kg in the comprehensive group that used both individualized counseling and Weight Watchers .",interventions,0,15,2
12105288,"Weight loss relative to control was statistically significant in the comprehensive group 3 , 6 , and 12 months after randomization , whereas weight loss in the individualized group was significant only at 12 months .",outcomes,0,0,4
12105288,Weight loss of 10 % or more of initial body weight was observed in 6 of 10 women in the comprehensive group at 12 months .,outcomes,0,0,2
12105288,"In the comprehensive and Weight Watchers-only groups , weight loss was significantly related to frequency of attendance at Weight Watchers meetings , and attendance was more frequent in the comprehensive group .",outcomes,0,0,2
12105288,DISCUSSION These data indicate that the most weight loss was achieved when the counseling approach combined both Weight Watchers and individualized contacts .,outcomes,0,0,2
12105288,This was effective even though most of the individualized contacts were by telephone .,none,0,0,0
12108616,Efficacy of porcine secretin in children with autism and pervasive developmental disorder .,interventions,0,2,1
12108616,"Secretin , a gastrointestinal ( GI ) hormone , was reported in a preliminary study to improve language and behavior in children with autism/pervasive developmental disorder ( PDD ) and chronic diarrhea .",outcomes,0,1,3
12108616,"To determine the efficacy of secretin , we completed a double-blind , placebo-controlled , crossover ( 3 weeks ) study in children with autism/PDD and various GI conditions using a single dose of intravenous porcine secretin .",interventions,0,6,0
12108616,"Children with chronic , active diarrhea showed a reduction in aberrant behaviors when treated with the secretin but not when treated with the placebo .",interventions,0,3,2
12108616,Children with no GI problems are unaffected by either secretin or placebo .,interventions,0,2,0
12108616,The improvement seen with secretin in children with autism/PDD and chronic diarrhea suggests that there may be a subtype of children with autism/PDD who respond to secretin .,interventions,0,3,0
12108617,Double-blind placebo-controlled trial of secretin : effects on aberrant behavior in children with autism .,outcomes,4,2,7
12108617,"Secretin has been proposed as a treatment alternative for autistic spectrum disorders , but empirical support is lacking .",outcomes,0,1,3
12108617,A double-blind placebo-controlled study examined the effect of a single dose of synthetic human secretin on aberrant behavior .,interventions,0,3,3
12108617,Parent and teacher data from the Aberrant Behavior Checklist for eight male children were analyzed for reliable change in a clinical replication series .,outcomes,0,0,3
12108617,"By parent and teacher report , the majority of change occurred either on the placebo trial or reflected deterioration subsequent to secretin infusion .",interventions,0,2,0
12108617,Repeated-measures multivariate analysis of variance results were similar .,none,0,0,0
12108617,"Results are consistent with other studies , suggesting that secretin may not be an effective treatment option .",interventions,0,1,0
12110494,Use of high-dose cytarabine to enhance cisplatin cytotoxicity-effects on the response and overall survival rates of advanced head and neck cancer patients .,outcomes,0,2,3
12110494,"UNLABELLED It has been reported that cytarabine , acting by at least two different mechanisms , enhances the cytotoxic effect of cisplatin in in vitro systems .",interventions,0,2,0
12110494,"The aim of this open , prospective , randomised study was to estimate the eventual benefits from the inclusion of high-dose cytarabine in the cisplatin-5-fluorouracil ( 5-FU ) regimen as first-line treatment of patients with advanced head and neck cancer .",interventions,0,5,0
12110494,"The study recruited successive patients with unresectable grade I/II head and neck cancer who were not suitable for irradiation treatment ( T any N3 or T4 N2C ) , metastatic or previously irradiated .",interventions,0,2,0
12110494,All patients gave their informed consent .,none,0,0,0
12110494,"A joint ear , nose and throat ( ENT ) oncological committee performed the selection .",none,0,0,0
12110494,A total of 170 patients were included in the study .,none,0,0,0
12110494,"Patients randomised to arm A were given 1000 mg/m ( 2 ) cytarabine on day 1 preceding for 6 h cisplatin infusion , 30 mg/m ( 2 ) /24 h cisplatin intravenous ( i.v .",interventions,0,9,0
12110494,) bolus days 1-4 and 1000 mg/m ( 2 ) /24 h 5-FU in a 4-h infusion on days 1-4 .,none,0,0,0
12110494,Patients in arm B were given cisplatin and 5-FU in the same dosage and schedule as in arm A .,interventions,0,3,0
12110494,Additional irradiation+/-surgery was performed if and when feasible .,interventions,0,1,0
12110494,Patients in both arms were well balanced with regard to clinical variables .,none,0,0,0
12110494,"The following results were obtained : Arm A : 84 patients were included , 74 were evaluable for activity ; RESPONSE complete response ( CR ) 8 ( 11 % ) , partial response ( PR ) 40 ( 54 % ) , stable disease ( SD ) 11 ( 15 % ) , progressive disease ( PD ) 15 ( 20 % ) .",outcomes,0,0,17
12110494,"The overall response rate ( RR ) based on the evaluable patients was 48/74 ( 65 % , 95 % confidence interval ( CI ) 54-75 % ) ; The RR based on an intent-to-treat analysis was 57 % , 95 % CI 47-67 % ; Median survival was 13 months ; There were 50 episodes of granulocytopenia grade IV and 15 of febrile neutropenia per 316 cycles .",outcomes,0,0,19
12110494,"Arm B : 86 patients were included , 80 were evaluable for activity ; RESPONSE CR 7 ( 9 % ) , PR 29 ( 36 % ) , SD 10 ( 12.5 % ) , PD 34 ( 42.5 % ) ; The overall RR based on the evaluable patients was 36/80 ( 45 % , 95 % CI 35-56 % ) ; The RR based on an intent-to-treat analysis was 42 % , 95 % CI 32-52 % ; Median survival was 8 months ; There were 14 episodes of granulocytopenia grade IV and 7 febrile neutropenias per 324 cycles .",outcomes,0,0,6
12110494,"The RR was significantly higher in arm A ( P=0.013 ) , power ( one-sided ) 80 % .",outcomes,0,0,4
12110494,"The proportion of patients from the appropriate subset who achieved a clinical response making additional treatment feasible was higher in arm A ( P=0.00015 ) , as well as the proportion of patients with a performance status 2+3 achieving a response ( P < 0.0001 ) .",outcomes,0,0,11
12110494,"Using the Log-rank test , patients from arm A achieved a significantly longer survival ( P=0.009 ) , with the probability of survival at 12 months of 0.58 for patients in arm A and 0.28 for patients in arm B. Grade IV granulocytopenia and thrombocytopenia were more frequent in arm A .",outcomes,0,0,10
12110494,"Due to its haematological side-effects , cytarabine might not be the ideal drug to modulate the cytotoxicity of cisplatin .",outcomes,0,2,3
12110494,"However , other modulators of its activity could be of interest for further studies in head and neck cancer patients .",none,0,0,0
12113323,Multiple doses of secretin in the treatment of autism : a controlled study .,participants,1,1,0
12113323,UNLABELLED Dramatic effects on autistic behaviour after repeated injections of the gastrointestinal hormone secretin have been referred in a number of case reports .,interventions,0,1,0
12113323,"In the absence of curative and effective treatments for this disabling condition , this information has created new hope among parents .",none,0,0,0
12113323,"Although controlled studies on the effect of mainly one single dose have not documented any effect , many children still continue to receive secretin .",participants,1,1,0
12113323,"Six children enrolled in a double-blind , placebo-controlled crossover study in which each child was its own control .",participants,1,0,0
12113323,"Human synthetic secretin , mean dose 3.4 clinical units , and placebo were administered intravenously in randomized order every 4th wk , on three occasions each .",interventions,0,4,0
12113323,The measurement instruments were the visual analogue scale ( VAS ) and the aberrant behaviour checklist ( ABC ) .,outcomes,0,0,15
12113323,"Statistically significant differences were found for placebo in 3 out of 6 children and for secretin in one child , using parental ratings only ( VAS scores ) .",outcomes,1,1,7
12113323,"Differences were small and lacked clinical significance , which was in accordance with the overall impression of the parents and teachers and visual inspection of graphs .",none,0,0,0
12113323,"CONCLUSION In this placebo-controlled study , multiple doses of secretin did not produce any symptomatic improvement .",none,0,0,0
12116339,Monitoring tumour cells in the peripheral blood of small cell lung cancer patients .,none,0,0,0
12116339,"BACKGROUND Flow cytometry was used to enumerate tumour cells in longitudinal studies of peripheral blood from small cell lung cancer ( SCLC ) patients , together with magnetic bead selection to isolate and identify these cells .",interventions,0,2,0
12116339,"As part of a trial , 11 patients received either standard ( four weekly ) chemotherapy with ifosfamide , carboplatin , and etoposide ( ICE ) or accelerated ( two weekly ) ICE with filgrastim ( granulocyte colony-stimulating factor [ G-CSF ] ) and autologous stem cell support .",interventions,0,25,0
12116339,METHODS Fresh venous blood was taken throughout treatment and follow-up .,none,0,0,0
12116339,"Aliquots were stained with a "" tumour-specific "" antibody against epithelial tissue ( Ber EP4 ) , verified as a good marker of SCLC cells by immunohistochemistry .",none,0,0,0
12116339,Matched samples labelled with Ber EP4 were separated magnetically by adding a secondary bead-antibody conjugate for confirmation of tumour cell identity .,none,0,0,0
12116339,RESULTS Circulating tumour cells were detected and monitored throughout treatment periods .,outcomes,0,0,3
12116339,An initial rise in circulating cells after the first cycle was followed by a fall in both treatment arms to baseline levels set by normal controls .,outcomes,0,0,9
12116339,This was achieved by week 12 in the accelerated treatment arm and by week 24 in the standard arm .,none,0,0,0
12116339,CONCLUSIONS Flow cytometry and magnetic bead isolation can be used to identify changes in numbers of circulating tumour cells in patients undergoing chemotherapy for SCLC and thereafter during follow-up periods .,interventions,0,1,0
12116339,Absence of tumour cells may indicate a more favourable patient group who would benefit from a more intense course of treatment .,none,0,0,0
12117831,Relation between early mitral regurgitation and left ventricular thrombus formation after acute myocardial infarction : results of the GISSI-3 echo substudy .,none,0,0,0
12117831,"OBJECTIVE To evaluate the prevalence and correlates of left ventricular thrombosis in patients with acute myocardial infarction , and whether the occurrence of early mitral regurgitation has a protective effect against the formation of left ventricular thrombus .",none,0,0,0
12117831,DESIGN AND SETTING Multicentre clinical trial carried out in 47 Italian coronary care units .,none,0,0,0
12117831,"PATIENTS AND METHODS 757 patients from the GISSI-3 echo substudy population with their first acute myocardial infarct were studied by echocardiography at 24-48 hours from symptom onset ( S1 ) , at discharge ( S2 ) , at six weeks ( S3 ) , and at six months ( S4 ) .",interventions,0,7,0
12117831,The diagnosis of left ventricular thrombosis was based on the detection of an echo dense mass with defined margins visible throughout the cardiac cycle in at least two orthogonal views .,none,0,0,0
12117831,"RESULTS In 64 patients ( 8 % ) , left ventricular thrombosis was detected in one or more examinations .",outcomes,0,0,3
12117831,"Compared with the remaining 693 patients , subjects with left ventricular thrombosis were older ( mean ( SD ) age : 64.6 ( 13.0 ) v 59.8 ( 11.7 ) years , p < 0.005 ) , and had larger infarcts ( extent of wall motion asynergy : 40.9 ( 11.5 ) % v 24.9 ( 14 ) % , p < 0.001 ) , greater depression of left ventricular ejection fraction at S1 ( 43.3 ( 6.9 ) % v 48.1 ( 6.8 ) % , p < 0.001 ) , and greater left ventricular volumes at S1 ( end diastolic volume : 87 ( 22 ) v 78 ( 18 ) ml/m ( 2 ) , p < 0.001 ; end systolic volume : 50 ( 17 ) v 41 ( 14 ) ml/m ( 2 ) , p < 0.001 ) .",outcomes,0,0,18
12117831,"The prevalence of moderate to severe mitral regurgitation on colour Doppler at S1 was greater in patients who had left ventricular thrombosis at any time ( 10.2 % v 4.2 % , p < 0.05 ) .",outcomes,0,0,15
12117831,On stepwise multiple logistic regression analysis the only independent variables related to the presence of left ventricular thrombosis were the extent of wall motion asynergy and anterior site of infarction .,outcomes,0,0,3
12117831,"CONCLUSIONS Left ventricular thrombosis is not reduced , and may even be increased , by early moderate to severe mitral regurgitation after acute myocardial infarction .",outcomes,0,0,3
12117831,The only independent determinant of left ventricular thrombosis is the extent of the akinetic-dyskinetic area detected on echocardiography between 24-48 hours from symptom onset .,none,0,0,0
12120773,A scanning electron microscopic study of different caries removal techniques on human dentin .,participants,7,0,2
12120773,Scanning electron microscopy ( SEM ) evaluated the effect of different caries removal techniques on human dentin topography .,outcomes,0,0,6
12120773,Thirty-six extracted human carious mandibular molars were randomly assigned to six groups according to caries removal technique .,none,0,0,0
12120773,"Carious tissue was removed by hand excavation , bur excavation , air-abrasion , laser ablation , chemomechanical methods and sono-abrasion .",interventions,0,10,10
12120773,The remaining dentin surfaces were replicated and gold-coated .,interventions,0,3,0
12120773,The surfaces were examined using SEM and distinct differences in appearance were observed among specimens treated with different caries removal techniques .,none,0,0,0
12120773,"While hand-excavated , bur-excavated and air-abraded carious dentin surfaces were covered with a residual smear layer , sono-abrasion with patent dentinal tubules completely removed the smear layer .",outcomes,0,0,3
12120773,A few patent orifices of dentinal tubules were observed in dentin subjected to laser ablation and chemo-mechanical caries removal .,outcomes,0,0,5
12121427,Walking trials in postmenopausal women : effect of one vs two daily bouts on aerobic fitness .,outcomes,2,0,3
12121427,We compared the effects of one vs two daily bouts of walking on aerobic fitness and body composition in postmenopausal women .,interventions,2,7,4
12121427,One hundred and thirty-four subjects were randomized into exercise groups or a control group and 130 completed the study .,participants,5,0,0
12121427,The subjects walked 5 d/week for 15 weeks at 65 % of their maximal aerobic power expending 300 kcal ( 1255 kJ ) in exercise in one ( Group S1 ) or two daily sessions ( Group S2 ) .,interventions,0,18,0
12121427,VO ( 2max ) was measured in a direct maximal treadmill test .,interventions,0,4,4
12121427,Body mass index ( BMI ) was calculated and the percentage of body fat ( fat % ) estimated using skinfold measurements .,outcomes,0,0,6
12121427,"The net change in the VO ( 2max ) was 2.5 mL min/kg ( 95 % CI 1.5 , 3.5 ) ( 8.7 % ) in Group S1 and 2.5 mL min/kg ( 95 % CI 1.5 , 3.5 ) ( 8.8 % ) in Group S2 .",outcomes,0,0,4
12121427,"The net change in body mass was -1.2 kg ( 95 % CI-1.9 , -0.5 ) in Group S1 and -1.1 kg ( 95 % CI -1.8 , -0.4 ) in Group S2 .",outcomes,0,0,5
12121427,"The net fat % change was -2.1 % ( 95 % CI-2.7 , -1.4 ) in Group S1 and -1.7 % ( 95 % CI-2.3 , -1.0 ) in Group S2 .",outcomes,0,0,4
12121427,Exercise improved the maximal aerobic power and body composition equally when walking was performed in one or two daily bouts .,interventions,0,1,0
12123333,Intramuscular depot medroxyprogesterone versus oral megestrol for the control of postmenopausal hot flashes in breast cancer patients : a randomized study .,participants,4,2,2
12123333,"BACKGROUND Hot flashes are frequent in postmenopausal breast cancer patients , especially when treated with tamoxifen .",participants,4,0,2
12123333,"Estrogen replacement therapy is the most effective treatment for hot flashes , but its use is controversial in breast cancer survivors .",interventions,0,3,2
12123333,"Progestins may offer a good alternative for the control of hot flashes in this setting ; in particular , oral megestrol acetate has been proven effective in a randomized , placebo-controlled clinical trial .",outcomes,0,0,2
12123333,"With the aim of further improving these results , we have designed a randomized study comparing oral megestrol acetate with depot intramuscular ( i.m .",interventions,0,2,0
12123333,) medroxyprogesterone acetate ( MPA ) for the control of hot flashes in postmenopausal patients with a history of breast cancer .,interventions,0,5,0
12123333,PATIENTS AND METHODS Seventy-one postmenopausal patients were randomized to receive an i.m .,none,0,0,0
12123333,"injection of depot MPA 500 mg on days 1 , 14 and 28 , or oral megestrol acetate 40 mg daily for 6 weeks .",interventions,0,5,0
12123333,Patients recorded daily the number and severity of their hot flashes ; response was defined as a > or =50 % decrease in the number and severity of hot flashes .,outcomes,0,0,4
12123333,"RESULTS At week 6 , hot flashes were reduced by 86 % on average in the whole group of patients , without significant differences between the two progestins .",outcomes,0,0,2
12123333,"Response was obtained by 75 and 67 % of patients receiving MPA or megestrol , respectively ( P = 0.5 ) .",none,0,0,0
12123333,"Responders were followed to assess maintenance of response ( without further treatment ) , which was significantly better with i.m .",none,0,0,0
12123333,"MPA : in this group , 89 % of responders still showed a benefit at week 24 , compared with 45 % in the megestrol group ( P = 0.03 ) .",interventions,0,2,0
12123333,CONCLUSIONS Our study shows that a short cycle of i.m .,none,0,0,0
12123333,"depot MPA injections provides significant and long-lasting relief from postmenopausal hot flashes in patients with a history of breast cancer , offering an alternative to estrogen replacement therapy or prolonged administration of oral megestrol .",outcomes,0,2,4
12131309,Is periprostatic local anesthesia for transrectal ultrasound guided prostate biopsy associated with increased infectious or hemorrhagic complications ?,participants,5,1,4
12131309,A prospective randomized trial .,none,0,0,0
12131309,PURPOSE Periprostatic local anesthesia for prostate biopsy requires 2 or more extra needle punctures and injection of the local anesthetic through the highly colonized rectum .,none,0,0,0
12131309,To our knowledge we report the first prospective randomized trial to assess the infectious or hemorrhagic complications associated with this method .,outcomes,0,0,4
12131309,MATERIALS AND METHODS A total of 100 consecutive patients with sterile urine cultures underwent transrectal ultrasound guided prostate biopsy .,participants,9,5,0
12131309,They were randomized to receive a periprostatic nerve block or no anesthesia .,interventions,0,4,0
12131309,"Patients were evaluated for the amount of rectal and urethral bleeding , and symptoms and signs of infection after biopsy .",interventions,0,11,9
12131309,RESULTS The amount of urethral bleeding was slight and similar in the 2 groups .,outcomes,0,0,4
12131309,Rectal bleeding was significantly less in the patients who received anesthesia .,outcomes,0,0,2
12131309,High fever ( greater than 37.8C ) was more frequent in the nerve block group and 2 patients in this group required rehospitalization .,outcomes,0,0,2
12131309,Bacteriuria in post-biopsy urine cultures was significantly more common in the anesthesia group .,outcomes,0,0,5
12131309,CONCLUSIONS Our results suggest that periprostatic local anesthesia for prostate biopsy does not increase the risk of urethral bleeding .,outcomes,0,1,2
12131309,"It is associated with a decreased incidence of rectal bleeding , presumably due to decreased patient discomfort .",outcomes,0,0,2
12131309,The incidence of bacteriuria was significantly higher in the anesthesia group .,outcomes,0,0,1
12131309,"High fever and hospitalization due to infectious complications were also more common in the local anesthesia group , although not statistically significant .",outcomes,0,0,4
12131309,Prospective randomized trials seem warranted to determine the optimum antibiotic prophylaxis regimen in patients undergoing biopsy with a periprostatic nerve block .,none,0,0,0
12135593,Limited effects of micronutrient supplementation on strength and physical function after abdominal aortic aneurysmectomy .,outcomes,4,2,5
12135593,BACKGROUND Tissue injury following ischemia-reperfusion is mediated in part by free oxygen radicals .,none,0,0,0
12135593,"We hypothesized that perioperative micronutrient supplementation would augment antioxidant defenses , minimize muscle injury , and minimize postoperative decreases in muscle strength and physical function following abdominal aortic aneurysmectomy .",outcomes,0,2,18
12135593,SETTING A university-affiliated hospital and regional referral center .,none,0,0,0
12135593,"DESIGN A randomized , double-blind , placebo-controlled trial of supplementation with beta-carotene , vitamins C and E , zinc , and selenium for a period of 2-3 weeks prior to surgery and 1 week thereafter .",interventions,0,14,0
12135593,STUDY POPULATION Patients undergoing elective abdominal aortic aneurysmectomy ( n=18 per group ) .,participants,4,3,0
12135593,PRINCIPAL MEASUREMENTS Handgrip and other measures of strength and physical function .,outcomes,0,0,9
12135593,"RESULTS Handgrip and quadriceps strength decreased following surgery , but not to a significantly different extent in the placebo and supplemented groups .",outcomes,0,0,4
12135593,Self-rated physical function decreased following surgery in the placebo group and was preserved in the supplemented group .,outcomes,0,1,3
12135593,CONCLUSIONS Perioperative supplementation with micronutrients with antioxidant properties has limited effects on strength and physical function following major elective surgery .,interventions,0,4,4
12139152,Oral desensitization in papular urticaria in children .,participants,5,0,0
12139152,Papular urticaria ( PU ) is among the commonest skin ailments in children .,participants,2,0,0
12139152,Induced specific desensitization to insect bites is theoretically an effective means of prevention of PU .,none,0,0,0
12139152,"In this double blind placebo controlled study , an oral vaccine prepared from insect saliva was compared with placebo ( stable vaccine solvent ) .",interventions,0,14,0
12139152,"Vaccine and placebo effectiveness were tested by counting active PU lesions , serum eosinophils , and IgE , before and after 4 months of treatment .",outcomes,0,2,7
12139152,Statistically significant differences between oral vaccine and placebo were not found in the clinical or the immunological variables tested .,none,0,0,0
12139152,"We conclude that , although a lack of oral vaccine efficacy was suspected , larger study samples are needed to strengthen our conclusion .",none,0,0,0
12143780,Fusion surgery is slightly better than non-surgical treatment in patients with severe chronic non-specific low back pain .,participants,9,4,0
12148711,Effect of clinical pharmacy services on the blood pressure of African-American renal transplant patients .,interventions,2,3,2
12148711,OBJECTIVE The objective of this study was to determine if African-American renal transplant patients who received direct patient care from a clinical pharmacist had better blood pressure control compared to African-American renal transplant patients who did not have clinical pharmacy services .,outcomes,0,2,3
12148711,METHODS Renal transplant patients were prospectively randomized into an intervention group or a control group .,participants,3,0,0
12148711,"Patients in the intervention group received clinical pharmacy services that included a clinical pharmacist performing patient medication reviews , with emphasis on preventing or resolving medication-related problems and providing medication recommendations .",interventions,0,27,0
12148711,"Patients in the control group received routine clinic services , but had no clinical pharmacist interaction .",interventions,0,12,0
12148711,Analysis was performed to detect differences between the intervention and control groups in baseline and quarterly systolic blood pressure ( SBP ) and diastolic blood pressure ( DBP ) for one year post-study enrollment .,outcomes,0,0,15
12148711,RESULTS There were no differences between the intervention ( N = 13 ) and control ( N = 10 ) groups in baseline blood pressures or in the percentage of hypertensive patients .,participants,2,0,2
12148711,"Significant differences in the change in SBP and DBP from baseline between the intervention and control groups were observed at the second , third , and fourth quarters of the study , favoring the intervention group ( P < .01 ) .",outcomes,0,0,2
12148711,"Mean SBP was significantly lower in the intervention group at the second ( 137.8 +/- 15.0 vs 168.9 +/- 15.3 ) , third ( 135.9 +/- 11.7 vs 164.6 +/- 20.1 ) , and fourth ( 145.3 +/- 16.8 vs 175.8 +/- 33.9 ) quarters of the study ( P < .05 ) .",outcomes,0,0,2
12148711,Mean DBP was significantly lower in the intervention group at the second ( 76.0 +/- 11.8 vs 84.9 +/- 6.1 ) and fourth ( 77.0 +/- 10.2 vs 91.8 +/- 12.0 ) quarters ( P < .05 ) .,outcomes,0,0,2
12148711,"CONCLUSION Direct patient care services provided by a clinical pharmacist , in addition to routine clinical services , have a positive effect on the blood pressure of African-American renal transplant patients .",outcomes,0,0,2
12148711,A multidisciplinary team that includes a clinical pharmacist is beneficial to patient care .,none,0,0,0
12151468,Risperidone in children with autism and serious behavioral problems .,participants,5,1,0
12151468,"BACKGROUND Atypical antipsychotic agents , which block postsynaptic dopamine and serotonin receptors , have advantages over traditional antipsychotic medications in the treatment of adults with schizophrenia and may be beneficial in children with autistic disorder who have serious behavioral disturbances .",none,0,0,0
12151468,"However , data on the safety and efficacy of atypical antipsychotic agents in children are limited .",interventions,0,2,0
12151468,"METHODS We conducted a multisite , randomized , double-blind trial of risperidone as compared with placebo for the treatment of autistic disorder accompanied by severe tantrums , aggression , or self-injurious behavior in children 5 to 17 years old .",participants,3,2,0
12151468,The primary outcome measures were the score on the Irritability subscale of the Aberrant Behavior Checklist and the rating on the Clinical Global Impressions - Improvement ( CGI-I ) scale at eight weeks .,none,0,0,0
12151468,"RESULTS A total of 101 children ( 82 boys and 19 girls ; mean [ +/-SD ] age , 8.8+/-2.7 years ) were randomly assigned to receive risperidone ( 49 children ) or placebo ( 52 ) .",participants,4,2,0
12151468,"Treatment with risperidone for eight weeks ( dose range , 0.5 to 3.5 mg per day ) resulted in a 56.9 percent reduction in the Irritability score , as compared with a 14.1 percent decrease in the placebo group ( P < 0.001 ) .",interventions,0,2,2
12151468,"The rate of a positive response , defined as at least a 25 percent decrease in the Irritability score and a rating of much improved or very much improved on the CGI-I scale , was 69 percent in the risperidone group ( 34 of 49 children had a positive response ) and 12 percent in the placebo group ( 6 of 52 , P < 0.001 ) .",outcomes,0,2,4
12151468,"Risperidone therapy was associated with an average weight gain of 2.7+/-2.9 kg , as compared with 0.8+/-2.2 kg with placebo ( P < 0.001 ) .",outcomes,0,2,3
12151468,"Increased appetite , fatigue , drowsiness , dizziness , and drooling were more common in the risperidone group than in the placebo group ( P < 0.05 for each comparison ) .",outcomes,0,1,10
12151468,"In two thirds of the children with a positive response to risperidone at eight weeks ( 23 of 34 ) , the benefit was maintained at six months .",none,0,0,0
12151468,"CONCLUSIONS Risperidone was effective and well tolerated for the treatment of tantrums , aggression , or self-injurious behavior in children with autistic disorder .",participants,3,1,0
12151468,The short period of this trial limits inferences about adverse effects such as tardive dyskinesia .,none,0,0,0
12160584,Prognostic factor analysis in patients with advanced prostate cancer treated by castration plus anandron or placebo : a final update .,participants,3,3,0
12160584,PURPOSE Different outcome results have been published in trials comparing maximal androgen blockade ( MAB ) with chemical or surgical castration alone .,interventions,0,5,0
12160584,The conflicting results could be explained by the fact that patients were included with different prognostic factors .,none,0,0,0
12160584,"In this new analysis of the Anandron European Study , independent prognostic factors have been evaluated in order to identify those which could influence the study outcome and the impact of the treatment .",none,0,0,0
12160584,"MATERIAL AND METHODS 399 out of 457 patients recruited in this study were divided in a good or poor prognostic group depending on the presence of two or more poor prognostic factors , these were pain requiring treatment , > 5 bone metastases , hydronephrosis , and alkaline phosphatase > 2 ULN .",participants,2,0,0
12160584,"RESULTS When expressed as a percentage , the improvement in time to progression , overall and cancer specific survival in the Anandron treated patients was identical in both groups .",outcomes,0,1,11
12160584,"In absolute terms this improvement , however , was greater in the good prognostic group .",none,0,0,0
12160584,"CONCLUSION In comparison with surgical castration MAB using Anandron , in patients with metastatic prostate cancer improves the time to objective progression , overall and cancer specific survival , irrespective of certain poor prognostic factors .",outcomes,3,5,8
12168688,"A randomised , controlled study of dietary intervention in autistic syndromes .",participants,3,2,0
12168688,"Impaired social interaction , communication and imaginative skills characterize autistic syndromes .",none,0,0,0
12168688,"In these syndromes urinary peptide abnormalities , derived from gluten , gliadin , and casein , are reported .",none,0,0,0
12168688,They reflect processes with opioid effect .,none,0,0,0
12168688,The aim of this single blind study was to evaluate effect of gluten and casein-free diet for children with autistic syndromes and urinary peptide abnormalities .,participants,7,4,0
12168688,A randomly selected diet and control group with 10 children in each group participated .,participants,2,0,0
12168688,Observations and tests were done before and after a period of 1 year .,outcomes,0,0,3
12168688,The development for the group of children on diet was significantly better than for the controls .,interventions,0,2,1
12169964,Primary deep sclerectomy versus primary deep sclerectomy with the use of mitomycin C in primary open-angle glaucoma .,interventions,3,10,0
12169964,PURPOSE To prospectively study and compare the effectiveness and the safety of primary deep sclerectomy with and without the use of mitomycin C in eyes with open-angle glaucoma .,participants,4,0,2
12169964,PATIENTS AND METHODS A total of 90 eyes of 90 patients with primary open-angle glaucoma or pseudoexfoliative glaucoma underwent deep sclerectomy .,participants,11,0,0
12169964,"Patients were enrolled consecutively and assigned randomly to undergo deep sclerectomy without the use of mitomycin C ( DS group ) and deep sclerectomy with the application of mitomycin C ( DSMMC group ) in a concentration of 0.2 mg/mL for 2.5 minutes , before the superficial scleral flap formation .",interventions,0,14,0
12169964,RESULTS The intraocular pressure was significantly decreased by 7.13 mm Hg or 27.59 % in the DS group and by 11.68 mm Hg or 42.25 % in the DSMMC group at the end of the follow-up period .,outcomes,0,0,2
12169964,The intraocular pressure reduction in the DSMMC group was statistically significant when compared with that in the DS group ( P < 0.05 ) .,none,0,0,0
12169964,The complete ( IOP < 22 mm Hg without medication ) and qualified ( IOP < 22 mm Hg with or without medication ) success rates at the end of the follow-up period were 42.5 % and 72.5 % in the DS group and 50 % and 95 % in the DSMMC group .,outcomes,0,0,2
12169964,The qualified success rate in the DSMMC group was statistically significant when compared with that in the DS group .,outcomes,0,0,3
12169964,"Differences in complications ( choroidal detachment , hyphema , leakage ) seen between the two groups were statistically nonsignificant .",outcomes,0,0,8
12169964,A hemorrhagic detachment of the Descemet membrane was observed in one eye in the DSMMC group .,outcomes,0,0,6
12169964,CONCLUSIONS The use of intraoperative mitomycin C during deep sclerectomy significantly reduced the postoperative IOP and increased the success rate of the procedure .,none,0,0,0
12176916,Cyclosporine inhibition of P-glycoprotein in chronic myeloid leukemia blast phase .,participants,5,1,0
12176916,"Chronic myeloid leukemia blast phase ( CML-BP ) cells commonly express the multidrug transporter , P-glycoprotein ( Pgp ) .",none,0,0,0
12176916,"To determine whether Pgp inhibition improves treatment outcome in CML-BP , the Southwest Oncology Group performed a randomized , controlled trial testing the benefit of the Pgp modulator , cyclosporin A ( CsA ) .",interventions,0,7,0
12176916,Seventy-three eligible patients were assigned to treatment with cytarabine and infusional daunorubicin with or without intravenous CsA .,interventions,1,9,0
12176916,"Treatment with CsA yielded no improvement in treatment outcome as measured by the frequency of induction resistance ( 68 % vs 53 % ) , rate of complete remission or restored chronic phase ( CR/CP , 8 % vs 30 % ) , and survival ( 3 vs 5 months ) .",outcomes,0,0,14
12176916,"Blast expression of Pgp ( 63 % ) and LRP ( 71 % ) was common , whereas only Pgp adversely impacted the rate of CR/CP ( P =.025 ) .",outcomes,0,0,8
12176916,We conclude that Pgp has prognostic relevance in CML-BP but that the modulation of Pgp function with CsA as applied in this trial is ineffective .,none,0,0,0
12182253,"A randomized , double-blind , placebo-controlled comparison of the analgesic efficacy , onset of action , and tolerability of ibuprofen arginate and ibuprofen in postoperative dental pain .",outcomes,4,3,7
12182253,"BACKGROUND Because of its enhanced pharmacokinetic characteristics , ibuprofen arginate might be expected to provide faster pain relief than standard ibuprofen formulations in patients experiencing acute pain .",interventions,3,4,4
12182253,"OBJECTIVE This study assessed the analgesic efficacy , speed of onset , and tolerability of ibuprofen arginate compared with a commercially available form of ibuprofen in patients with postoperative dental pain .",outcomes,3,0,9
12182253,"METHODS Patients were randomized to receive ibuprofen arginate 200 or 400 mg , ibuprofen 200 or 400 mg , or placebo in this multicenter , double-blind , double-dummy , parallel-group trial .",interventions,0,14,0
12182253,Patients were observed for 6 hours after administration of a single dose of study medication .,none,0,0,0
12182253,"A repeated-dose , open-label phase followed .",none,0,0,0
12182253,Pain intensity and pain relief were measured using traditional verbal descriptor scales ; onset of analgesia was assessed using 2 stopwatches to measure the time to achievement of specific pain relief criteria .,outcomes,0,0,19
12182253,"RESULTS A total of 498 patients ( 219 men , 279 women ; mean age , 21.5 years ) participated in this study .",participants,6,0,0
12182253,Baseline pain was moderate in 388 patients ( 78 % ) and severe in 110 patients ( 22 % ) .,outcomes,0,0,2
12182253,"Meaningful pain relief was reached after a median of 29 and 28 minutes with ibuprofen arginate 200 and 400 mg , respectively , and after 52 and 44 minutes with ibuprofen 200 and 400 mg , respectively ( all , P < 0.05 ) .",interventions,0,3,2
12182253,"The percentages of patients who achieved meaningful pain relief within the first hour after treatment were 77.6 % and 83.7 % for ibuprofen arginate 200 and 400 mg , respectively , 61.0 % and 63.0 % for ibuprofen 200 and 400 mg , respectively , and 39.8 % for placebo .",interventions,0,3,2
12182253,"The differences between ibuprofen arginate and ibuprofen were statistically significant ( both doses , P < 0.05 ) .",none,0,0,0
12182253,Significantly greater numbers of patients achieved meaningful pain relief with ibuprofen arginate 400 mg compared with placebo from 20 minutes through 6 hours and with ibuprofen arginate 200 mg from 30 minutes through 6 hours ( P < 0.05 ) .,interventions,0,3,2
12182253,"Compared with placebo , a greater number of patients achieved meaningful pain relief with ibuprofen 400 mg from 45 minutes through 6 hours ; with ibuprofen 200 mg. the corresponding interval was from I through 6 hours .",outcomes,0,1,2
12182253,"After the first hour , pain reduction was similar for the similar doses of the 2 ibuprofen preparations .",outcomes,0,1,2
12182253,"Median remedication times with both doses of ibuprofen arginate were similar to those with both doses of ibuprofen , ranging from 4.0 to 5.2 hours .",outcomes,0,2,3
12182253,Adverse-event profiles were similar between the 2 active medications .,outcomes,0,0,2
12182253,"CONCLUSIONS Ibuprofen arginate was effective in this population of patients experiencing moderate to severe pain after surgical extraction of > or = 1 impacted third molar , with 16 to 24 minutes ' faster time to meaningful pain relief than with ibuprofen .",interventions,0,2,2
12182253,The 2 formulations had similar tolerability profiles .,outcomes,0,0,1
12183788,[ Local treatment of periarthropathies with the 5-HT3-receptor-antagonist tropisetron ] .,interventions,1,3,0
12183788,"All substances used in the local treatment for periarthropathies , such as local anesthetics , corticosteroids or botulinum toxin A , possess certain disadvantages .",interventions,1,6,0
12183788,Finding alternatives to these agents in the local treatment of the disease therefore seems desirable .,none,0,0,0
12183788,"Comparative studies proved a local injection of the 5-HT3 receptor antagonist , tropisetron ( Navoban ( R ) ) , to be more effective than an injection of the local anesthetic prilocaine in treating periarthropathies of different localizations .",outcomes,1,14,16
12183788,A comparison between the local injection of 10 mg of depot dexamethasone combined with 60 mg of lidocaine and 5 mg of tropisetron showed that the two regimens had the same effect .,interventions,0,4,0
12183788,These findings demonstrate that a local injection of 5 mg tropisetron does represent an alternative to the local treatment with corticosteriods plus local anesthetics .,outcomes,0,4,6
12183788,"However , these results should be corroborated by additional studies .",none,0,0,0
12185154,Home based management in multiple sclerosis : results of a randomised controlled trial .,interventions,2,3,0
12185154,BACKGROUND Home based medical care is a popular alternative to standard hospital care but there is uncertainty about its cost-effectiveness .,interventions,0,4,2
12185154,OBJECTIVES To compare the effectiveness and the costs of multidisciplinary home based care in multiple sclerosis with hospital care in a prospective randomised controlled trial with a one year follow up .,interventions,0,4,4
12185154,METHODS 201 patients with clinically definite multiple sclerosis were studied .,participants,1,0,0
12185154,They were randomised in a ratio 2:1 to an intervention group ( 133 ) or a control group ( 68 ) .,none,0,0,0
12185154,They were assessed at baseline and one year after randomisation with validated measures of physical and psychological impairment and quality of life ( SF-36 health survey ) .,outcomes,0,0,17
12185154,The costs to the National Health Service over the one year follow up were calculated by a cost minimisation analysis .,outcomes,0,0,12
12185154,RESULTS There were no differences in functional status between the home based care group and the hospital group .,outcomes,0,0,2
12185154,"There was a significant difference between the two groups favouring home based management in four SF-36 health dimensions-general health , bodily pain , role-emotional , and social functioning ( all p < or = 0.001 ) .",outcomes,0,0,14
12185154,"The cost of home based care was slightly less ( 822 euros/patient/year ) than hospital care , mainly as a result of a reduction in hospital admissions .",outcomes,0,0,1
12185154,CONCLUSIONS Comprehensive planning of home based intervention implemented by an interdisciplinary team and designed specifically for people with multiple sclerosis may provide a cost-effective approach to management and improve the quality of life .,interventions,0,6,4
12185505,Combined therapy in the treatment of primary mediastinal B-cell lymphoma : conventional versus escalated chemotherapy .,participants,4,0,0
12185505,Treatment of patients with primary mediastinal B-cell lymphoma ( PMBCL ) remains controversial .,participants,9,0,0
12185505,We started a controlled clinical trial to evaluate the efficacy and toxicity of a conventional versus more intensive regimen of combined chemotherapy followed by radiotherapy to the mediastinum with the mantle technique .,outcomes,0,0,3
12185505,"From 1989 to 1997 , 68 patients diagnosed with previously untreated PMBCL , aged 18-65 years and negative for immunodeficiency virus test , were considered candidates to receive either conventional chemotherapy with CEOP-Bleo ( cyclophosphamide 750 mg/m ( 2 ) , vincristine 1.4 mg/m ( 2 ) , prednisone 40 mg/m ( 2 ) , epirubicin 70 mg/m ( 2 ) , and bleomycin 10 mg/m ( 2 ) ) or mega CEOP-Bleo ( cyclophosphamide 1000 mg/m ( 2 ) , epirubicin 120 mg/m ( 2 ) , vincristine , prednisone , and bleomycin at the same doses ) every 21 days for six cycles , followed by radiotherapy to the mediastinum with the mantle technique ( 35-45 Gy , mean 38 Gy ) .",interventions,0,86,0
12185505,Complete response ( CR ) rates were not statistically different : 64 % [ 95 percent confidence interval ( CI ) : 58 percent to 70 percent ] for conventional arm vs 81 percent ( 95 CI : 77-86 percent ) in the intensive group ( p=0.2 ) .,outcomes,0,0,12
12185505,"However , failure-free survival ( FFS ) and overall survival ( OS ) had statistical differences .",outcomes,0,0,15
12185505,"At 5 years , actuarial FFS for patients treated with conventional chemotherapy was 51 percent ( 95 percent CI : 44-59 percent ) compared to 70 percent ( 95 percent CI : 65-76 percent ) in the intensive arm ( p > 0.01 ) .",outcomes,0,0,2
12185505,"OS rates were also different : 54 percent ( 95 percent CI : 48-57 percent ) vs 70 percent ( 95 percent CI : 65-76 percent ) , respectively ( p < 0.01 ) .",outcomes,0,0,2
12185505,Toxicity was mild and no therapy-related deaths were observed .,outcomes,0,0,3
12185505,"At a median follow-up of 7.3 years , no second neoplasia or acute leukemia has been observed .",outcomes,0,0,4
12185505,The international prognostic index was not useful to define clinical risk in this selected group of patients .,outcomes,0,0,4
12185505,Multivariate analysis identified pleural and pericardial effusion and chemotherapy regimen as prognostic factors influencing FFS and OS .,outcomes,0,0,4
12185505,"We feel that patients with PMBCL should be treated with more intensive , but not myeloablative chemotherapy , followed by adjuvant radiotherapy to achieve an improvement in outcome in this setting of patients .",none,0,0,0
12185505,Patients with pleural or pericardial effusion are considered at high risk for failure with the actual programs of treatment and probably will be considered for experimental therapeutic approaches .,none,0,0,0
12193353,Local warming and insertion of peripheral venous cannulas : single blinded prospective randomised controlled trial and single blinded randomised crossover trial .,none,0,0,0
12193353,OBJECTIVE To determine whether local warming of the lower arm and hand facilitates peripheral venous cannulation .,outcomes,0,0,4
12193353,DESIGN Single blinded prospective randomised controlled trial and single blinded randomised crossover trial .,none,0,0,0
12193353,SETTING Neurosurgical unit and haematology ward of university hospital .,none,0,0,0
12193353,PARTICIPANTS 100 neurosurgical patients and 40 patients with leukaemia who required chemotherapy .,participants,3,0,0
12193353,INTERVENTIONS Neurosurgical patients ' hands and forearms were covered for 15 minutes with a carbon fibre heating mitt .,interventions,0,14,0
12193353,Patients were assigned randomly to active warming at 52 degrees C or passive insulation ( heater not activated ) .,interventions,0,8,0
12193353,The same warming system was used for 10 minutes in patients with leukaemia .,none,0,0,0
12193353,They were assigned randomly to active warming or passive insulation on day 1 and given alternative treatment during the subsequent visit .,none,0,0,0
12193353,MAIN OUTCOME MEASURES PRIMARY : success rate for insertion of 18 gauge cannula into vein on back of hand .,outcomes,0,0,15
12193353,SECONDARY : time required for successful cannulation .,outcomes,0,0,6
12193353,"RESULTS In neurosurgical patients , it took 36 seconds ( 95 % confidence interval 31 to 40 seconds ) to insert a cannula in the active warming group and 62 ( 50 to 74 ) seconds in the passive insulation group ( P=0.002 ) .",outcomes,0,0,3
12193353,Three ( 6 % ) first attempts failed in the active warming group compared with 14 ( 28 % ) in the passive insulation group ( P=0.008 ) .,outcomes,0,0,1
12193353,"The crossover study in patients with leukaemia showed that insertion time was reduced by 20 seconds ( 8 to 32 , P=0.013 ) with active warming and that failure rates at first attempt were 6 % with warming and 30 % with passive insulation ( P < 0.001 ) .",outcomes,0,0,7
12193353,"CONCLUSIONS Local warming facilitates the insertion of peripheral venous cannulas , reducing both time and number of attempts required .",outcomes,0,0,12
12193353,"This may decrease the time staff spend inserting cannulas , reduce supply costs , and improve patient satisfaction .",outcomes,0,0,5
12197822,Should we debrief and counsel people who have had psychological shock ?,none,0,0,0
12198659,Endoscopic ligation compared with sclerotherapy for bleeding esophageal varices in children with extrahepatic portal venous obstruction .,participants,5,3,3
12198659,"Endoscopic sclerotherapy is an effective treatment for bleeding esophageal varices , but it is associated with significant complications .",interventions,0,2,2
12198659,"Endoscopic ligation , a new form of endoscopic treatment for bleeding varices , has been shown to be superior to sclerotherapy in adult patients with cirrhosis .",interventions,0,2,0
12198659,"To determine the efficacy and safety of endoscopic sclerotherapy and ligation , the 2 methods were compared in a randomized control trial in 49 children with extrahepatic portal venous obstruction who had proven bleeding from esophageal varices .",participants,9,0,3
12198659,Twenty-four patients were treated with sclerotherapy and 25 with band ligation .,interventions,2,4,0
12198659,"No significant differences were found between the sclerotherapy and ligation groups in arresting active index bleeding ( 100 % each ) and achieving variceal eradication ( 91.7 % vs. 96 % , P =.61 ) .",outcomes,0,0,7
12198659,"Band ligation eradicated varices in fewer endoscopic sessions than did sclerotherapy ( 3.9 +/- 1.1 vs. 6.1 +/- 1.7 , respectively , P < .0001 ) .",outcomes,0,0,3
12198659,"The rebleeding rate was significantly higher in the sclerotherapy group ( 25 % vs. 4 % , P =.049 ) , as was the rate of major complications ( 25 % vs. 4 % , P =.049 ) .",outcomes,0,0,6
12198659,"After eradication , esophageal variceal recurrence was not significantly different in patients treated by ligation than by sclerotherapy ( 17.4 % vs. 10 % , P =.67 ) .",outcomes,0,0,3
12198659,"In conclusion , variceal band ligation in children is a safe and effective technique that achieves variceal eradication more quickly , with a lower rebleeding rate and fewer complications compared with sclerotherapy .",outcomes,1,3,8
12199005,Mandibular advancement splint improves indices of obstructive sleep apnoea and snoring but side effects are common .,participants,5,3,0
12199005,AIM To assess the efficacy of a mandibular advancement splint ( MAS ) in the treatment of obstructive sleep apnoea syndrome ( OSAS ) .,outcomes,0,6,8
12199005,"METHODS Nineteen patients using a MAS for symptomatic OSAS underwent polysomnography , with MAS use randomised to one half of the night .",interventions,1,2,0
12199005,Indices of snoring and OSAS were compared .,outcomes,0,0,4
12199005,"Side effects , compliance and treatment response were evaluated by questionnaire .",outcomes,0,0,5
12199005,"RESULTS Use of the MAS improved total respiratory disturbance index ( RDI ) from 22.2 +/- 19.8 ( SD ) events per hour to 16.5 +/- 21.4/hr ( p = 0.03 ) , supine RDI ( 30.8 +/- 23.8/hr to 18.8 +/- 22.1/hr , p = 0.01 ) , arousal index ( 25.2 +/- 18.9/hr to 19.3 +/- 14.2/hr , p = 0.01 ) and snoring intensity ( 52.7 +/- 4.1 to 50.7 +/- 2.7 dB , p = 0.02 ) but not total snore frequency ( p > 0.05 ) .",outcomes,0,1,19
12199005,"Using polysomnographic criteria , MAS treatment was completely successful in four ( 21 % ) patients , partially successful in ten ( 52.6 % ) and a failure in five ( 26.3 % ) .",outcomes,0,1,5
12199005,Treatment over a median of 6.5 weeks ( range 2-48 ) was perceived as beneficial by ten of eleven partners .,none,0,0,0
12199005,"Fifteen patients ( 79 % ) reported side effects , 9 ( 46 % ) did not use the device every night and four ( 21 % ) used the device less than three nights per week .",outcomes,0,0,2
12199005,CONCLUSION The use of the MAS resulted in significant reductions in indices of OSAS and snoring .,outcomes,0,1,2
12199005,"However , a significant number of patients had difficulty tolerating and regularly using the device .",none,0,0,0
12201937,Effect of diuresis on extracorporeal shockwave lithotripsy treatment of ureteric calculi .,participants,3,0,0
12201937,OBJECTIVE To evaluate the effect of diuresis during extracorporeal shockwave lithotripsy ( ESWL ) treatment of ureteric calculi .,interventions,0,7,0
12201937,The purpose is to improve stone fragmentation and clearance rates .,none,0,0,0
12201937,MATERIALS AND METHODS One hundred and six consecutive patients with ureteric calculi at different levels were treated by ESWL using Siemens Lithostar 2 machine .,participants,12,1,0
12201937,Patients have been randomized into two treatment groups .,none,0,0,0
12201937,The first group was treated by standard ESWL and included 54 patients .,interventions,0,2,0
12201937,The second group was treated by ESWL with diuresis during the ESWL session .,interventions,0,7,0
12201937,Shock waves were given at a rate of 90 shocks/minute with energy starting from 10 up to 18 KV .,none,0,0,0
12201937,During the ESWL session the patient belonging to the second group received i.v .,none,0,0,0
12201937,infusion of 500 ml normal saline containing 40 mg furosemide as a diuretic .,none,0,0,0
12201937,The stone fragmentation and clearance rates were the two end points for evaluation .,outcomes,0,0,4
12201937,RESULTS The average number of sessions per stone was 1.92 and 1.5 and the average number of shocks per stone was 6295 and 5300 for the first and second treatment groups respectively .,outcomes,0,0,12
12201937,Stone fragmentation rate was 47/54 ( 87 % ) and 50/52 ( 96.2 % ) and the stone clearance ( success ) rate was 47/54 ( 87 % ) and 48/52 ( 92.3 % ) for the first and the second groups respectively .,outcomes,0,0,9
12201937,Analysis of the results in relation to stone location showed that the two treatment groups were comparable for upper and middle ureteric calculi .,none,0,0,0
12201937,"However for distal ureteric stones , the addition of diuresis during ESWL was associated with a lower mean number of ESWL sessions and shocks per stone compared with standard ESWL : 1.38 and 4950 for ESWL with diuresis compared with 2.9 and 8544 for standard ESWL respectively .",outcomes,0,0,8
12201937,The stone fragmentation and 3-month clearance ( success ) rates were clearly higher : 93.8 % and 87.5 % respectively for ESWL with diuresis compared with 70.6 % ( for both fragmentation and clearance ) with standard ESWL .,outcomes,0,0,8
12201937,"CONCLUSIONS Diuresis is a useful , inexpensive and safe adjunct to ESWL of ureteric stones .",none,0,0,0
12201937,It markedly improves the results of ESWL treatment of distal ureteric stones compared with standard ESWL .,none,0,0,0
12202662,Randomized comparative study of tegafur/uracil and oral leucovorin versus parenteral fluorouracil and leucovorin in patients with previously untreated metastatic colorectal cancer .,interventions,3,9,0
12202662,PURPOSE This phase III study compared the time to progression ( TTP ) of an oral regimen of dihydropyrimidine dehydrogenase inhibitory fluoropyrimidine composed of a fixed combination of tegafur and uracil in a 1:4 molar ratio ( UFT ) and leucovorin ( LV ) to intravenous ( IV ) fluorouracil ( 5-FU ) and LV in previously untreated metastatic colorectal carcinoma ( CRC ) patients .,interventions,10,15,6
12202662,"Secondary end points were survival , tumor response , safety , and quality of life .",outcomes,0,0,7
12202662,"PATIENTS AND METHODS Between May 1996 and July 1997 , 380 patients were randomized to receive either UFT ( 300 mg/m ( 2 ) /d ) and LV ( 90 mg/d ) , administered for 28 days every 35 days , or 5-FU ( 425 mg/m ( 2 ) /d ) and LV ( 20 mg/m ( 2 ) /d ) , given IV for 5 days every 35 days .",interventions,2,4,0
12202662,RESULTS No statistically significant difference in TTP was observed between treatments .,outcomes,0,0,1
12202662,"With 320 events assessed , the median TTP was 3.4 months ( 95 % Confidence interval [ CI ] , 2.6 to 3.8 ) on UFT/LV and 3.3 months ( 95 % CI , 2.5 to 3.7 ) on 5-FU/LV ( P =.591 , stratified log-rank test ) .",outcomes,0,0,1
12202662,"There were no statistically significant differences in survival , tumor response , duration of response , and time to response .",outcomes,0,0,9
12202662,Substantial safety benefits were observed in patients treated with UFT/LV .,outcomes,0,0,2
12202662,"They experienced significantly less stomatitis/mucositis ( P < .001 ) and myelosuppression , resulting in fewer episodes of febrile neutropenia ( P < .001 ) and less documented infection ( P =.04 ) .",outcomes,0,0,6
12202662,Concomitant medication usage was significantly greater on 5-FU/LV ( P =.010 ) .,none,0,0,0
12202662,"With respect to quality of life , after correcting for baseline imbalances , there were no significant differences between treatments for any scale , except diarrhea .",outcomes,0,0,4
12202662,"CONCLUSION The oral UFT/LV regimen failed to achieve improved TTP ; however , the study confirms significant safety improvements compared with bolus IV 5-FU/LV for the first-line treatment of metastatic CRC .",outcomes,0,0,1
12233894,14 day endoscopy study comparing risedronate and alendronate in postmenopausal women stratified by Helicobacter pylori status .,participants,4,2,0
12233894,OBJECTIVE Bisphosphonates are effective treatment for osteoporosis but have been associated with gastrointestinal ( GI ) mucosal injury .,interventions,0,1,0
12233894,"This study compared the incidence of gastric ulcers after treatment with risedronate , a pyridinyl bisphosphonate , or alendronate , a primary amino bisphosphonate , in healthy postmenopausal women stratified by Helicobacter pylori status .",interventions,5,7,0
12233894,METHODS Subjects were randomized to receive risedronate 5 mg ( n = 318 ) or alendronate 10 mg ( n = 317 ) daily for 14 days .,interventions,0,2,0
12233894,"Endoscopy and evaluator-blind assessments of the esophageal , gastric , and duodenal mucosa were performed at baseline and on Days 8 and 15 .",interventions,0,1,0
12233894,"RESULTS Overall , gastric ulcers > or = 3 mm were observed in 18 ( 6.0 % ) of 300 evaluable subjects in the risedronate group and 36 ( 12.1 % ) of 297 in the alendronate group during treatment ( p = 0.013 ) .",outcomes,0,1,2
12233894,"On Day 8 , the incidences of gastric ulcers in the risedronate and alendronate groups were 3.6 % and 6.6 % , respectively ( p = 0.133 ) , and on Day 15 , they were 3.3 % and 8.7 % ( p = 0.008 ) .",outcomes,0,2,4
12233894,The incidence of gastric ulcers was not affected by H. pylori status .,outcomes,0,0,4
12233894,Mean gastric endoscopy scores at Days 8 and 15 were significantly lower in the risedronate group than in the alendronate group ( p < 0.001 ) .,outcomes,0,2,4
12233894,Mean esophageal and duodenal endoscopy scores were similar in the 2 groups at Days 8 and 15 .,outcomes,0,0,6
12233894,"When the treatment groups were combined , gastric endoscopy scores were significantly higher among H. pylori negative than H. pylori positive subjects at Days 8 and 15 ( p < 0.05 ) .",outcomes,0,0,3
12233894,Upper GI adverse events were reported by 18 ( 5.7 % ) subjects in the risedronate group ( 19 events ) and 28 ( 8.8 % ) subjects in the alendronate group ( 32 events ) .,outcomes,0,2,4
12233894,Symptoms did not predict the presence of mucosal damage .,none,0,0,0
12233894,CONCLUSION Risedronate was associated with a significantly lower incidence of gastric ulcers than alendronate .,interventions,0,2,0
12233894,H. pylori infection did not increase the incidence of bisphosphonate related gastric ulcers .,none,0,0,0
12233894,The findings from this 14 day study in healthy volunteers support the hypothesis that bisphosphonates may differ from one another in their potential to produce upper GI mucosal damage .,none,0,0,0
12233987,"Multimodal evaluation of risperidone for destructive behavior : functional analysis , direct observations , rating scales , and psychiatric impressions .",outcomes,0,1,13
12233987,"Risperidone , an atypical neuroleptic , has become a popular option for treating destructive behaviors of persons with developmental disabilities .",participants,2,1,0
12233987,"A few studies have been conducted that evaluate the effects of risperidone on destructive behavior ; however , none of these studies have combined objective measures with rating scales to evaluate the effects of risperidone on destructive behavior across home and clinical settings .",interventions,0,2,0
12233987,"This study evaluated the wide range of effects of risperidone on destructive behavior of 2 persons with developmental disabilities using weekly functional analysis sessions , daily observations , hourly home data , weekly rating scales , and monthly psychiatric impressions .",outcomes,3,1,20
12233987,"Results indicate that risperidone does decrease destructive behavior and that , for the most part , all of the various measures yielded similar results .",outcomes,0,0,2
12233993,Examining possible gender differences among cocaine-dependent outpatients .,participants,1,0,0
12233993,"Potential differences in sociodemographics , drug use , and measures of treatment outcome were examined among 137 male and 51 female cocaine-dependent outpatients .",participants,5,0,0
12233993,"More women than men were unemployed , received public assistance , and were living with their children .",participants,2,0,0
12233993,"Women reported fewer years of regular cocaine use , spending less money per week on cocaine , less prior treatment for cocaine abuse , and were more likely than men to test positive for cocaine at intake .",none,0,0,0
12233993,"With respect to other drug use , fewer women than men reported using sedatives and tested positive for sedatives at intake .",outcomes,0,0,6
12233993,"Women reported a lower frequency of alcohol use before intake , and fewer women than men met criteria for cannabis dependence .",outcomes,0,0,6
12233993,Men and women experienced comparable improvement during the course of treatment and follow-up .,none,0,0,0
12236273,Boosting uptake of influenza immunisation : a randomised controlled trial of telephone appointing in general practice .,none,0,0,0
12236273,BACKGROUND Immunisation against influenza is an effective intervention that reduces serologically confirmed cases by between 60 % and 70 % .,none,0,0,0
12236273,Almost all influenza immunisation in the UK is done within general practice .,none,0,0,0
12236273,Current evidence on the effectiveness of patient reminders for all types of immunisation programmes is largely based on North American studies .,none,0,0,0
12236273,AIM To determine whether telephone appointments offered bygeneral practice receptionists increase the uptake of irfluenza immunisation among the registered population aged over 65 years in east London practices .,outcomes,3,2,4
12236273,DESIGN OF STUDY Randomised controlled trial .,none,0,0,0
12236273,SETTING Three research general practices within the East London and Essex network of researchers ( ELENoR ) .,none,0,0,0
12236273,"METHOD Participants were 1,820 low-risk patients aged 65 to 74 years who had not previously been in a recall system for influenza immunisation at their general practice .",participants,14,0,0
12236273,"The intervention , during October 2000 , was a telephone call from the practice receptionist to intervention group households , offering an appointment for influenza immunisation at a nurse-run .",interventions,0,6,0
12236273,"clinic Main outcome measures were the numbers of individuals in each group receiving immunisation , and practice costs of a telephone-appointing programme .",outcomes,0,0,14
12236273,"RESULTS intention to treat analysis showed an immunisation rate in the control group of 44 % , compared with 50 % in the intervention group ( odds ratio = 1.29 , 95 % confidence interval = 1.03 to 1.63 ) .",outcomes,0,1,2
12236273,"Of the patients making a telephone appointment , 88 % recieved immunisation , while 22 % of those not wanting an appointment went on to be immunised .",interventions,0,2,1
12236273,"In the controlgroup , income generated was 11.35 pounds per immunisation , for each additional immunisation in the intervention group the income was 5.20 pounds .",outcomes,0,1,2
12236273,The 'number needed to telephone ' was 17 .,outcomes,0,0,4
12236273,CONCLUSION Uptake of influenza immunisation among the low-risk older population in inner-city areas can be boosted by around 6 % using a simple intervention by receptionists .,participants,2,0,0
12236273,Immunisation rates in this low-risk group fell well short of the 60 % government target .,outcomes,0,0,2
12236273,Improving immunisation rates will require a sustained public health campaign .,outcomes,0,0,2
12236273,Retaining the item-of-service payments to practices should support costs of practice-based interventions .,none,0,0,0
12237625,Hysteroscopic transcervical endometrial resection versus thermal destruction for menorrhagia : a prospective randomized trial on satisfaction rate .,interventions,0,6,0
12237625,OBJECTIVE The purpose of this study was to compare the satisfaction rate and the effectiveness of transcervical hysteroscopic endometrial resection and thermal destruction of the endometrium in the treatment of menorrhagia .,interventions,1,6,3
12237625,STUDY DESIGN A prospective randomized trial with 2 years of follow-up was carried out in the Department of Gynecology of the University of Naples .,none,0,0,0
12237625,Eighty-two patients who were affected by menorrhagia that was unresponsive to medical treatment were respectively randomized to transcervical hysteroscopic endometrial resection or to thermal destruction of the endometrium .,interventions,4,9,0
12237625,"Satisfaction rate , operative time , discharge time , complication rate , reintervention rate , and resumption of normal activity were evaluated in each group .",outcomes,0,0,14
12237625,RESULTS The satisfaction rate was significantly higher in the thermal destruction group .,interventions,0,2,2
12237625,Operative time was significantly shorter in the thermal destruction group ( 24 +/- 4 minutes vs 37 +/- 6 minutes ) .,outcomes,0,0,2
12237625,Intraoperative blood loss was significantly lower in the thermal destruction group ( 7.2 +/- 2.8 mL vs 89 +/- 38 mL ) .,outcomes,0,0,3
12237625,"Reintervention rates were higher in the transcervical hysteroscopic endometrial resection group , although postoperative pain was not significantly different between the two groups .",interventions,0,4,2
12237625,"Discharge time , complication rate , and resumption of normal activity were not significantly different between the two groups .",outcomes,0,0,8
12237625,"CONCLUSION Thermal destruction of the endometrium for the treatment of menorrhagia should be considered an effective therapeutic option because of its acceptability among patients , shorter operative time , and lower blood loss .",outcomes,0,5,7
12238830,Combination of sotalol and magnesium prevents atrial fibrillation after coronary artery bypass grafting .,interventions,0,2,0
12238830,BACKGROUND Atrial fibrillation ( AF ) is a common complication reported in 20 % to 40 % of patients after coronary operations .,participants,3,0,0
12238830,Sotalol alone and magnesium alone have been shown to partially decrease the incidence of AF .,interventions,0,4,0
12238830,"The goal of this study was to evaluate the efficacy of these two pharmacological agents , used alone or in combination , to reduce postoperative AF .",interventions,0,4,3
12238830,"METHODS Two hundred seven consecutive coronary artery bypass patients ( mean age 62 +/- 11 years ) were randomized to receive sotalol alone ( 80 mg twice daily for 5 days starting from the morning of the first postoperative day ) ( group S ) , magnesium alone ( 1.5 g daily for 6 days starting in the operating room just before cardiopulmonary bypass ) ( group M ) , both pharmacologic agents at the same dosages ( group S+M ) , or no antiarrhythmic agents ( group CTR ) .",interventions,3,15,0
12238830,All patients with an ejection fraction less than 0.40 were excluded .,none,0,0,0
12238830,"RESULTS The incidence of postoperative AF was 11.8 % ( 6/51 ) in the S group , 14.8 % ( 8/54 ) in the M group , 1.9 % ( 1/52 ) in the S+M group , and 38 % ( 19/50 ) in the CTR group .",outcomes,0,0,4
12238830,"The following differences were significant : group CTR versus groups S , M , and S+M with values of p = 0.002 , p = 0.007 and p < 0.0001 , respectively ; and group S+M versus groups S and M with p = 0.04 and p = 0.01 , respectively .",none,0,0,0
12238830,"CONCLUSIONS Incidence of AF after coronary operation was significantly reduced by the administration of sotalol alone and magnesium alone ; more importantly , the incidence was further reduced by combining these agents .",outcomes,0,2,3
12239448,Stepwise hook extension technique for radiofrequency ablation therapy of hepatocellular carcinoma .,interventions,2,4,0
12239448,OBJECTIVE Our study was designed to examine the efficacy of stepwise hook extension technique for radiofrequency ablation ( RFA ) therapy of hepatocellular carcinoma in a randomized controlled study .,interventions,2,11,0
12239448,METHOD Twenty patients with hepatocellular carcinoma measuring < 25 mm were divided randomly into two equal groups .,participants,7,0,0
12239448,"RFA was applied using our new stepwise hook extension technique in patients of group 1 , and the full extension method in group 2 .",interventions,0,8,0
12239448,"The 10-hook electrode of LeVeen needle was deployed in four steps to full extension during ablation in group 1 , and full extension at start of treatment in group 2 .",interventions,0,5,0
12239448,"RESULTS Roll-off was achieved in all 10 patients of group 1 , indicative of sufficient tumor coagulation , but only in 3 of 10 patients of group 2 .",outcomes,0,0,1
12239448,"The median time to completion of treatment was 6 min and 55 s ( range 3 min to 14 min and 3 s ) and 15 min ( 6-15 min ) , respectively .",outcomes,0,0,6
12239448,"The total power output used for RF was lower in group 1 than in group 2 ( median 271 vs. 1,045 W.m ) .",outcomes,0,0,3
12239448,"The diameters of RFA-induced lesions were not significantly different between the groups ( group 1 : 27 , range 23-37 mm ; group 2 : 23 , 0-42 mm ) .",outcomes,0,0,4
12239448,CONCLUSIONS Application of RFA using stepwise hook extension technique is superior to the full extension method since it produces the same therapeutic effects within a short period using a lower energy .,outcomes,0,0,3
12239480,Clinical evaluation of two adhesive composite cements for the suppression of dentinal cold sensitivity .,outcomes,4,2,6
12239480,STATEMENT OF PROBLEMS Postoperative cold sensitivity after the cementation of indirect restorations with composite cements has been reported frequently but not scientifically documented .,participants,12,0,0
12239480,PURPOSE This controlled clinical study was designed to simulate the dentin/composite cement interface immediately after cementation of a cast restoration .,none,0,0,0
12239480,"The desensitizing capabilities of a composite cement that contains a self-etching , dual-polymerizing resin adhesive system were compared with those of a composite cement that use phosphoric acid etching followed by a single-bottle , light-activated primer/resin-based adhesive .",interventions,0,2,0
12239480,"MATERIAL AND METHODS The hypersensitive root surfaces of selected teeth were randomized to receive 1 of 3 treatments : coating with a self-etching adhesive ( Linkmax ) and its respective cement , coating with a conventionally etched adhesive ( RelyX ARC ) and its cement , or no treatment ( negative control ) .",interventions,0,29,0
12239480,The sample size was 22 .,participants,4,0,0
12239480,Dentin sensitivity was ascertained with an accurate cold testing device that slowly decreased in temperature .,outcomes,0,0,2
12239480,Tooth sensitivity was measured both immediately and at 7 days after placement .,none,0,0,0
12239480,Two-way analysis of variance and Fisher 's least significant difference test ( P < .05 ) were used to determine whether significant differences existed as a function of treatment type or time .,none,0,0,0
12239480,"RESULTS Immediately after placement , the self-etching adhesive and its respective cement resulted in more suppression of cold sensitivity than no treatment ( control ) ; with Linkmax treatment , the temperature at which teeth responded was reduced by 8.4 degrees C. The conventionally etched adhesive and its cement reduced the temperature at which teeth responded by 9.4 degrees C. After 1 week , these temperature reductions were 7.0 degrees C and 4.3 degrees C , respectively .",interventions,0,11,11
12239480,Untreated controls at the 2 intervals showed a mean decrease in sensitivity to cold of 3.6 degrees C and 4.1 degrees C. Statistical analysis showed type of composite cement to be a significant factor .,outcomes,0,0,5
12239480,"CONCLUSION Within the limitations of this study and in comparison to untreated control teeth , Linkmax treatment resulted in a significant reduction in tooth root sensitivity over 1 week ( P=.02 ) , whereas RelyX ARC did not ( P=.066 ) .",outcomes,0,2,3
12241650,Laser treatment of childhood haemangioma : progress or not ?,none,0,0,0
12241713,Therapeutic angiogenesis for patients with limb ischaemia by autologous transplantation of bone-marrow cells : a pilot study and a randomised controlled trial .,interventions,0,6,2
12241713,"BACKGROUND Preclinical studies have established that implantation of bone marrow-mononuclear cells , including endothelial progenitor cells , into ischaemic limbs increases collateral vessel formation .",outcomes,0,0,3
12241713,We investigated efficacy and safety of autologous implantation of bone marrow-mononuclear cells in patients with ischaemic limbs because of peripheral arterial disease .,interventions,0,6,3
12241713,"METHODS We first did a pilot study , in which 25 patients ( group A ) with unilateral ischaemia of the leg were injected with bone marrow-mononuclear cells into the gastrocnemius of the ischaemic limb and with saline into the less ischaemic limb .",interventions,0,20,0
12241713,"We then recruited 22 patients ( group B ) with bilateral leg ischaemia , who were randomly injected with bone marrow-mononuclear cells in one leg and peripheral blood-mononuclear cells in the other as a control .",interventions,0,18,0
12241713,"Primary outcomes were safety and feasibility of treatment , based on ankle-brachial index ( ABI ) and rest pain , and analysis was per protocol .",outcomes,0,0,12
12241713,FINDINGS Two patients were excluded from group B after randomisation .,none,0,0,0
12241713,"At 4 weeks in group B patients , ABI was significantly improved in legs injected with bone marrow-mononuclear cells compared with those injected with peripheral blood-mononuclear cells ( difference 0.09 [ 95 % CI 0.06-0.11 ] ; p < 0.0001 ) .",interventions,0,6,1
12241713,"Similar improvements were seen for transcutaneous oxygen pressure ( 13 [ 9-17 ] ; p < 0.0001 ) , rest pain ( -0.85 [ -1.6 to -0.12 ] ; p=0.025 ) , and pain-free walking time ( 1.2 [ 0.7-1.7 ] ; p=0.0001 ) .",outcomes,0,0,8
12241713,These improvements were sustained at 24 weeks .,none,0,0,0
12241713,Similar improvements were seen in group A patients .,none,0,0,0
12241713,Two patients in group A died after myocardial infarction unrelated to treatment .,outcomes,0,0,4
12241713,"INTERPRETATION Autologous implantation of bone marrow-mononuclear cells could be safe and effective for achievement of therapeutic angiogenesis , because of the natural ability of marrow cells to supply endothelial progenitor cells and to secrete various angiogenic factors or cytokines .",interventions,0,6,5
12243889,Treatment of canine parvoviral enteritis with interferon-omega in a placebo-controlled challenge trial .,participants,1,1,0
12243889,"Canine parvoviral enteritis continues to cause significant morbidity and mortality in dogs worldwide , and efficacious antiviral therapies are lacking .",participants,4,2,0
12243889,The present trial was aimed at evaluating the therapeutic efficacy of a recombinant feline interferon ( type omega ) preparation in the treatment of parvoviral enteritis in dogs .,interventions,4,7,0
12243889,"A double-blind , placebo-controlled challenge trial was performed in beagle pups ( 8-9 weeks ) ; clinical signs , body weight , hematologic parameters , and mortality were monitored for a period of 14 days after challenge .",participants,3,0,0
12243889,Fourteen animals were inoculated with virulent canine parvovirus ; 10 animals that developed clinical signs thereby meeting the inclusion criteria were admitted to the treatment phase in two randomly selected groups ( placebo and IFN ) of equal size .,interventions,5,7,0
12243889,The IFN group received daily intravenous injections of rFeIFN-omega ( 2.5 MU/kg ) for three consecutive days .,interventions,0,1,0
12243889,The placebo group received daily injections of saline without IFN .,interventions,0,2,0
12243889,Both groups of animals received individual supportive treatment consisting of adjusted diet and electrolyte solution .,none,0,0,0
12243889,All five dogs in the placebo group developed fulminating enteritis with typical clinical signs and died within 10 days post-inoculation ( or 6 days post-treatment ) .,outcomes,0,0,7
12243889,"In the IFN-treated group , one animal died on day 2 after the treatment was started , whereas the other four dogs survived the challenge and gradually recovered .",outcomes,0,0,3
12243889,Our data confirm that the rFeIFN-omega can exert a significant therapeutic effect on dogs with parvoviral enteritis by improving clinical signs and reducing mortality .,participants,3,1,0
12270325,Effect of mycophenolate mofetil on the prevention of acute renal allograft rejection .,outcomes,5,2,7
12271298,Efficacy of erbium : yttrium-aluminum-garnet laser-assisted delivery of topical anesthetic .,interventions,0,5,1
12271298,BACKGROUND Penetration through the stratum corneum limits effectiveness of topical anesthetics .,none,0,0,0
12271298,OBJECTIVE Our aim was to evaluate the effectiveness of 5 % lidocaine ( ELA-Max ) cream applied after erbium : yttrium-aluminum-garnet ( Er : YAG ) laser ablation of the stratum corneum .,interventions,0,17,0
12271298,"METHODS Randomized , controlled , split-face comparison of anesthesia was performed on 12 volunteers .",participants,3,0,0
12271298,"The stratum corneum was painlessly ablated with a low-fluence Er : YAG laser on half of the face , then the whole face was covered with ELA-Max cream for 60 minutes .",interventions,0,5,0
12271298,"Full-face laser resurfacing was performed , and visual analog pain scores ( 0 to 10 ) were recorded during each of 2 passes .",outcomes,0,0,9
12271298,RESULTS Laser-assisted topical anesthesia demonstrated significantly lower mean pain scores than topical anesthesia alone .,outcomes,0,0,3
12271298,This was more pronounced during the more painful second pass .,none,0,0,0
12271298,Resurfacing after laser-assisted topical anesthesia was well tolerated by 72 % of subjects in pass 1 and 58 % in pass 2 .,outcomes,0,0,1
12271298,"CONCLUSION Laser-assisted topical anesthesia is fast , painless , and substantially more effective than conventional topical anesthesia but does not provide adequate anesthesia for full-face resurfacing in all subjects .",interventions,0,3,0
12356338,Acute cardiac effects of nicotine in healthy young adults .,interventions,0,1,0
12356338,BACKGROUND Nicotine is known to have many physiologic effects .,none,0,0,0
12356338,The influence of nicotine delivered in chewing gum upon cardiac hemodynamics and conduction has not been well-characterized .,interventions,0,1,0
12356338,"METHODS We studied the effects of nicotine in nonsmoking adults ( 6 male , 5 female ; ages 23-36 years ) using a double-blind , randomized , cross-over study .",interventions,0,1,0
12356338,Subjects chewed nicotine gum ( 4 mg ) or placebo .,interventions,0,7,0
12356338,"After 20 minutes ( approximate time to peak nicotine levels ) , echocardiograms and signal-averaged electrocardiograms ( SAECG ) were obtained .",interventions,0,4,0
12356338,"After 40 minutes , subjects were again given nicotine gum or placebo in cross-over fashion .",interventions,0,3,0
12356338,Standard echocardiographic measurements were made from two-dimensional images .,none,0,0,0
12356338,"We then calculated end-systolic wall stress ( ESWS ) , shortening fraction ( SF ) , systemic vascular resistance ( SVR ) , velocity for circumferential fiber shortening corrected for heart rate ( Vcfc ) , stroke volume , and cardiac output .",outcomes,0,0,40
12356338,P wave and QRS duration were measured from SAECG .,outcomes,0,0,5
12356338,"RESULTS Significant differences ( P < 0.05 ) from control or placebo were found for ESWS , mean blood pressure , cardiac output , SVR , heart rate , and P wave duration .",outcomes,0,0,11
12356338,"No significant changes were seen in left ventricular ejection time ( LVET ) , LV dimensions , SF , contractility ( Vcfc ) , or QRS duration .",outcomes,0,0,17
12356338,CONCLUSIONS These results suggest that nicotine chewing gum increases afterload and cardiac output .,outcomes,0,0,5
12356338,Cardiac contractility does not change acutely in response to nicotine gum .,outcomes,0,0,2
12356338,Heart rate and P wave duration are increased by chewing nicotine gum .,outcomes,0,0,5
12356631,7-hexanoyltaxol-eluting stent for prevention of neointimal growth : an intravascular ultrasound analysis from the Study to COmpare REstenosis rate between QueST and QuaDS-QP2 ( SCORE ) .,interventions,0,2,0
12356631,BACKGROUND Inhibition of neointimal tissue growth has been demonstrated in preliminary human feasibility studies with a stent-based polymer sleeve delivering 7-hexanoyltaxol .,interventions,0,4,0
12356631,"The Study to COmpare REstenosis rate between QueST and QuaDS-QP2 ( SCORE ) trial is a human , randomized , multicenter trial comparing 7-hexanoyltaxol ( QP2 ) -eluting stents ( qDES ) with bare metal stents ( BMS ) in the treatment of de novo coronary lesions .",interventions,6,16,0
12356631,The purpose of this substudy was to evaluate the acute expansion property and long-term neointimal responses of qDES compared with BMS as assessed by intravascular ultrasound ( IVUS ) .,outcomes,0,2,6
12356631,"METHODS AND RESULTS A total of 122 ( qDES 66 , BMS 56 ) patients were enrolled into the IVUS substudy .",participants,5,0,0
12356631,All IVUS images ( immediately after the procedure and at 6-month follow-up ) were analyzed at an independent core laboratory in a blind manner .,none,0,0,0
12356631,"At baseline , qDES achieved stent expansion similar to BMS .",outcomes,0,1,2
12356631,"At follow-up , qDES showed reduced neointimal growth by 70 % at the tightest cross section and by 68 % over the stented segment ( P < 0.0001 for both ) , resulting in a significantly larger lumen in qDES than in BMS .",outcomes,0,1,2
12356631,"Unlike intracoronary brachytherapy , there was no evidence of negative edge effects , unhealed dissections , or late stent-vessel wall malapposition over the stented and adjacent references segments in either group .",outcomes,0,0,9
12356631,CONCLUSIONS Detailed IVUS analysis revealed that qDES had comparable acute mechanical and superior long-term biological effects to BMS .,interventions,0,2,0
12356631,"Although the long-term benefits and limitations of this technology require further investigation , the reduction in neointimal thickenings demonstrated that local delivery of 7-hexanoyltaxol through polymer sleeves augments conventional mechanical treatment of atherosclerotic disease .",participants,2,1,0
12358251,"Tegaserod , a 5-hydroxytryptamine type 4 receptor partial agonist , is devoid of electrocardiographic effects .",interventions,0,9,2
12358251,"OBJECTIVES Certain GI prokinetic agents have been shown to affect cardiac repolarization , which may be associated with life-threatening arrhythmias .",interventions,0,3,0
12358251,The selective 5-hydroxytryptamine type 4 receptor partial agonist tegaserod is a novel promotile agent developed for the treatment of functional motility disorders such as irritable bowel syndrome ( IBS ) .,interventions,0,8,0
12358251,The aim of the study was to investigate the cardiac safety profile of tegaserod through analysis of electrocardiographic data from clinical studies conducted in patients with IBS and a study conducted in healthy male subjects .,participants,3,1,3
12358251,"METHODS In three randomized , double blind , placebo-controlled , parallel group clinical studies , 2516 IBS patients with symptoms of abdominal pain and constipation received tegaserod 2 or 6 mg b.i.d .",participants,5,1,0
12358251,( n = 1679 ) or placebo ( n = 837 ) for 12 wk .,interventions,0,1,0
12358251,"In an additional study , 36 healthy male subjects received iv .",participants,3,0,0
12358251,single doses of tegaserod ( 0.8 mg to 20 mg ) or placebo .,interventions,0,2,0
12358251,Standard 12-lead electrocardiograms were recorded at baseline and during treatment .,none,0,0,0
12358251,Baseline values were compared with data collected during the treatment period .,none,0,0,0
12358251,"RESULTS The proportion of patients with prolongation of the QTc interval was the same for placebo and tegaserod , as was the frequency of overall electrocardiographic abnormalities .",outcomes,0,0,10
12358251,No ventricular or supraventricular tachycardia was observed .,outcomes,0,0,4
12358251,Comparable electrocardiographic results were obtained during placebo and tegaserod treatment .,outcomes,0,0,2
12358251,"In healthy volunteers , tegaserod at i.v .",participants,2,0,0
12358251,doses resulting in plasma concentrations up to 100 times those measured after therapeutic doses ( 6 mg b.i.d .,outcomes,0,0,2
12358251,) did not influence electrocardiographic parameters .,none,0,0,0
12358251,CONCLUSIONS Tegaserod is devoid of electrocardiographic effects and is not expected to adversely influence cardiac function .,outcomes,0,0,4
12358251,These data confirm preclinical findings .,none,0,0,0
12358871,Multifaceted support to improve clinical decision making in diabetes care : a randomized controlled trial in general practice .,interventions,0,2,0
12358871,AIMS To evaluate the effectiveness of a multifaceted intervention to improve the clinical decision making of general practitioners ( GPs ) for patients with diabetes .,participants,9,2,0
12358871,To identify practice characteristics which predict success .,none,0,0,0
12358871,METHODS Cluster randomized controlled trial with 124 practices and 185 GPs in The Netherlands .,participants,3,0,0
12358871,The intervention group received feedback reports and support from a facilitator ; the control group received no special attention .,interventions,0,10,0
12358871,"Outcome measures were the compliance rates with evidence-based recommendations pertaining to discussion of body weight control , discussion of problems with medication , blood pressure measurement , foot examination , eye examination , initiating anti-diabetic medication or increasing the dosage in cases of uncontrolled blood glucose , and scheduling a follow-up appointment .",none,0,0,0
12358871,RESULTS The GPs reported on their clinical decision making in 1410 consultations with Type 2 diabetic patients at baseline and 1449 consultations after the intervention period .,participants,5,0,0
12358871,The intervention resulted in statistically significant improvement for two of the seven outcome measures : foot examination ( odds ratio 1.68 ; 95 % confidence interval 1.19-2.39 ) and eye examination ( 1.52 ; 1.07-2.16 ) .,none,0,0,0
12358871,Discussion of problems with medication showed a near significant trend towards increased benefit for the intervention group ( 1.52 ; 0.99-2.32 ) .,none,0,0,0
12358871,Practice characteristics were not found to be related to the success of the intervention .,none,0,0,0
12358871,CONCLUSIONS Feedback reports with support from facilitators appear to increase rates of foot examination and eye examination in general practice .,none,0,0,0
12358871,Alternative interventions should be explored to improve the pursuit of metabolic control by GPs .,none,0,0,0
12370849,Effect of macronutrient composition of the diet on the regulation of lipolysis in adipose tissue at rest and during exercise : microdialysis study .,outcomes,0,1,6
12370849,"The aim of the present study was to elucidate , using a microdialysis technique , whether modifications in the proportion of fat in the diet influence lipid mobilization from adipose tissue in situ .",interventions,0,4,2
12370849,"Nine healthy volunteers ( age , 23.4 +/- 0.2 years ; body mas index [ BMI ] , 23.5 +/- 1.6 kg/m ( 2 ) ) were fed , in random order , with a high-fat diet ( HFD ) ( 65 % of energy content fat , 15 % protein , 20 % carbohydrate ) or a high-carbohydrate diet ( HCD ) ( 70 % carbohydrate , 15 % protein , 15 % fat ) for 5 days , with a washout period of 10 days between the diets .",interventions,25,56,0
12370849,Subjects were studied in the fasting state on the morning following days 4 and 5 of each diet .,none,0,0,0
12370849,"We measured the concentration of extracellular glycerol ( EGC ) in adipose tissue in response to ( 1 ) pharmacologic stimulation with isoprenaline ( 1 and 10 micromol/L ) in situ , ( 2 ) stimulation with intravenous infusion of epinephrine ( 0.0375 microg/min/kg body weight ) , and ( 3 ) submaximal aerobic exercise ( 50 % V*O2max , 60-minute duration ) .",outcomes,0,4,10
12370849,"No effect of the diet composition was found in the increases of EGC in response to isoprenaline ( area under the curve [ AUC ] : HFD , 1,534 +/- 370 micromol/90 min ; HCD , 1,108 +/- 465 micromol/90 min ; not significant [ NS ] ) or epinephrine stimulations ( AUC : HFD , 190 +/- 92 micromol/30 min ; HCD , 251 +/- 298 micromol/30 min ; NS ) .",outcomes,0,0,7
12370849,"The exercise-induced increase in EGC was higher during the HFD ( AUC : HFD , 1,641 +/- 181 micromol/60 min ; HCD , 963 +/- 156 micromol/60 min ; P < .05 ) and was associated with a higher exercise-induced response of norepinephrine ( P < .05 ) and epinephrine ( P =.056 ) and lower insulinemia during exercise .",outcomes,0,0,10
12370849,The results suggest that macronutrient composition of diet does not affect the beta-adrenergic responsiveness of adipose tissue to catecholamine action at rest .,outcomes,0,0,5
12370849,"During exercise , the HFD promotes higher lipolysis in adipose tissue and this is associated with a higher catecholamine response and lower insulinemia .",interventions,0,1,0
12375315,Combination therapy with methotrexate and hydroxychloroquine for rheumatoid arthritis increases exposure to methotrexate .,interventions,2,3,0
12375315,"OBJECTIVE To examine the bioavailability of methotrexate ( MTX ) in the presence of hydroxychloroquine ( HCQ ) , and vice versa , to determine a possible pharmacokinetic explanation for the observation that combination treatment of rheumatoid arthritis with MTX and HCQ has been shown , clinically , to be more potent than MTX used alone .",interventions,0,11,0
12375315,"METHODS In a randomized crossover study , 10 healthy subjects received , on each of 5 dosing occasions , MTX alone as tablets or intravenous solution , HCQ alone as a tablet or oral solution , or a coadministered dose of MTX tablets with an HCQ tablet .",interventions,2,4,0
12375315,"The area under the concentration-time curve ( AUC ) was determined for each subject , on each dosing occasion , for each compound .",outcomes,0,0,5
12375315,"RESULTS The mean AUC for MTX was increased ( p = 0.005 ) and the maximum MTX concentration ( Cmax ) decreased ( p = 0.025 ) when MTX was coadministered with HCQ , compared to MTX administered alone .",outcomes,0,5,10
12375315,"The time to reach Cmax for MTX administration , tmax , was also increased during the coadministration with HCQ ( p = 0.072 ) .",outcomes,0,1,9
12375315,The AUC of HCQ showed no significant difference ( p = 0.957 ) between any of the dosing occasions .,interventions,0,1,0
12375315,CONCLUSION These results may explain the increased potency of the MTX-HCQ combination over MTX as a single agent and also the sustained effects of MTX when administered with HCQ .,interventions,0,4,0
12375315,"In addition , the reduced Cmax of MTX observed during the coadministration may explain diminution of acute liver adverse effects .",interventions,0,1,0
12375315,"Extra vigilance for MTX adverse effects during combination therapy with HCQ is recommended , especially if renal function is known to be decreased .",interventions,0,2,0
12377836,Home sleep studies in the assessment of sleep apnea/hypopnea syndrome .,participants,4,3,3
12377836,"OBJECTIVE To determine the clinical utility of a limited sleep-recording device used unsupervised in the patient 's home , compared with in-laboratory , fully supervised polysomnography for the diagnosis of sleep apnea/hypopnea syndrome ( SAHS ) , and to assess its impact on costs .",outcomes,6,0,7
12377836,DESIGN Prospective case study .,none,0,0,0
12377836,SETTING The sleep-disorders unit of a tertiary referral university hospital .,none,0,0,0
12377836,PATIENTS Fifty-five patients suspected of having SAHS and living within 30 km of our laboratory .,participants,2,0,0
12377836,METHODS Patients were studied first in their homes with the limited sleep-recording device .,interventions,0,4,0
12377836,Polysomnography was performed within 30 days of the first study .,interventions,0,1,0
12377836,Both studies were read by independent investigators blinded to the results of the other study .,none,0,0,0
12377836,Diagnoses and therapeutic decisions regarding the use of continuous positive airway pressure obtained from the home and laboratory studies were compared .,none,0,0,0
12377836,Agreement between the home and laboratory study recordings was also assessed using receiver operating characteristic ( ROC ) curves and Bland-Altman analysis .,none,0,0,0
12377836,"One half of the home studies were randomly assigned to be performed with a sleep technician 's set up of the equipment in the patient 's home ( group 1 ) , and the other half with the patient 's own setup of the sleep-recording device ( group 2 ) , after an instruction period in the hospital .",none,0,0,0
12377836,"An economic analysis was performed , considering the cost of repeating studies in cases with faulty or inconclusive home studies ( these patients should undergo polysomnography as a second step ) .",none,0,0,0
12377836,"RESULTS Seven percent of the home studies in group 1 , and 33 % in group 2 produced no interpretable data because of artifacts ( p < 0.05 ) .",none,0,0,0
12377836,Sixteen percent of the home study findings were inconclusive .,none,0,0,0
12377836,"The diagnosis obtained from the limited sleep-recording device and polysomnography agreed in 75 % of the interpretable home studies ( 89 % , if inconclusive home studies were excluded ) .",interventions,0,1,0
12377836,"The area under the ROC curve for the home study-derived parameters was between 0.84 and 0.89 , compared with polysomnography .",outcomes,0,0,5
12377836,There was no bias between home and polysomnography studies in the Bland-Altman plot .,none,0,0,0
12377836,"The cost per study of home study recordings was less expensive than that of polysomnography ( 143.86 euros ) , either with ( 93.08 euros ) or without ( 129.97 euros ) intervention of the technician in the patient 's home .",outcomes,0,0,7
12377836,"CONCLUSION Home sleep studies are a viable form of diagnosing SAHS , and are less expensive than polysomnography .",interventions,0,2,1
12377836,"Intervention of a sleep technician in the patient 's home was the least expensive strategy , because of the high percentages of faulty studies with the patient 's own setup of the equipment , when using the limited sleep-recording device .",outcomes,0,0,1
12378396,The lunar stent characteristics and clinical results .,participants,2,2,0
12378396,"One of the frequent long-term complications after stent implantation is restenosis due to the building up of a neointima within the artery , as well as endovascular hyperplasia ( tissue growth ) .",interventions,0,2,0
12378396,The interesting feature of the Lunar stent from Inflow Dynamics is that it is coated with a layer of iridium oxide .,interventions,0,5,0
12378396,The iridium oxide coating is believed to reduce restenosis by decreasing the inflammatory response to the stent via its antioxidant action .,outcomes,0,2,3
12378396,The MOONLIGHT ( Multicenter Objective ObservatioNal Lunar Iridiumoxide intimal GrowtH Trial ) study was carried out to evaluate the immediate outcome and long-term angiographic success after implantation of Lunar stents .,interventions,0,6,0
12378396,"Between March 2001 and November 2001 , 87 patients with 99 lesions were enrolled in this study and were treated with 12 and 16 mm long iridium-oxide coated Lunar stents .",interventions,2,4,0
12378396,Delivery of the Lunar stent was successful in most lesions and the optimal radiopacity facilitated optimal stent positioning with optimal immediate clinical and angiographic results is an unselected patient and lesion population .,interventions,0,2,2
12378396,Preliminary clinical and angiographic follow-up show a low rate of cardiac events at 6 months ( 16.1 % MACE ) and a moderate hyperplastic response .,outcomes,0,0,6
12384805,Randomized trial of adoptive transfer of melanoma tumor-infiltrating lymphocytes as adjuvant therapy for stage III melanoma .,participants,3,2,0
12384805,The aim of this study was to demonstrate the interest of using tumor-infiltrating lymphocytes ( TIL ) as adjuvant therapy for stage III ( regional lymph nodes ) melanoma .,participants,8,5,0
12384805,"After lymph node excision , patients without any detectable metastases were randomly assigned to receive either TIL plus interleukin-2 ( IL-2 ) for 2 months , or IL-2 only .",interventions,1,7,0
12384805,The primary endpoint was determination of the duration of the relapse-free interval .,outcomes,0,0,5
12384805,Eighty-eight patients determined as eligible for treatment were enrolled in the study .,participants,1,0,0
12384805,"After a median follow-up of 46.9 months , for the study population the analysis did not show a significant extension of the relapse-free interval or overall survival .",outcomes,0,0,4
12384805,"However , a significant interaction ( P < 0.001 ) was found between the treatment and the number of invaded lymph nodes .",outcomes,0,0,5
12384805,"In the group with only one invaded lymph node , the estimated relapse rate was significantly lower ( P ( adjusted ) =0.0285 ) and the overall survival was increased ( P ( adjusted ) =0.039 ) in the TIL+IL-2 arm compared with the IL-2 only arm .",outcomes,0,2,5
12384805,"No differences between the two arms , either as regards the duration of disease-free survival or overall survival , were noted in the group with more than one invaded lymph node whatever the number of invaded lymph nodes .",outcomes,0,0,6
12384805,Treatment was compatible with normal daily activity .,none,0,0,0
12384805,"This study demonstrates for the first time that the efficiency of TIL in stage III melanoma ( AJCC ) is directly related to the number of invaded lymph nodes , indicating that tumor burden might be a crucial factor in the efficacy and/or in vitro expansion of T cells specific for autologous tumor antigen , a finding which could be of value in future vaccine development for the treatment of melanoma .",interventions,0,1,0
12394700,"Transurethral prostate resection and bleeding : a randomized , placebo controlled trial of role of finasteride for decreasing operative blood loss .",interventions,3,5,0
12394700,PURPOSE Bleeding associated with transurethral prostate resection can often be significant and lead to increased morbidity and occasionally mortality .,none,0,0,0
12394700,It has been shown that finasteride decreases bleeding in patients with hematuria of prostatic origin .,participants,5,1,0
12394700,We hypothesized that bleeding in patients undergoing transurethral prostate resection could be decreased by giving finasteride for 2 weeks before surgery .,participants,5,1,0
12394700,MATERIALS AND METHODS A total 70 patients scheduled to undergo elective transurethral prostate resection were randomized to receive 5 mg. finasteride daily or placebo for 2 weeks before surgery .,participants,7,6,0
12394700,"Serum hemoglobin was measured before and after surgery , and the following day .",outcomes,0,0,2
12394700,The volume of irrigation fluid used and its hemoglobin concentration as well as resected prostate weight were recorded .,outcomes,0,0,4
12394700,"RESULTS Of the 68 patients who underwent transurethral prostate resection 2 were withdrawn before surgery , and so 32 received finasteride and 36 received placebo .",participants,7,2,1
12394700,There was significantly less mean blood loss in irrigation fluid in the finasteride group than in the control group ( 43.6 versus 69.3 gm .,outcomes,0,1,6
12394700,"hemoglobin , p = 0.011 ) .",none,0,0,0
12394700,The mean difference was more significant when blood loss per gm .,outcomes,0,0,2
12394700,resected prostate was calculated ( 2.65 versus 4.65 gm .,none,0,0,0
12394700,hemoglobin per gm .,none,0,0,0
12394700,"prostate , p < 0.01 ) .",none,0,0,0
12394700,CONCLUSIONS This study shows that finasteride given for 2 weeks preoperatively decreases bleeding in patients undergoing transurethral prostate resection .,participants,5,1,1
12394700,Further study is required to determine the optimal timing and dose duration to minimize blood loss and identify how relevant such a decrease in bleeding is in clinical practice .,outcomes,0,0,2
12396317,"The effects of chloroquine , amodiaquine and chloroquine plus chlorpheniramine on the disposition kinetics of the hepatomegaly associated with acute , uncomplicated , Plasmodium falciparum malaria in children .",interventions,4,6,0
12396317,"The effects of chloroquine ( CQ ) , amodiaquine ( AQ ) and CQ plus chlorpheniramine ( a histamine H ( 1 ) antagonist that reverses CQ resistance in vitro and in vivo ) on the disposition of the enlarged liver associated with acute , symptomatic , uncomplicated , Plasmodium falciparum malaria were evaluated .",interventions,3,12,0
12396317,"The subjects , 131 children aged 0.6-12 years who lived in an endemic area of Nigeria , were randomly allotted to the three treatment groups .",participants,3,0,0
12396317,"The cumulative proportions of the children with complete resolution of their enlarged livers at 48 , 96 , 168 or 336 and 504 h after commencement of treatment were significantly higher in those treated with CQ plus chlorpheniramine ( CQCP ) than in the other two treatment groups ( with P-values of 0.02 , 0.001 , 0.00000 and 0.00002 , respectively ) .",interventions,0,6,6
12396317,"Among those with complete resolution , however , the times to resolution of 50 % ( HR50 ) or 90 % ( HR90 ) of the liver enlargement were similar in all the treatment groups .",none,0,0,0
12396317,Complete resolution of the enlarged liver within 168 h was associated with a sensitive response to each treatment .,outcomes,0,0,6
12396317,"Overall , in children with complete or partial resolution of their enlarged livers , the area produced by plotting liver size against time ( i.e .",outcomes,0,0,12
12396317,"the area under the curve of hepatomegaly v. time , or AUC ( hp ) ) and the half-life of the hepatomegaly ( t ( 1/2hp ) ) were significantly lower in the CQCP group than in the other two groups .",outcomes,0,1,4
12396317,The volume of blood completely cleared of the 'hepatic pathological processes ' which led to the hepatomegaly ( CL ( Bhp ) ) and the fractional reduction of AUC ( hp ) at 48 and 96 h ( i.e .,outcomes,0,0,16
12396317,AUC ( hpFr148 ) and AUC ( hpFr96 ) ) were significantly higher in the CQCP group than in the other treatment groups .,interventions,0,1,0
12396317,"When the children with complete resolution of their liver enlargement were considered separately , t ( 1/2hp ) ( P=0.0008 ) but not AUC ( hp ) was found to be significantly lower , and AUC ( hpFr196 ) ( P=0.01 ) and CL ( Bhl ) ( P=0.002 ) were found to be significantly higher in the CQCP group than in the other groups .",outcomes,0,1,11
12396317,"Among the children with only partial resolution of their enlarged livers , the indices of resolution and the kinetic parameters of disposition were similar in all three groups .",outcomes,0,0,15
12396317,"The data indicate that the addition of chlorpheniramine to chloroquine had a beneficial effect on both the early and late stages of the resolution of the liver enlargement associated with acute , symptomatic , uncomplicated , P. falciparum malaria .",participants,11,2,5
